barcode,brand,category,size
0000010202109,Gabriella,Колготки и чулки,
0000010202126,Gabriella,Колготки и чулки,
0000010202127,Gabriella,Колготки и чулки,
0000010203127,Gabriella,Колготки и чулки,
0000010204126,Gabriella,Колготки и чулки,
0000010402125,Gabriella,Колготки и чулки,
0000010402126,Gabriella,Колготки и чулки,
0000010402211,ESLI,Носки женские,
0000010403122,Gabriella,Колготки и чулки,
0000010404109,Gabriella,Колготки и чулки,
0000010404126,Gabriella,Колготки и чулки,
0000010405109,Gabriella,Колготки и чулки,
0000010405122,Gabriella,Колготки и чулки,
0000010405126,Gabriella,Колготки и чулки,
0000010405127,Gabriella,Колготки и чулки,
0000010502127,Gabriella,Колготки и чулки,
0000010503122,Gabriella,Колготки и чулки,
0000010503127,Gabriella,Колготки и чулки,
0000010504122,Gabriella,Колготки и чулки,
0000010504125,Gabriella,Колготки и чулки,
0000010505122,Gabriella,Колготки и чулки,
0000010505127,Gabriella,Колготки и чулки,
0000030056640,Rexona,"Дезодорант, антиперспирант",40 мл
0000030108387,Maybelline New York,Тушь для ресниц,9.5 мл
0000030144224,Maybelline New York,Тушь для ресниц,10 мл
0000030144552,Maybelline New York,Тушь для ресниц,7.2 мл
0000030144651,Maybelline New York,Блеск для губ,5.4 мл
0000030144941,Maybelline New York,Жидкая помада,4.2 мл
0000030145511,Maybelline New York,Тушь для ресниц,8.7 мл
0000030145535,Maybelline New York,Жидкая помада,4.2 мл
0000030147119,Maybelline New York,Тушь для ресниц,7.2 мл
0000030149649,L'Oreal Paris,Тушь для ресниц,9.9 мл
0000030150058,Maybelline New York,Жидкая помада,4.2 мл
0000030150638,L'Oreal Paris,"Корректор, консилер для лица",11 мл
0000030152229,Maybelline New York,Тушь для ресниц,7.2 мл
0000030152335,Maybelline New York,Блеск для губ,5.4 мл
0000030152434,Maybelline New York,Тушь для ресниц,7.7 мл
0000030152830,Maybelline New York,Тушь для ресниц,7.2 мл
0000030158603,Maybelline New York,Жидкая помада,4.2 мл
0000030158672,L'Oreal Paris,Тушь для ресниц,9.9 мл
0000030158719,Maybelline New York,Блеск для губ,5.4 мл
0000030163836,Maybelline New York,Блеск для губ,5.4 мл
0000030166394,Maybelline New York,Блеск для губ,5.4 мл
0000030166967,Maybelline New York,Тушь для ресниц,7.2 мл
0000030171558,Maybelline New York,"Корректор, консилер для лица",1.5 мл
0000030171565,Maybelline New York,"Корректор, консилер для лица",6.8 мл
0000030171695,Maybelline New York,"Корректор, консилер для лица",6.8 мл
0000030173583,L'Oreal Paris,"Корректор, консилер для лица",11 мл
0000030173590,L'Oreal Paris,"Корректор, консилер для лица",11 мл
0000030173606,L'Oreal Paris,"Корректор, консилер для лица",11 мл
0000030173613,L'Oreal Paris,"Корректор, консилер для лица",11 мл
0000030173620,L'Oreal Paris,"Корректор, консилер для лица",11 мл
0000030176171,Maybelline New York,Тушь для бровей,3.5 мл
0000030189010,L'Oreal Paris,Тушь для ресниц,9.9 мл
0000030189195,Maybelline New York,Тушь для ресниц,
0000030189218,Maybelline New York,Тушь для ресниц,
0000046137777,Rexona,"Дезодорант, антиперспирант",50 мл
0000046149886,Rexona,"Дезодорант, антиперспирант",40 мл
0000046151407,Dove,"Дезодорант, антиперспирант",40 мл
0000046195890,Rexona,"Дезодорант, антиперспирант",40 мл
0000046195906,Rexona,"Дезодорант, антиперспирант",50 мл
0000046197504,Rexona,"Дезодорант, антиперспирант",50 мл
0000046205957,Dove,"Дезодорант, антиперспирант",40 мл
0000046209252,Rexona,"Дезодорант, антиперспирант",40 мл
0000046218001,Dove,"Дезодорант, антиперспирант",40 мл
0000046244604,Rexona,"Дезодорант, антиперспирант",30 мл
0000046249234,Rexona,"Дезодорант, антиперспирант",50 мл
0000046249241,Rexona,"Дезодорант, антиперспирант",40 мл
0000046249272,Dove,"Дезодорант, антиперспирант",40 мл
0000046262745,Rexona,"Дезодорант, антиперспирант",50 мл
0000046274885,Rexona,"Дезодорант, антиперспирант",45 г
0000046274908,Rexona,"Дезодорант, антиперспирант",40 мл
0000046274915,Rexona,"Дезодорант, антиперспирант",50 мл
0000046274922,Rexona,"Дезодорант, антиперспирант",40 мл
0000046274939,Rexona,"Дезодорант, антиперспирант",50 мл
0000046274946,Rexona,"Дезодорант, антиперспирант",55 г
0000047102126,Gabriella,Колготки и чулки,
0000047103126,Gabriella,Колготки и чулки,
0000047104126,Gabriella,Колготки и чулки,
0000050076611,Rexona,"Дезодорант, антиперспирант",40 мл
0000050285662,Dove,"Дезодорант, антиперспирант",40 мл
0000050287062,Dove,"Дезодорант, антиперспирант",40 мл
0000050671304,Max Factor,Тушь для ресниц,9 мл
0000050683338,Max Factor,Тональная основа,35 мл
0000050683345,Max Factor,Тональная основа,35 мл
0000050683352,Max Factor,Тональная основа,35 мл
0000050683376,Max Factor,Тональная основа,35 мл
0000059082309,Rexona,"Дезодорант, антиперспирант",50 мл
0000059085751,Rexona,"Дезодорант, антиперспирант",50 мл
0000060014429,Vaseline,Бальзам для лица,50 мл
0000060018960,Vaseline,Бальзам для лица,100 мл
0000060019035,Vaseline,"Крем, молочко и лосьон для тела",50 мл
0000080466437,Dove,"Дезодорант, антиперспирант",40 мл
0000086925020,Pastel,"Корректор, консилер для лица",4.5 г
0000086925037,Pastel,"Корректор, консилер для лица",4.5 г
0000096003435,Rexona,"Дезодорант, антиперспирант",40 мл
0000096125694,Rexona,"Дезодорант, антиперспирант",50 мл
0012044038925,Old Spice,"Дезодорант, антиперспирант",85 г
0021959050830,Difeel,Шампунь,355 мл
0021959051134,Difeel,Шампунь,355 мл
0021959052278,Difeel,"Лосьон, спрей, сыворотка для волос",49 мл
0022200000307,Lady Speed Stick,"Дезодорант, антиперспирант",65 г
0022200940221,Mennen Speed Stick,"Дезодорант, антиперспирант",51 г
0022200940252,Mennen Speed Stick,"Дезодорант, антиперспирант",51 г
0022200962995,Lady Speed Stick,"Дезодорант, антиперспирант",39.6 г
0022200963435,Speed Stick,"Дезодорант, антиперспирант",65 г
0022200963695,Lady Speed Stick,"Дезодорант, антиперспирант",40 мл
0022796976017,OGX,Шампунь,385 мл
0027131043287,Estee Lauder,"Парфюмерия, парфюмерные наборы",30 мл
0027131043294,Estee Lauder,"Парфюмерия, парфюмерные наборы",50 мл
0027131043317,Estee Lauder,"Парфюмерия, парфюмерные наборы",100 мл
0033200197935,Arm & Hammer,"Дезодорант, антиперспирант",71 г
0044386119413,Physicians Formula,Тени для век,3.4 г
0077043002186,St.Ives,Гель для душа,473 мл
0077802116284,Wet N Wild,"Хайлайтер, скульптор",
0077802140623,Wet N Wild,Крем для лица,27 мл
0077802140630,Wet N Wild,Крем для лица,27 мл
0077802140678,Wet N Wild,Тени для век,
0077802163929,Wet N Wild,Тени для век,6 мл
0079625437362,Real Techniques,Кисти для макияжа,
0079625915532,Real Techniques,"Спонжи, губки, бьюти-блендеры",
0079625915662,Real Techniques,"Спонжи, губки, бьюти-блендеры",
0085805390402,Elizabeth Arden,"Парфюмерия, парфюмерные наборы",30 мл
0088300162505,Calvin Klein,"Парфюмерия, парфюмерные наборы",100 мл
0088300162543,Calvin Klein,"Парфюмерия, парфюмерные наборы",50 мл
0088300162567,Calvin Klein,"Парфюмерия, парфюмерные наборы",30 мл
0192608223315,Morphe,Кисти для макияжа,
0194251006833,NARS,Румяна,6 г
0194251132020,NARS,Румяна,7 мл
0194251132044,NARS,Румяна,7 мл
0194251132068,NARS,Румяна,7 мл
0194251146027,NARS,Румяна,7 мл
0197575027379,Victoria's Secret,"Крем, молочко и лосьон для тела",236 мл
0197575027393,Victoria's Secret,"Крем, молочко и лосьон для тела",236 мл
0197575027478,Victoria's Secret,Спрей для тела,250 мл
0309970060015,Revlon,Жидкая помада,5.9 мл
0602004123909,Benefit Cosmetics,Тушь для ресниц,9 г
0607845011545,NARS,Тинт для губ,5.7 мл
0607845051732,NARS,Бронзер,8 г
0607845052210,NARS,"Хайлайтер, скульптор",
0608940582206,Billie Eilish,"Парфюмерия, парфюмерные наборы",100 мл
0667547352285,Victoria's Secret,"Парфюмерия, парфюмерные наборы",50 мл
0667552588815,Victoria's Secret,Спрей для тела,75 мл
0667552684494,Victoria's Secret,"Крем, молочко и лосьон для тела",250 мл
0667552691010,Victoria's Secret,Спрей для тела,250 мл
0667552691058,Victoria's Secret,"Парфюмерия, парфюмерные наборы",50 мл
0667553699497,Victoria's Secret,"Парфюмерия, парфюмерные наборы",100 мл
0667554197251,Victoria's Secret,Спрей для тела,250 мл
0667554686670,Victoria's Secret,"Крем, молочко и лосьон для тела",236 мл
0667555509886,Victoria's Secret,"Парфюмерия, парфюмерные наборы",100 мл
0667555509893,Victoria's Secret,"Парфюмерия, парфюмерные наборы",50 мл
0667555541466,Victoria's Secret,Спрей для тела,250 мл
0667555755580,Victoria's Secret,Спрей для тела,75 мл
0667556407020,Victoria's Secret,"Парфюмерия, парфюмерные наборы",50 мл
0667556605020,Victoria's Secret,Спрей для тела,250 мл
0667556710267,Victoria's Secret,"Крем, молочко и лосьон для тела",236 мл
0667557016146,Victoria's Secret,Парфюмерные наборы,
0667557269054,Victoria's Secret,Спрей для тела,75 мл
0667557292656,Bath&Body Works,Гель для душа,295 мл
0667557464381,Victoria's Secret,"Крем, молочко и лосьон для тела",250 мл
0667557476209,Victoria's Secret,"Крем, молочко и лосьон для тела",250 мл
0667557476230,Victoria's Secret,Спрей для тела,250 мл
0667557476247,Victoria's Secret,"Крем, молочко и лосьон для тела",250 мл
0667557597041,Victoria's Secret,Спрей для тела,250 мл
0667557597058,Victoria's Secret,"Крем, молочко и лосьон для тела",236 мл
0667557597065,Victoria's Secret,Гель для душа,236 мл
0667557640976,Victoria's Secret,"Крем, молочко и лосьон для тела",236 мл
0667557912035,Bath&Body Works,Гель для душа,295 мл
0667557912738,Bath&Body Works,Спрей для тела,236 мл
0667558203873,Victoria's Secret,Спрей для тела,250 мл
0667558216767,Bath&Body Works,Спрей для тела,236 мл
0667558381922,Victoria's Secret,Парфюмерные наборы,7.5 мл
0667558387917,Victoria's Secret,Подарочные наборы косметики,75 мл
0667558717288,,"Крем, молочко и лосьон для тела",250 мл
0667558717363,Victoria's Secret,"Крем, молочко и лосьон для тела",250 мл
0667559094289,Victoria's Secret,"Крем, молочко и лосьон для тела",200 мл
0667559676508,Victoria's Secret,"Парфюмерия, парфюмерные наборы",50 мл
0667559966081,Victoria's Secret,Спрей для тела,75 мл
0667560179302,Victoria's Secret,"Парфюмерия, парфюмерные наборы",50 мл
0667560239327,Victoria's Secret,"Крем, молочко и лосьон для тела",236 мл
0667560239358,Victoria's Secret,"Крем, молочко и лосьон для тела",236 мл
0667560607843,Victoria's Secret,"Крем, молочко и лосьон для тела",236 мл
0679541018166,Symphony Signature,"Парфюмерия, парфюмерные наборы",100 мл
0679541075657,Symphony Signature,"Парфюмерия, парфюмерные наборы",100 мл
0679541079174,Symphony Signature,"Парфюмерия, парфюмерные наборы",100 мл
0679541081665,Symphony Signature,"Парфюмерия, парфюмерные наборы",100 мл
0679541101745,No Brand,"Парфюмерия, парфюмерные наборы",100 мл
0679541102599,No Brand,"Парфюмерия, парфюмерные наборы",100 мл
0679541104432,No Brand,"Парфюмерия, парфюмерные наборы",100 мл
0679541116695,No Brand,"Парфюмерия, парфюмерные наборы",80 мл
0679541119894,No Brand,"Парфюмерия, парфюмерные наборы",100 мл
0679541130066,Symphony Signature,"Парфюмерия, парфюмерные наборы",100 мл
0679541152846,No Brand,"Парфюмерия, парфюмерные наборы",100 мл
0679541209229,Symphony Signature,"Парфюмерия, парфюмерные наборы",100 мл
0679541221832,Symphony Signature,"Парфюмерия, парфюмерные наборы",100 мл
0679541241687,Symphony Signature,"Парфюмерия, парфюмерные наборы",100 мл
0679541243414,Symphony Signature,"Парфюмерия, парфюмерные наборы",100 мл
0679541244480,No Brand,"Парфюмерия, парфюмерные наборы",100 мл
0679541247238,No Brand,"Парфюмерия, парфюмерные наборы",100 мл
0679541273008,Symphony Signature,"Парфюмерия, парфюмерные наборы",100 мл
0679541275026,Symphony Signature,"Парфюмерия, парфюмерные наборы",80 мл
0679541286596,No Brand,"Парфюмерия, парфюмерные наборы",100 мл
0679541310239,Symphony Signature,"Парфюмерия, парфюмерные наборы",100 мл
0679541317337,No Brand,"Парфюмерия, парфюмерные наборы",100 мл
0679541319867,Symphony Signature,"Парфюмерия, парфюмерные наборы",100 мл
0679541334372,Symphony Signature,"Парфюмерия, парфюмерные наборы",100 мл
0679541335232,Symphony Signature,"Парфюмерия, парфюмерные наборы",100 мл
0679541342667,Symphony Signature,"Парфюмерия, парфюмерные наборы",100 мл
0679541354196,Symphony Signature,"Парфюмерия, парфюмерные наборы",100 мл
0679541354370,Symphony Signature,"Парфюмерия, парфюмерные наборы",80 мл
0679541375610,Symphony Signature,"Парфюмерия, парфюмерные наборы",100 мл
0679541377324,No Brand,"Парфюмерия, парфюмерные наборы",75 мл
0679541395502,Symphony Signature,"Парфюмерия, парфюмерные наборы",100 мл
0679541409155,No Brand,"Парфюмерия, парфюмерные наборы",100 мл
0679541412230,Symphony Signature,"Парфюмерия, парфюмерные наборы",100 мл
0679541412605,Symphony Signature,"Парфюмерия, парфюмерные наборы",80 мл
0679541449724,Symphony Signature,"Парфюмерия, парфюмерные наборы",100 мл
0679541478915,Symphony Signature,"Парфюмерия, парфюмерные наборы",100 мл
0679541494052,No Brand,"Парфюмерия, парфюмерные наборы",100 мл
0679541498074,Symphony Signature,"Парфюмерия, парфюмерные наборы",100 мл
0681619700262,theBalm,Компактная пудра,7.08 г
0681619805127,theBalm,Жидкая помада,
0681619805141,theBalm,Жидкая помада,7.4 мл
0681619805158,theBalm,Жидкая помада,7.4 мл
0681619805165,theBalm,Жидкая помада,7.4 мл
0681619807206,theBalm,Жидкая помада,7.4 мл
0681619807220,theBalm,Жидкая помада,7.4 мл
0681619817083,theBalm,"Корректор, консилер для лица",9 г
0681619818295,theBalm,"Подводка, лайнер для глаз",
0681619818677,theBalm,"Подводка, лайнер для глаз",
0681619818738,theBalm,Жидкая помада,7.4 мл
0681619818752,theBalm,Жидкая помада,
0681619818981,theBalm,Палетки для макияжа,10 г
0681619819032,theBalm,Карандаши для бровей,
0681619819070,theBalm,База для век,11.8 мл
0681619819407,theBalm,Блеск для губ,7 мл
0681619819414,theBalm,Блеск для губ,7 мл
0681619819445,theBalm,Блеск для губ,7 мл
0681619819476,theBalm,Блеск для губ,7 мл
0681619819636,theBalm,Масло для лица,30 мл
0681619819667,theBalm,Пенка и мусс для умывания,160 мл
0681619819674,theBalm,Крем для лица,30 мл
0681619819681,theBalm,Гель для кожи вокруг глаз,15 мл
0688575201901,Chloe,"Парфюмерия, парфюмерные наборы",30 мл
0690251000043,Jo Malone London,"Парфюмерия, парфюмерные наборы",100 мл
0695510475402,No Brand,"Парфюмерия, парфюмерные наборы",100 мл
0695510480307,Symphony Signature,"Парфюмерия, парфюмерные наборы",100 мл
0711716020434,Difeel,Шампунь,355 мл
0711716020441,Difeel,"Бальзам, кондиционер, ополаскиватель",355 мл
0711716021387,Difeel,Шампунь,354.9 мл
0711716071436,Difeel,Масло и крем для волос,45 мл
0711716122312,Difeel,Масло и крем для волос,75 мл
0711716122343,Difeel,Шампунь,355 мл
0711716122381,Difeel,Масло и крем для волос,75 мл
0711716122398,Difeel,"Бальзам, кондиционер, ополаскиватель",177 мл
0711716145014,Difeel,Масло и крем для волос,75 мл
0711716145373,Difeel,Масло и крем для волос,75 мл
0711716145441,Difeel,Маска для волос,340 мл
0711716146561,Difeel,Масло и крем для волос,75 мл
0711716163612,Difeel,"Лосьон, спрей, сыворотка для волос",75 мл
0711716315011,Difeel,Маска для волос,340 г
0711716315059,Difeel,Шампунь,354.9 мл
0711716315066,Difeel,"Бальзам, кондиционер, ополаскиватель",355 мл
0711716315103,Difeel,"Бальзам, кондиционер, ополаскиватель",177 мл
0711716322248,Difeel,"Бальзам, кондиционер, ополаскиватель",177 мл
0711716362626,Difeel,Маска для волос,50 г
0711716362879,Difeel,Маска для волос,50 г
0711716362916,Difeel,Маска для волос,50 г
0711716810035,Difeel,Шампунь,355 мл
0711716810042,Difeel,"Бальзам, кондиционер, ополаскиватель",355 мл
0711716810066,Difeel,Масло и крем для волос,75 мл
0711716810738,Difeel,Шампунь,355 мл
0711716810752,Difeel,"Бальзам, кондиционер, ополаскиватель",355 мл
0711716810776,Difeel,Маска для волос,340 г
0711716810790,Difeel,"Бальзам, кондиционер, ополаскиватель",177 мл
0737052041285,Hugo Boss,"Парфюмерия, парфюмерные наборы",50 мл
0737052041353,Hugo Boss,"Парфюмерия, парфюмерные наборы",75 мл
0737052802800,Hugo Boss,"Парфюмерия, парфюмерные наборы",75 мл
0768614102014,SHISEIDO,"Парфюмерия, парфюмерные наборы",50 мл
0768614102021,SHISEIDO,"Парфюмерия, парфюмерные наборы",100 мл
0773602609550,MAC Cosmetics,Блеск для губ,2.4 г
0811131036550,Shakebar,Гель для душа,600 мл
0846733016143,Tarte Cosmetics,"Корректор, консилер для лица",9 г
0850042203163,Dry Idea,"Дезодорант, антиперспирант",85 г
0850042203248,Right Guard,"Дезодорант, антиперспирант",113 г
0850042203279,Right Guard,"Дезодорант, антиперспирант",113 г
0850049264099,Dry Idea,"Дезодорант, антиперспирант",85 г
0888066122245,Tom Ford,"Парфюмерия, парфюмерные наборы",100 мл
2000938000002,NexGard,От глистов и паразитов средства,60 кг
2024654000009,Body Philosophy,Спрей для тела,250 мл
2042357000003,No Brand,Игрушки-каталки,
2042365000002,No Brand,Радиоуправляемые вертолеты,
2042371000003,No Brand,Машинки и другой наземный транспорт,
2042376000008,No Brand,Пазлы и головоломки,
2042379000005,No Brand,Радиоуправляемые вертолеты,
2042444000008,No Brand,Наука и образование,
3014260243531,Gillette,Сменные кассеты для бритья,
3014260262709,Venus,Станки для бритья,
3014260285425,Venus,Станки для бритья,
3014260287030,Gillette,Станки для бритья,
3035564099044,Gerini,"Парфюмерия, парфюмерные наборы",100 мл
3052503635101,Bourjois,Тональная основа,30 мл
3052503635200,Bourjois,Тональная основа,30 мл
3052503635408,Bourjois,Тональная основа,30 мл
3052503635705,Bourjois,Тональная основа,30 мл
3097724038577,Gerini,"Парфюмерия, парфюмерные наборы",100 мл
3097794978896,Gerini,"Парфюмерия, парфюмерные наборы",100 мл
3137370357667,Nina Ricci,"Парфюмерия, парфюмерные наборы",50 мл
3139093021429,Lanvin,"Парфюмерия, парфюмерные наборы",75 мл
3145891364101,Chanel,"Парфюмерия, парфюмерные наборы",50 мл
3178041321297,Got2Be,Сухой шампунь,200 мл
3274872440975,Kenzo,"Парфюмерия, парфюмерные наборы",30 мл
3274872440982,Kenzo,"Парфюмерия, парфюмерные наборы",50 мл
3337875597197,CeraVe,Гель для умывания,236 мл
3348901250153,Dior,"Парфюмерия, парфюмерные наборы",60 мл
3348901571456,Dior,"Парфюмерия, парфюмерные наборы",100 мл
3348901682527,Dior,"Парфюмерия, парфюмерные наборы",75 мл
3348901738224,Dior,"Парфюмерия, парфюмерные наборы",100 мл
3349666010518,Paco Rabanne,"Парфюмерия, парфюмерные наборы",100 мл
3349666010532,Paco Rabanne,"Парфюмерия, парфюмерные наборы",80 мл
3349668508587,Paco Rabanne,"Парфюмерия, парфюмерные наборы",80 мл
3351500020362,Azzaro,"Парфюмерия, парфюмерные наборы",30 мл
3360373016358,Cacharel,"Парфюмерия, парфюмерные наборы",100 мл
3360373063703,Cacharel,"Парфюмерия, парфюмерные наборы",50 мл
3365440621053,Yves Saint Laurent,"Парфюмерия, парфюмерные наборы",100 мл
3379500790993,Solinotes,"Парфюмерия, парфюмерные наборы",50 мл
3379500800999,Solinotes,"Парфюмерия, парфюмерные наборы",50 мл
3379501160146,Solinotes,"Парфюмерия, парфюмерные наборы",50 мл
3386460010399,Lanvin,"Парфюмерия, парфюмерные наборы",100 мл
3386460023337,Lanvin,"Парфюмерия, парфюмерные наборы",75 мл
3386460025478,Jimmy Choo,"Парфюмерия, парфюмерные наборы",100 мл
3386460119269,Jimmy Choo,"Парфюмерия, парфюмерные наборы",60 мл
3401329447687,Bioderma,Крем для лица,50 мл
3401329447809,Bioderma,Увлажняющий гель для лица,40 мл
3401361353625,Bioderma,Средства против прыщей и акне,30 мл
3401395376935,Bioderma,Мицеллярная вода и гель,100 мл
3401528521157,Bioderma,Мицеллярная вода и гель,100 мл
3414202000510,Davidoff,"Парфюмерия, парфюмерные наборы",40 мл
3414202011820,Davidoff,"Парфюмерия, парфюмерные наборы",30 мл
3423222010133,Issey Miyake,"Парфюмерия, парфюмерные наборы",100 мл
3423222092252,Narciso Rodriguez,"Парфюмерия, парфюмерные наборы",100 мл
3423470485189,Issey Miyake,"Парфюмерия, парфюмерные наборы",75 мл
3423478452558,Dolce&Gabbana,"Парфюмерия, парфюмерные наборы",50 мл
3423478840652,Narciso Rodriguez,"Парфюмерия, парфюмерные наборы",90 мл
3454960022515,Lalique,"Парфюмерия, парфюмерные наборы",50 мл
3454960022522,Lalique,"Парфюмерия, парфюмерные наборы",100 мл
3454960023284,Lalique,"Парфюмерия, парфюмерные наборы",100 мл
3473311962003,Sisley,"Парфюмерия, парфюмерные наборы",100 мл
3494800015024,Marina De Bourbon,"Парфюмерия, парфюмерные наборы",50 мл
3494800015031,Princesse Marina De Bourbon,"Парфюмерия, парфюмерные наборы",100 мл
3494800016038,Princesse Marina De Bourbon,"Парфюмерия, парфюмерные наборы",100 мл
3494800017042,Marina De Bourbon,"Парфюмерия, парфюмерные наборы",30 мл
3494800028024,Princesse Marina De Bourbon,"Парфюмерия, парфюмерные наборы",50 мл
3494800220022,Princesse Marina De Bourbon,"Парфюмерия, парфюмерные наборы",50 мл
3494800220039,Marina De Bourbon,"Парфюмерия, парфюмерные наборы",100 мл
3494800240044,Marina De Bourbon,"Парфюмерия, парфюмерные наборы",30 мл
3494800250029,Marina De Bourbon,"Парфюмерия, парфюмерные наборы",50 мл
3516642101335,Franck Olivier,"Парфюмерия, парфюмерные наборы",50 мл
3516642227325,FRANCK OLIVIER,"Парфюмерия, парфюмерные наборы",75 мл
3574661034805,Neutrogena,"Скраб, пилинг и эксфолиант",150 мл
3574661156347,Neutrogena,Средства против прыщей и акне,200 мл
3574661332529,Neutrogena,"Скраб, пилинг и эксфолиант",150 мл
3574661392448,Neutrogena,"Крем, молочко и лосьон для тела",200 мл
3574661401089,Neutrogena,Крем для лица,50 мл
3574661420547,Neutrogena,"Крем, молочко и лосьон для тела",200 мл
3574661526065,Neutrogena,Уход за кожей рук,75 мл
3574661543666,Neutrogena,Крем для лица,50 мл
3574661552422,Neutrogena,Средства против прыщей и акне,50 мл
3574661552880,Neutrogena,Мицеллярная вода и гель,400 мл
3574661553887,Neutrogena,Средства против прыщей и акне,200 мл
3574661593821,Neutrogena,Крем для лица,50 мл
3574661612300,Neutrogena,"Тоник, лосьон для лица",125 мл
3574661632926,Neutrogena,Сыворотки и эликсиры,15 мл
3574661648293,Neutrogena,Уход за кожей ног,100 мл
3574661684857,Neutrogena,Крем-маски,50 мл
3574661749525,Neutrogena,Крем для лица,50 мл
3574661751689,Neutrogena,"Крем, молочко и лосьон для тела",250 мл
3574661774633,Neutrogena,Сыворотки и эликсиры,30 мл
3574661787862,OGX,Масло и крем для волос,385 мл
3574661805429,Neutrogena,"Крем, молочко и лосьон для тела",400 мл
3600520659701,L'Oreal Paris,Тональная основа,30 мл
3600521119501,L'Oreal Paris,Краска для волос,180 мл
3600521119518,L'Oreal Paris,Краска для волос,180 мл
3600521119525,L'Oreal Paris,Краска для волос,180 мл
3600521119549,L'Oreal Paris,Краска для волос,180 мл
3600521119563,L'Oreal Paris,Краска для волос,180 мл
3600521119617,L'Oreal Paris,Краска для волос,180 мл
3600521126974,L'Oreal Paris,Краска для волос,180 мл
3600521190012,L'Oreal Paris,Краска для волос,180 мл
3600521366738,L'Oreal Paris,Краска для волос,180 мл
3600521479452,L'Oreal Paris,Тушь для ресниц,8 мл
3600521988763,L'Oreal Paris,Краска для волос,180 мл
3600522058922,L'Oreal Paris,Крем для лица,50 мл
3600522151395,L'Oreal Paris,Краска для волос,180 мл
3600522264675,L'Oreal Paris,Крем для лица,50 мл
3600522365648,L'Oreal Paris,Мицеллярная вода и гель,200 мл
3600522409724,L'Oreal Paris,Краска для волос,180 мл
3600522418139,L'Oreal Paris,Краска для волос,120 мл
3600522548072,L'Oreal Paris,Крем для лица,50 мл
3600522838913,L'Oreal Paris,Тональная основа,30 мл
3600522839026,L'Oreal Paris,Тональная основа,30 мл
3600523029228,L'Oreal Paris,Краска для волос,120 мл
3600523029242,L'Oreal Paris,Краска для волос,254 мл
3600523193233,L'Oreal Paris,Тонирующий спрей,75 мл
3600523193240,L'Oreal Paris,Тонирующий спрей,75 мл
3600523193257,L'Oreal Paris,Тонирующий спрей,75 мл
3600523193264,L'Oreal Paris,Тонирующий спрей,75 мл
3600523281510,L'Oreal Paris,Краска для волос,180 мл
3600523327621,L'Oreal Paris,Краска для волос,180 мл
3600523408900,L'Oreal Paris,Крем для лица,50 мл
3600523408917,L'Oreal Paris,Крем для лица,50 мл
3600523543526,L'Oreal Paris,Тональная основа,30 мл
3600523583331,L'Oreal Paris,Шампунь,250 мл
3600523586356,L'Oreal Paris,Шампунь,400 мл
3600523614431,L'Oreal Paris,Тональная основа,30 мл
3600523625338,L'Oreal Paris,Тональная основа,30 мл
3600523741892,L'Oreal Paris,"Бальзам, кондиционер, ополаскиватель",400 мл
3600523754229,L'Oreal Paris,Маска для волос,300 мл
3600523775620,L'Oreal Paris,Крем-маска для лица,50 мл
3600523775675,L'Oreal Paris,Крем для лица,50 мл
3600523781089,L'Oreal Paris,Краска для волос,176 мл
3600523781126,L'Oreal Paris,Краска для волос,176 мл
3600523781133,L'Oreal Paris,Краска для волос,176 мл
3600523781140,L'Oreal Paris,Краска для волос,192 мл
3600523781157,L'Oreal Paris,Краска для волос,176 мл
3600523781164,L'Oreal Paris,Краска для волос,192 мл
3600523781171,L'Oreal Paris,Краска для волос,192 мл
3600523781201,L'Oreal Paris,Краска для волос,192 мл
3600523781218,L'Oreal Paris,Краска для волос,192 мл
3600523781225,L'Oreal Paris,Краска для волос,192 мл
3600523781263,L'Oreal Paris,Краска для волос,176 мл
3600523781287,L'Oreal Paris,Краска для волос,192 мл
3600523781294,L'Oreal Paris,Краска для волос,192 мл
3600523781300,L'Oreal Paris,Краска для волос,192 мл
3600523781348,L'Oreal Paris,Краска для волос,192 мл
3600523781355,L'Oreal Paris,Краска для волос,192 мл
3600523878116,L'Oreal Paris,Краска для волос,192 мл
3600523924066,L'Oreal Paris,Маска для волос,300 мл
3600523924103,L'Oreal Paris,Маска для волос,300 мл
3600523931330,L'Oreal Paris,"Бальзам, кондиционер, ополаскиватель",200 мл
3600523931415,L'Oreal Paris,Шампунь,250 мл
3600523931453,L'Oreal Paris,Шампунь,400 мл
3600523943067,L'Oreal Paris,Краска для волос,192 мл
3600523943111,L'Oreal Paris,Краска для волос,192 мл
3600523943166,L'Oreal Paris,Краска для волос,192 мл
3600523943210,L'Oreal Paris,Краска для волос,192 мл
3600523943265,L'Oreal Paris,Краска для волос,192 мл
3600523951444,L'Oreal Paris,Компактная пудра,9 г
3600523968572,L'Oreal Paris,Шампунь,250 мл
3600523968589,L'Oreal Paris,"Бальзам, кондиционер, ополаскиватель",200 мл
3600523968596,L'Oreal Paris,Шампунь,400 мл
3600523968602,L'Oreal Paris,"Бальзам, кондиционер, ополаскиватель",400 мл
3600523976096,L'Oreal Paris,"Лосьон, спрей, сыворотка для волос",100 мл
3600523985296,L'Oreal Paris,Маска для волос,300 мл
3600523998654,L'Oreal Paris,Краска для волос,192 мл
3600523998661,L'Oreal Paris,Краска для волос,192 мл
3600523998678,L'Oreal Paris,Краска для волос,192 мл
3600523998685,L'Oreal Paris,Краска для волос,192 мл
3600523998722,L'Oreal Paris,Краска для волос,192 мл
3600523998739,L'Oreal Paris,Краска для волос,192 мл
3600523998746,L'Oreal Paris,Краска для волос,192 мл
3600524032203,L'Oreal Paris,"Лосьон, спрей, сыворотка для волос",150 мл
3600524048907,L'Oreal Paris,"Подводка, лайнер для глаз",
3600524105310,L'Oreal Paris,Шампунь,700 мл
3600524105327,L'Oreal Paris,Шампунь,700 мл
3600524111649,L'Oreal Paris,Мицеллярная вода и гель,200 мл
3600524135331,L'Oreal Paris,Шампунь,250 мл
3600524155698,L'Oreal Paris,Шампунь,400 мл
3600524169633,L'Oreal Paris,Крем для лица,50 мл
3600524196592,L'Oreal Paris,Шампунь,250 мл
3600524196608,L'Oreal Paris,Шампунь,400 мл
3600524197292,L'Oreal Paris,"Бальзам, кондиционер, ополаскиватель",400 мл
3600530427475,Maybelline New York,Тональная основа,30 мл
3600530427482,Maybelline New York,Тональная основа,30 мл
3600530427499,Maybelline New York,Тональная основа,30 мл
3600530427512,Maybelline New York,Тональная основа,30 мл
3600530733842,Maybelline New York,"Корректор, консилер для лица",6.8 мл
3600530733859,Maybelline New York,"Корректор, консилер для лица",6.8 мл
3600530733866,Maybelline New York,"Корректор, консилер для лица",6.8 мл
3600530941278,Maybelline New York,База под макияж,22 мл
3600531143657,Maybelline New York,Тушь для ресниц,9.4 мл
3600531324513,Maybelline New York,Тональная основа,30 мл
3600531411107,Maybelline New York,Жидкая помада,5 мл
3600531411114,Maybelline New York,Жидкая помада,5 мл
3600531411138,Maybelline New York,Жидкая помада,5 мл
3600531423902,Maybelline New York,Тональная основа,30 мл
3600531465247,Maybelline New York,"Корректор, консилер для лица",6.8 мл
3600531469481,Maybelline New York,Жидкая помада,5 мл
3600531513429,Maybelline New York,Жидкая помада,5 мл
3600531539313,Maybelline New York,Тени для век,6 г
3600531548766,Maybelline New York,Тени для век,6 г
3600531561284,Maybelline New York,"Корректор, консилер для лица",6.8 мл
3600531605650,Maybelline New York,Жидкая помада,5 мл
3600531605667,Maybelline New York,Жидкая помада,5 мл
3600531605674,Maybelline New York,Жидкая помада,5 мл
3600531605681,Maybelline New York,Жидкая помада,5 мл
3600531609689,Maybelline New York,Блеск для губ,5.4 мл
3600531609696,Maybelline New York,Блеск для губ,5.4 мл
3600531609726,Maybelline New York,Блеск для губ,5.4 мл
3600531609764,Maybelline New York,Блеск для губ,5.4 мл
3600531631390,Maybelline New York,База под макияж,30 мл
3600531632335,Maybelline New York,Тональная основа,30 мл
3600531632809,Maybelline New York,Тональная основа,30 мл
3600531638887,Maybelline New York,Тональная основа,20 мл
3600531638894,Maybelline New York,Тональная основа,20 мл
3600531647964,Maybelline New York,"Корректор, консилер для лица",10 мл
3600531647971,Maybelline New York,"Корректор, консилер для лица",10 мл
3600531650704,Maybelline New York,Гель для бровей,
3600531650711,Maybelline New York,Карандаши для бровей,
3600531650728,Maybelline New York,Карандаши для бровей,
3600531650735,Maybelline New York,Гель для бровей,
3600531651213,Maybelline New York,Блеск для губ,5.4 мл
3600531658106,Maybelline New York,Тональная основа,20 мл
3600531666606,Maybelline New York,Компактная пудра,9 г
3600531666613,Maybelline New York,Компактная пудра,9 г
3600531666620,Maybelline New York,Компактная пудра,9 г
3600531691875,Maybelline New York,Тональная основа,30 мл
3600540168344,Garnier,Краска для волос,110 мл
3600540168382,Garnier,Краска для волос,110 мл
3600540168405,Garnier,Краска для волос,112 мл
3600540168481,Garnier,Краска для волос,110 мл
3600540380821,Garnier,Шампунь,400 мл
3600540794390,Garnier,"Дезодорант, антиперспирант",150 мл
3600541135574,Garnier,Краска для волос,110 мл
3600541135581,Garnier,Краска для волос,110 мл
3600541135598,Garnier,Краска для волос,110 мл
3600541135628,Garnier,Краска для волос,110 мл
3600541135666,Garnier,Краска для волос,110 мл
3600541209893,Garnier,Шампунь,400 мл
3600541285774,Garnier,Шампунь,400 мл
3600541358294,Garnier,Краска для волос,110 мл
3600541595194,Garnier,Мицеллярная вода и гель,400 мл
3600541678774,Garnier,Краска для волос,110 мл
3600541739963,Garnier,"Дезодорант, антиперспирант",150 мл
3600541775848,Garnier,Шампунь,250 мл
3600541775855,Garnier,Шампунь,400 мл
3600541795846,Garnier,Краска для волос,110 мл
3600541970670,Garnier,Шампунь,250 мл
3600541980983,Garnier,Шампунь,400 мл
3600542033541,Garnier,Краска для волос,110 мл
3600542033558,Garnier,Краска для волос,110 мл
3600542084406,Garnier,Средства против прыщей и акне,150 мл
3600542085786,Garnier,"Дезодорант, антиперспирант",150 мл
3600542099219,Garnier,Краска для волос,110 мл
3600542142809,Garnier,Шампунь,400 мл
3600542142816,Garnier,"Бальзам, кондиционер, ополаскиватель",200 мл
3600542142823,Garnier,Шампунь,250 мл
3600542153805,Garnier,Шампунь,250 мл
3600542161565,Garnier,Краска для волос,152 мл
3600542232012,Garnier,Увлажняющий гель для лица,
3600542336024,Garnier,Краска для волос,112 мл
3600542342612,Garnier,"Дезодорант, антиперспирант",150 мл
3600542357654,Garnier,Масло и крем для волос,400 мл
3600542385237,Garnier,"Дезодорант, антиперспирант",150 мл
3600542396554,Garnier,Мицеллярная вода и гель,400 мл
3600542398640,Garnier,Пенка и мусс для умывания,150 мл
3600542415064,Garnier,BB и CC крем,50 мл
3600542427449,Garnier,Шампунь,700 мл
3600542467674,Garnier,Мицеллярная вода и гель,400 мл
3600542497978,Garnier,Сыворотки и эликсиры,30 мл
3600542549127,Garnier,Шампунь,400 мл
3600542552998,Garnier,"Лосьон, спрей, сыворотка для волос",200 мл
3600542614528,Garnier,Шампунь,700 мл
3605522040588,Giorgio Armani,"Парфюмерия, парфюмерные наборы",100 мл
3605532612690,Lancome,"Парфюмерия, парфюмерные наборы",30 мл
3606000512238,CeraVe,Средства против прыщей и акне,150 мл
3606000538047,CeraVe,Гель для умывания,237 мл
3606000538184,CeraVe,Мицеллярная вода и гель,296 мл
3606000559554,CeraVe,Туалетное мыло,128 г
3606000577138,CeraVe,Средства против прыщей и акне,237 мл
3606000593794,CeraVe,Тонер для лица,200 мл
3606000604520,CeraVe,Гель для умывания,150 мл
3606000609310,CeraVe,Гель для умывания,237 мл
3607340216008,Calvin Klein,"Парфюмерия, парфюмерные наборы",50 мл
3607340216046,Calvin Klein,"Парфюмерия, парфюмерные наборы",30 мл
3607346232347,Chloe,"Парфюмерия, парфюмерные наборы",50 мл
3607346232385,Chloe,"Парфюмерия, парфюмерные наборы",75 мл
3614221105450,Rimmel London,Палетки для макияжа,18.5 г
3614223111404,Chloe,"Парфюмерия, парфюмерные наборы",30 мл
3614223113347,Chloe,"Парфюмерия, парфюмерные наборы",75 мл
3614224525118,Rimmel London,Тени для век,"14,2 г"
3614225257841,Max Factor,Тушь для ресниц,13 мл
3614225613180,Bourjois,Румяна,2.5 г
3614225613197,Bourjois,Румяна,2.5 г
3614225613227,Bourjois,Румяна,2.5 г
3614225613265,Bourjois,Румяна,2.5 г
3614225613272,Bourjois,Румяна,2.5 г
3614225613302,Bourjois,Румяна,2.5 г
3614225613319,Bourjois,Румяна,2.5 г
3614225851469,Max Factor,Тушь для ресниц,9 мл
3614229458169,Max Factor,Тушь для ресниц,13.1 мл
3614272225701,Giorgio Armani,"Парфюмерия, парфюмерные наборы",50 мл
3614272629370,Lancome,"Парфюмерия, парфюмерные наборы",50 мл
3614272648418,Yves Saint Laurent,"Парфюмерия, парфюмерные наборы",50 мл
3614273069540,Yves Saint Laurent,"Парфюмерия, парфюмерные наборы",50 мл
3614273927352,Giorgio Armani,"Парфюмерия, парфюмерные наборы",90 мл
3614273953696,Giorgio Armani,"Парфюмерия, парфюмерные наборы",100 мл
3616301173021,Rimmel London,Бронзер,14 г
3616301173045,Rimmel London,Бронзер,14 г
3616301173052,Rimmel London,Бронзер,14 г
3616301254577,Max Factor,Тональная основа,35 мл
3616301623311,Hugo Boss,"Парфюмерия, парфюмерные наборы",100 мл
3616301725800,Max Factor,Тушь для ресниц,13.1 мл
3616302020645,BURBERRY,"Парфюмерия, парфюмерные наборы",30 мл
3616302737352,Bourjois,Тушь для ресниц,8 мл
3616302968534,Gucci,"Парфюмерия, парфюмерные наборы",50 мл
3616303397180,Bourjois,Тональная основа,30 мл
3616303397364,Bourjois,Тональная основа,30 мл
3616303407056,Max Factor,Компактная пудра,10 г
3616303407117,Max Factor,Компактная пудра,10 г
3616303915254,Bourjois,"Корректор, консилер для лица",6 мл
3616303915261,Bourjois,"Корректор, консилер для лица",6 мл
3616303915278,Bourjois,"Корректор, консилер для лица",6 мл
3616303915285,Bourjois,"Корректор, консилер для лица",6 мл
3616303915292,Bourjois,"Корректор, консилер для лица",6 мл
3616304478253,Calvin Klein,"Парфюмерия, парфюмерные наборы",50 мл
3616304825057,Rimmel London,Тональная основа,30 мл
3616304825088,Rimmel London,Тональная основа,30 мл
3616304825101,Rimmel London,Тональная основа,30 мл
3616304825132,Rimmel London,Тональная основа,30 мл
3616305493354,Bourjois,Карандаш для глаз,
3666670800288,Vivienne Sabo,Бальзам для губ,
3666670801438,Vivienne Sabo,Блеск для губ,3 мл
3666670801490,Vivienne Sabo,Блеск для губ,3 мл
3666670801513,Vivienne Sabo,Блеск для губ,3 мл
3666670801568,Vivienne Sabo,Блеск для губ,3 мл
3666670805887,Vivienne Sabo,Тени для век,13.5 г
3666670808970,Vivienne Sabo,Тушь для ресниц,12 г
3666670810010,Vivienne Sabo,Карандаш для глаз,1.3 г
3666670810041,Vivienne Sabo,Карандаш для глаз,1.3 г
3666670810058,Vivienne Sabo,Карандаш для глаз,1.3 г
3666670811208,Vivienne Sabo,Тушь для ресниц,9 мл
3666670811215,Vivienne Sabo,Тушь для ресниц,9 мл
3666670814001,Vivienne Sabo,Блеск для губ,3 мл
3666670816982,Vivienne Sabo,Жидкая помада,5 г
3666670817019,Vivienne Sabo,Жидкая помада,5 г
3666670818252,Vivienne Sabo,Румяна,4.1 г
3666670818825,Vivienne Sabo,Тинт для губ,3 мл
3666670819303,Vivienne Sabo,Тональная основа,23 мл
3666670823416,Vivienne Sabo,Тени для век,
3666670826653,Vivienne Sabo,Тушь для ресниц,9 мл
3666708002042,Vivienne Sabo,Помада,
3666708002066,Vivienne Sabo,Помада,
3666708004138,Vivienne Sabo,Подарочные наборы косметики,9 мл
3666708004961,Vivienne Sabo,"Подводка, лайнер для глаз",
3700578521002,Parfums de Marly,"Парфюмерия, парфюмерные наборы",75 мл
3700753002272,Lorian,"Парфюмерия, парфюмерные наборы",100 мл
3700971300150,Vivienne Sabo,Гель для бровей,6 мл
3700971300617,Vivienne Sabo,Тушь для ресниц,9 мл
3700971300631,Vivienne Sabo,Тушь для ресниц,9 мл
3700971300655,Vivienne Sabo,Тушь для ресниц,9 мл
3700971300969,Vivienne Sabo,Тушь для ресниц,9 мл
3700971302048,Vivienne Sabo,"Подводка, лайнер для глаз",6 мл
3700971312429,Vivienne Sabo,"Подводка, лайнер для глаз",6 мл
3700971327539,Vivienne Sabo,"Подводка, лайнер для глаз",5 мл
3700971327546,Vivienne Sabo,"Подводка, лайнер для глаз",4 г
3700971328383,Vivienne Sabo,Карандаш для глаз,
3700971328420,Vivienne Sabo,Карандаш для глаз,
3700971328468,Vivienne Sabo,Карандаш для глаз,
3700971328499,Vivienne Sabo,"Подводка, лайнер для глаз",0.8 мл
3700971332915,Vivienne Sabo,Карандаш для глаз,1.5 г
3700971333721,Vivienne Sabo,Карандаш для губ,
3700971333868,Vivienne Sabo,Блеск для губ,3 мл
3700971333899,Vivienne Sabo,Блеск для губ,3 мл
3700971333929,Vivienne Sabo,Блеск для губ,3 мл
3700971333936,Vivienne Sabo,Блеск для губ,3 мл
3700971333967,Vivienne Sabo,Блеск для губ,3 мл
3700971335596,Vivienne Sabo,Карандаш для губ,1.4 г
3700971335619,Vivienne Sabo,Карандаш для губ,
3700971335961,Vivienne Sabo,Карандаши для бровей,
3700971337996,Vivienne Sabo,Карандаши для бровей,
3700971338252,Vivienne Sabo,Жидкая помада,3 мл
3700971340002,Vivienne Sabo,Гель для бровей,4.5 мл
3700971343669,Vivienne Sabo,Компактная пудра,6 г
3700971343942,Vivienne Sabo,"Корректор, консилер для лица",3.5 мл
3700971343959,Vivienne Sabo,"Корректор, консилер для лица",3.5 мл
3700971343966,Vivienne Sabo,"Корректор, консилер для лица",3.5 мл
3700971343973,Vivienne Sabo,"Корректор, консилер для лица",3.5 мл
3700971344031,Vivienne Sabo,"Корректор, консилер для лица",4.6 мл
3700971344079,Vivienne Sabo,Помада,4 г
3700971344086,Vivienne Sabo,Помада,4 г
3700971344093,Vivienne Sabo,Помада,
3700971344109,Vivienne Sabo,Помада,4 г
3700971344130,Vivienne Sabo,Помада,4 г
3700971344147,Vivienne Sabo,Помада,
3700971344154,Vivienne Sabo,Помада,4 г
3700971344161,Vivienne Sabo,Помада,4 г
3700971344192,Vivienne Sabo,Помада,4 г
3700971344215,Vivienne Sabo,Помада,
3700971344222,Vivienne Sabo,Помада,
3700971344239,Vivienne Sabo,Помада,4 г
3700971344246,Vivienne Sabo,Помада,
3700971344468,Vivienne Sabo,"Подводка, лайнер для глаз",
3700971344482,Vivienne Sabo,"Подводка, лайнер для глаз",
3700971348695,Vivienne Sabo,Блеск для губ,2 мл
3700971350834,Vivienne Sabo,Жидкая помада,3 мл
3700971350858,Vivienne Sabo,Жидкая помада,3 мл
3700971350865,Vivienne Sabo,Жидкая помада,3 мл
3700971350872,Vivienne Sabo,Жидкая помада,3 мл
3700971350919,Vivienne Sabo,Жидкая помада,3 мл
3700971350926,Vivienne Sabo,Жидкая помада,3 мл
3700971360956,Vivienne Sabo,Карандаши для бровей,
3700971361359,Vivienne Sabo,Румяна,
3700971361366,Vivienne Sabo,Румяна,6 г
3700971361427,Vivienne Sabo,"Хайлайтер, скульптор",6 г
3700971362615,Vivienne Sabo,Тени для век,9.6 г
3700971363131,Vivienne Sabo,Тушь для ресниц,9 мл
3700971363520,Vivienne Sabo,Тушь для ресниц,9 мл
3700971364503,Vivienne Sabo,Блеск для губ,3 мл
3700971364510,Vivienne Sabo,Блеск для губ,3 мл
3700971365128,Vivienne Sabo,Помада,4 г
3700971365166,Vivienne Sabo,Помада,4 г
3700971365173,Vivienne Sabo,Бальзам для губ,4 г
3700971366071,Vivienne Sabo,Тени для век,
3700971366354,Vivienne Sabo,Румяна,
3700971366385,Vivienne Sabo,Румяна,
3700971367160,Vivienne Sabo,Карандаши для бровей,
3700971373239,Vivienne Sabo,Тени для век,
3700971373314,Vivienne Sabo,Тушь для ресниц,9 мл
3701129801000,Bioderma,Бальзам для губ,15 мл
3701129804193,Bioderma,Уход за кожей рук,50 мл
3701129804452,Bioderma,Крем для лица,40 мл
3701129805329,Bioderma,"Крем, молочко и лосьон для тела",200 мл
3701129805367,Bioderma,Средства против прыщей и акне,30 мл
3701129810064,Bioderma,Бальзам для губ,15 мл
3701129812099,Bioderma,Крем для лица,40 мл
3701129814338,BIODERMA,Крем для лица,40 мл
3701278600479,Lorian,"Парфюмерия, парфюмерные наборы",100 мл
3701365718827,Note Cosmetics,Помада,12 мл
3701365718957,Note Cosmetics,Бронзер,20 г
3701365719039,Note Cosmetics,Румяна,
3701365719107,Note Cosmetics,"Корректор, консилер для лица",10 мл
3701365719268,Note Cosmetics,Румяна,5.5 г
3701365719398,Note Cosmetics,"Корректор, консилер для лица",10 мл
3701365722435,Note Cosmetics,"Подводка, лайнер для глаз",1 мл
3701365722442,Note Cosmetics,Карандаш для глаз,35 г
3701365722640,Note Cosmetics,Тушь для ресниц,14 мл
3701365722671,Note Cosmetics,Тушь для ресниц,12 мл
3701365730355,Note Cosmetics,База под макияж,35 мл
3701365755174,Note Cosmetics,Тени для век,
3701365755181,Note Cosmetics,Тени для век,
3701365758472,Note Cosmetics,"Хайлайтер, скульптор",
3701365760345,Note Cosmetics,Компактная пудра,10 г
3701365760352,Note Cosmetics,Румяна,10 г
3701365760369,Note Cosmetics,Румяна,10 г
3701365760383,Note Cosmetics,Румяна,10 г
3701365760390,Note Cosmetics,Румяна,10 г
3701365760406,Note Cosmetics,Румяна,10 г
3701365765258,Note Cosmetics,"Корректор, консилер для лица",4.5 мл
3701365765296,Note Cosmetics,"Корректор, консилер для лица",4.5 мл
3701365765319,Note Cosmetics,"Корректор, консилер для лица",4.5 мл
3701365765814,Note Cosmetics,Карандаши для бровей,
3701365765838,Note Cosmetics,Карандаши для бровей,
3701365765852,Note Cosmetics,Карандаши для бровей,
3701365765876,Note Cosmetics,Карандаши для бровей,1.1 г
3701365765890,Note Cosmetics,Карандаши для бровей,1.1 г
3701365765913,Note Cosmetics,Карандаши для бровей,1.1 г
3701365769904,Note Cosmetics,Рассыпчатая пудра,14 г
3701365774700,Note Cosmetics,Тональная основа,
3701365774717,Note Cosmetics,Тональная основа,35 мл
3701365774724,Note Cosmetics,Тональная основа,
3701365774731,Note Cosmetics,Тональная основа,35 мл
3701365774748,Note Cosmetics,Тональная основа,35 мл
3701365780671,Note Cosmetics,Тональная основа,35 мл
3701365780688,Note Cosmetics,Тональная основа,30 мл
3701365780695,Note Cosmetics,Тональная основа,30 мл
3701365780701,Note Cosmetics,Тональная основа,35 мл
3701365780718,Note Cosmetics,Тональная основа,30 мл
3701365782989,Note Cosmetics,BB и CC крем,30 мл
3701365782996,Note Cosmetics,BB и CC крем,
3701365783016,Note Cosmetics,BB и CC крем,30 мл
3701365783023,Note Cosmetics,BB и CC крем,30 мл
3701365798331,Note Cosmetics,Тональная основа,30 мл
3701365798393,Note Cosmetics,Тональная основа,
3701365798454,Note Cosmetics,Тональная основа,
3701365798638,Note Cosmetics,База под макияж,35 мл
3701365799611,Note Cosmetics,"Корректор, консилер для лица",
3701365799673,Note Cosmetics,"Корректор, консилер для лица",
3760016770287,Lorian,"Парфюмерия, парфюмерные наборы",100 мл
3760016770324,Lorian,"Парфюмерия, парфюмерные наборы",100 мл
3760035450221,BDK Parfums,"Парфюмерия, парфюмерные наборы",100 мл
3760237854087,Note Cosmetics,Компактная пудра,
3760237854094,Note Cosmetics,Компактная пудра,
3760237854100,Note Cosmetics,Компактная пудра,10 г
3760237854261,Note Cosmetics,"Крем-пудра, кушон",10 г
3760260450065,Montale,"Парфюмерия, парфюмерные наборы",100 мл
3760260450386,Montale,"Парфюмерия, парфюмерные наборы",100 мл
3760260451819,Montale,"Парфюмерия, парфюмерные наборы",100 мл
3760260455657,Montale,"Парфюмерия, парфюмерные наборы",100 мл
3760260455664,Montale,"Парфюмерия, парфюмерные наборы",100 мл
3760260458597,Montale,"Парфюмерия, парфюмерные наборы",100 мл
3760260458733,Montale,"Парфюмерия, парфюмерные наборы",100 мл
3760265193134,Mancera,"Парфюмерия, парфюмерные наборы",120 мл
3800029863672,Bionda Professional,Маска для волос,1000 мл
3800029866697,Bionda Professional,Краска для волос,50 мл
3800029866727,Bionda Professional,Краска для волос,50 мл
3800029866734,Bionda Professional,Краска для волос,50 мл
3800029866741,Bionda Professional,Краска для волос,50 мл
3800029866765,Bionda Professional,Краска для волос,50 мл
3800029866772,Bionda Professional,Краска для волос,50 мл
3800029866789,Bionda Professional,Краска для волос,50 мл
3800029866802,Bionda Professional,Краска для волос,50 мл
3800029866819,Bionda Professional,Краска для волос,50 мл
3800029866826,Bionda Professional,Краска для волос,50 мл
3800029866833,Bionda Professional,Краска для волос,50 мл
3800029866857,Bionda Professional,Краска для волос,50 мл
3800029866864,Bionda Professional,Краска для волос,50 мл
3800029866925,Bionda Professional,Краска для волос,50 мл
3800029866963,Bionda Professional,Краска для волос,50 мл
3800226540000,Impala,Тональная основа,
3800226540017,Impala,Тональная основа,
3800226540024,Impala,Тональная основа,
3800226540031,Impala,Тональная основа,
3800226540048,Impala,Тональная основа,
3800226540116,Impala,Тональная основа,
3800226540123,Impala,Тональная основа,
3800226540222,Impala,Компактная пудра,
3800226540239,Impala,Компактная пудра,12 г
3800226540246,Impala,Компактная пудра,
3800226540260,Impala,Компактная пудра,
3800226540277,Impala,Бронзер,
3800226540284,Impala,Компактная пудра,
3800226540314,Impala,"Корректор, консилер для лица",6 мл
3800226540321,Impala,"Корректор, консилер для лица",6 мл
3800226540338,Impala,"Хайлайтер, скульптор",
3800226540345,Impala,"Хайлайтер, скульптор",
3800226540352,Impala,Румяна,
3800226540369,Impala,Румяна,6 г
3800226540376,Impala,Румяна,
3800226540383,Impala,Румяна,
3800226540406,Impala,Румяна,
3800226540413,Impala,Румяна,
3800226540925,Impala,Тушь для ресниц,13 мл
3800226540970,Impala,Тушь для ресниц,15 мл
3800226541021,Impala,Тушь для ресниц,15 мл
3800226541205,Impala,"Подводка, лайнер для глаз",
3800226541267,Impala,Карандаш для губ,
3800226541281,Impala,Карандаш для губ,
3800226541298,Impala,Карандаш для губ,
3800226541304,Impala,Карандаш для губ,
3800226541335,Impala,Карандаш для губ,
3800226541342,Impala,Карандаш для губ,
3800226541359,Impala,Карандаш для губ,
3800226541373,Impala,Карандаш для губ,
3800226541441,Impala,Карандаш для губ,
3800226541458,Impala,Карандаш для губ,
3800226541472,Impala,Карандаш для губ,
3800226541502,Impala,Карандаш для губ,
3800226541533,Impala,Карандаш для губ,
3800226541557,Impala,Карандаш для губ,
3800226541571,Impala,Карандаш для губ,
3800226541588,Impala,Карандаш для губ,
3800226541595,Impala,Карандаш для губ,
3800226541601,Impala,Карандаш для губ,
3800226541762,Impala,Карандаш для глаз,
3800226542080,Impala,Карандаш для глаз,
3800226542097,Impala,Карандаши для бровей,
3800226542103,Impala,Карандаши для бровей,
3800226542110,Impala,Карандаши для бровей,
3800226542585,Impala,Карандаш для губ,
3800226543124,Impala,Помада,
3800226543148,Impala,Помада,4 г
3800226543162,Impala,Помада,4 г
3800226543247,Impala,Помада,
3800226543261,Impala,Помада,
3800226543292,Impala,Помада,4 г
3800226543308,Impala,Помада,4 г
3800226543315,Impala,Помада,
3800226543544,Impala,Блеск для губ,6 мл
3800226543599,Impala,Блеск для губ,6 мл
3800226543605,Impala,Блеск для губ,6 мл
3800226543612,Impala,Блеск для губ,6 мл
3800226543643,Impala,Блеск для губ,6 мл
3800226543926,Impala,Блеск для губ,6 мл
3800226543933,Impala,Блеск для губ,6 мл
3800226543957,Impala,Блеск для губ,6 мл
3800226543988,Impala,Блеск для губ,6 мл
3800226543995,Impala,Блеск для губ,6 мл
3800226544015,Impala,Блеск для губ,6 мл
3800226544039,Impala,Блеск для губ,6 мл
3800226544114,Impala,Блеск для губ,6 мл
3800226544121,Impala,Блеск для губ,6 мл
3800226544145,Impala,Блеск для губ,6 мл
3800226544183,Impala,Блеск для губ,6 мл
3800226544220,Impala,Блеск для губ,6 мл
3800226544237,Impala,Блеск для губ,6 мл
3800226546897,Impala,Тени для бровей,
3800226547511,Impala,Тональная основа,
3800226547542,Impala,Тональная основа,30 мл
3800226547559,Impala,Тональная основа,30 мл
3800226547573,Impala,Тональная основа,30 мл
3800226547580,Impala,Тональная основа,30 мл
3800226547597,Impala,Тональная основа,30 мл
3800226547863,Impala,Карандаш для глаз,
4005802324909,Nivea,Бальзам для губ,
4005802324930,Nivea,Бальзам для губ,5.5 мл
4005802324947,Nivea,Бальзам для губ,5.5 мл
4005808166022,Nivea,Гель для душа,250 мл
4005808734559,Nivea,"Дезодорант, антиперспирант",150 мл
4005808909018,Nivea,"Дезодорант, антиперспирант",150 мл
4005900009371,Nivea,"Крем, молочко и лосьон для тела",300 мл
4005900034243,Nivea,"Дезодорант, антиперспирант",150 мл
4005900087973,Nivea,"Дезодорант, антиперспирант",50 мл
4005900088062,Nivea,"Дезодорант, антиперспирант",50 мл
4005900088185,Nivea,"Дезодорант, антиперспирант",50 мл
4005900088413,Nivea,"Дезодорант, антиперспирант",50 мл
4005900092656,Nivea,Бальзам для губ,4.8 г
4005900092663,Nivea,Бальзам для губ,4.8 г
4005900192783,Nivea,Гель для душа,250 мл
4005900388636,Nivea,"Дезодорант, антиперспирант",50 мл
4005900388896,Nivea,"Дезодорант, антиперспирант",50 мл
4005900388933,Nivea,"Дезодорант, антиперспирант",50 мл
4005900730299,Nivea,"Дезодорант, антиперспирант",50 мл
4005900761125,Nivea,"Дезодорант, антиперспирант",150 мл
4005900833464,Nivea,"Дезодорант, антиперспирант",150 мл
4005900919212,Nivea,"Дезодорант, антиперспирант",50 мл
4005900923493,Nivea,"Дезодорант, антиперспирант",50 мл
4005900940049,Nivea,"Дезодорант, антиперспирант",50 мл
4005900996114,Nivea,Бальзам для губ,4.8 г
4006000022222,Nivea,Крем для лица,50 мл
4006000072418,Nivea,Крем для лица,50 мл
4011700817016,s.Oliver,"Парфюмерия, парфюмерные наборы",30 мл
4011700817047,s.Oliver,"Парфюмерия, парфюмерные наборы",50 мл
4011700819058,s.Oliver,"Парфюмерия, парфюмерные наборы",30 мл
4011700819065,s.Oliver,"Парфюмерия, парфюмерные наборы",30 мл
4011700837045,Otto Kern,"Парфюмерия, парфюмерные наборы",30 мл
4011700837106,Otto Kern,"Парфюмерия, парфюмерные наборы",50 мл
4011700845132,Otto Kern,"Парфюмерия, парфюмерные наборы",30 мл
4011700845149,Otto Kern,"Парфюмерия, парфюмерные наборы",50 мл
4011700846160,Otto Kern,"Парфюмерия, парфюмерные наборы",30 мл
4011700846177,Otto Kern,"Парфюмерия, парфюмерные наборы",50 мл
4011700848010,Otto Kern,"Парфюмерия, парфюмерные наборы",30 мл
4011700854172,Otto Kern,"Парфюмерия, парфюмерные наборы",30 мл
4011700854202,Otto Kern,"Парфюмерия, парфюмерные наборы",30 мл
4011700855001,s.Oliver,"Парфюмерия, парфюмерные наборы",30 мл
4011700856008,s.Oliver,"Парфюмерия, парфюмерные наборы",30 мл
4011700856015,s.Oliver,"Парфюмерия, парфюмерные наборы",50 мл
4011700862054,s.Oliver,"Парфюмерия, парфюмерные наборы",50 мл
4011700865130,s.Oliver,"Парфюмерия, парфюмерные наборы",30 мл
4011700865208,s.Oliver,"Парфюмерия, парфюмерные наборы",50 мл
4011700878017,s.Oliver,"Парфюмерия, парфюмерные наборы",50 мл
4011700885015,s.Oliver,"Парфюмерия, парфюмерные наборы",50 мл
4011700886005,s.Oliver,"Парфюмерия, парфюмерные наборы",30 мл
4011700888184,s.Oliver,"Парфюмерия, парфюмерные наборы",30 мл
4011700888191,s.Oliver,"Парфюмерия, парфюмерные наборы",50 мл
4011700889082,s.Oliver,"Парфюмерия, парфюмерные наборы",30 мл
4011700889150,s.Oliver,"Парфюмерия, парфюмерные наборы",30 мл
4011700898114,s.Oliver,"Парфюмерия, парфюмерные наборы",30 мл
4011700899098,s.Oliver,"Парфюмерия, парфюмерные наборы",30 мл
4011700932009,Route 66,"Парфюмерия, парфюмерные наборы",100 мл
4011700932016,Route 66,"Парфюмерия, парфюмерные наборы",100 мл
4011700932092,Route 66,"Парфюмерия, парфюмерные наборы",100 мл
4011700932122,Route 66,"Парфюмерия, парфюмерные наборы",100 мл
4015100185096,Palette,Краска для волос,
4015100804867,Syoss,Шампунь,440 мл
4015100804966,Syoss,Шампунь,440 мл
4015100805802,Taft,Гель для волос,150 мл
4015100812190,Gliss Kur,Шампунь,400 мл
4015100812213,Gliss Kur,Шампунь,400 мл
4015100812459,Gliss Kur,Шампунь,400 мл
4015100812534,Gliss Kur,Шампунь,400 мл
4015100812633,Gliss Kur,"Бальзам, кондиционер, ополаскиватель",200 мл
4015100812657,Gliss Kur,"Бальзам, кондиционер, ополаскиватель",200 мл
4015100812718,Gliss Kur,"Бальзам, кондиционер, ополаскиватель",200 мл
4015100812732,Gliss Kur,"Бальзам, кондиционер, ополаскиватель",200 мл
4015100812855,Gliss Kur,Шампунь,400 мл
4015100813678,Gliss Kur,"Бальзам, кондиционер, ополаскиватель",200 мл
4015100813692,Gliss Kur,"Бальзам, кондиционер, ополаскиватель",200 мл
4015100813715,Gliss Kur,"Бальзам, кондиционер, ополаскиватель",200 мл
4015100813739,Gliss Kur,"Бальзам, кондиционер, ополаскиватель",200 мл
4015100861082,Palette,Краска для волос,50 мл
4015100861129,Palette,Краска для волос,50 мл
4015100861143,Palette,Краска для волос,50 мл
4015100861181,Palette,Краска для волос,110 мл
4015100861228,Palette,Краска для волос,50 мл
4015100861242,Palette,Краска для волос,110 мл
4015100861280,Palette,Краска для волос,50 мл
4015100863062,Gliss Kur,Шампунь,400 мл
4015100863109,Gliss Kur,"Бальзам, кондиционер, ополаскиватель",200 мл
4015600810849,Gillette,"Дезодорант, антиперспирант",70 мл
4015600862343,Old Spice,"Дезодорант, антиперспирант",70 мл
4045787669886,Schwarzkopf Professional,Лак для волос,500 мл
4049775000958,Wet N Wild,Тени для век,1.4 г
4049775515018,Wet N Wild,Тушь для ресниц,8 мл
4049775587527,Wet N Wild,"Подводка, лайнер для глаз",0.5 г
4049775587909,Wet N Wild,"Подводка, лайнер для глаз",5 мл
4056800875542,Wella,Краска для волос,110 мл
4059729043252,Catrice,Блеск для губ,5 мл
4059729255464,Essence,"Хайлайтер, скульптор",
4059729268259,Catrice,"Хайлайтер, скульптор",
4059729276520,Catrice,Бальзам для губ,4.5 г
4059729312259,Catrice,Гель для бровей,"4,1 г"
4059729332714,Catrice,Бронзер,8 г
4059729338723,Essence,Бронзер,
4059729348333,Essence,Бальзам для губ,3 г
4059729348340,Essence,Бальзам для губ,3 г
4059729348357,Essence,Бальзам для губ,3 г
4059729355621,Catrice,Помада,
4059729355669,Catrice,Бальзам для губ,3.5 г
4059729355706,Catrice,Помада,3.5 г
4059729357533,Catrice,Тушь для ресниц,10 мл
4059729357939,Catrice,База под макияж,30 мл
4059729358110,Catrice,Бальзам для губ,3.5 г
4059729359537,Catrice,Тушь для ресниц,10 мл
4059729363718,Essence,Блеск для губ,10 мл
4059729366993,Catrice,Тени для век,
4059729367013,Catrice,Тени для век,9 г
4059729371539,Catrice,Тени для век,4 г
4059729375575,Catrice,Тушь для ресниц,11 мл
4059729376473,Catrice,Румяна,5.5 г
4059729377067,Catrice,Румяна,5.5 г
4059729377562,Catrice,Румяна,5.5 г
4059729378880,Catrice,Блеск для губ,10 мл
4059729379573,Catrice,Блеск для губ,10 мл
4059729382931,Essence,"Хайлайтер, скульптор",7 г
4059729394194,Catrice,Палетки для макияжа,15 г
4059729394583,Essence,Блеск для губ,10 мл
4059729395184,Essence,Блеск для губ,10 мл
4059729399946,Catrice,Тональная основа,30 мл
4059729407580,Essence,Тинт для губ,4 мл
4059729419675,Catrice,Блеск для губ,4 мл
4059729419682,Catrice,Блеск для губ,4 мл
4059729419712,Catrice,Блеск для губ,4 мл
4064666586595,Wella,Краска для волос,110 мл
4075700160466,Tresan,"Крем, молочко и лосьон для тела",250 мл
4075700160480,Tresan,"Крем, молочко и лосьон для тела",250 мл
4084500489479,Old Spice,"Дезодорант, антиперспирант",50 мл
4084500490581,Old Spice,"Дезодорант, антиперспирант",50 мл
4250035271180,Essence,Гель для бровей,
4250338412037,Essence,Компактная пудра,
4250587753509,Catrice,Тушь для ресниц,10 мл
4250587768398,Catrice,Тушь для ресниц,10 мл
4250620030383,Mozart House,Кусачки и книпсеры,
4250620051111,Mozart House,Маникюрные ножницы,
4250620051227,Mozart House,Маникюрные ножницы,
4250620052019,Mozart House,Кусачки и книпсеры,
4250620052828,Mozart House,Кусачки и книпсеры,
4250620053009,Mozart House,"Кюретки, лопатки, триммеры",
4250620054006,Mozart House,Маникюрные ножницы,
4250620054013,Mozart House,Маникюрные ножницы,
4250620054099,Mozart House,Маникюрные ножницы,
4250620054129,Mozart House,Маникюрные ножницы,
4250620054211,Mozart House,Маникюрные ножницы,
4250620054297,Mozart House,Маникюрные ножницы,
4250620054495,Mozart House,Маникюрные ножницы,
4250620054594,Mozart House,Маникюрные ножницы,
4250620054693,Mozart House,Маникюрные ножницы,
4250620054891,Mozart House,Маникюрные ножницы,
4250620055010,Mozart House,Маникюрные ножницы,
4250620055058,Mozart House,Кусачки и книпсеры,
4250620055102,Mozart House,Кусачки и книпсеры,
4250620055317,Mozart House,Кусачки и книпсеры,
4250620055621,Mozart House,Кусачки и книпсеры,
4250620055690,Mozart House,Кусачки и книпсеры,
4250620056000,Mozart House,Маникюрные ножницы,
4250620058004,Mozart House,Кусачки и книпсеры,
4250620058011,Mozart House,Кусачки и книпсеры,
4250620058042,Mozart House,Кусачки и книпсеры,
4250620058059,Mozart House,Кусачки и книпсеры,
4250620059056,Mozart House,Пинцеты,
4250620059063,Mozart House,Пинцеты,
4250620059094,Mozart House,Пинцеты,
4250620059155,Mozart House,Пинцеты,
4250620159503,Mozart House,Маникюрные ножницы,
4250620159510,Mozart House,Маникюрные ножницы,
4250620159527,Mozart House,Маникюрные ножницы,
4250947501245,Essence,Тушь для ресниц,12 мл
4250947516027,Essence,Тушь для ресниц,12 мл
4250947544686,Catrice,"Корректор, консилер для лица",5 мл
4250947598306,Catrice,Тональная основа,30 мл
4250947598313,Catrice,Тональная основа,30 мл
4251187950084,Keen,Краска для волос,100 мл
4251187950091,Keen,Краска для волос,100 мл
4251187950107,Keen,Краска для волос,100 мл
4251187950114,Keen,Краска для волос,100 мл
4251187950169,Keen,Краска для волос,100 мл
4251187950176,Keen,Краска для волос,100 мл
4251187950206,Keen,Краска для волос,100 мл
4251187950299,Keen,Краска для волос,100 мл
4251187950305,Keen,Краска для волос,100 мл
4251187950312,Keen,Краска для волос,100 мл
4251187950329,Keen,Краска для волос,100 мл
4251187950336,Keen,Краска для волос,100 мл
4251187950343,Keen,Краска для волос,100 мл
4251187950350,Keen,Краска для волос,100 мл
4251187950367,Keen,Краска для волос,
4251187950374,Keen,Краска для волос,100 мл
4251187950480,Keen,Краска для волос,100 мл
4251187950510,Keen,Краска для волос,100 мл
4251187950527,Keen,Краска для волос,100 мл
4251187950534,Keen,Краска для волос,100 мл
4251187950541,Keen,Краска для волос,100 мл
4251187950558,Keen,Краска для волос,100 мл
4251187950565,Keen,Краска для волос,100 мл
4251187950657,Keen,Краска для волос,100 мл
4251187950664,Keen,Краска для волос,100 мл
4251187950671,Keen,Краска для волос,100 мл
4251187950688,Keen,Краска для волос,100 мл
4251187950695,Keen,Краска для волос,100 мл
4251187950701,Keen,Краска для волос,100 мл
4251187950718,Keen,Краска для волос,100 мл
4251187950725,Keen,Краска для волос,100 мл
4251187950732,Keen,Краска для волос,100 мл
4251187950817,Keen,Краска для волос,100 мл
4251187950831,Keen,Краска для волос,100 мл
4251187950855,Keen,Краска для волос,100 мл
4251187950862,Keen,Краска для волос,100 мл
4251187950879,Keen,Краска для волос,100 мл
4251187950886,Keen,Краска для волос,100 мл
4251187950947,Keen,Краска для волос,100 мл
4251187950985,Keen,Краска для волос,100 мл
4251187951210,Keen,Краска для волос,100 мл
4251187951227,Keen,Краска для волос,100 мл
4251187951234,Keen,Краска для волос,100 мл
4251187951265,Keen,Краска для волос,100 мл
4251187951272,Keen,Краска для волос,100 мл
4251187951289,No Brand,Краска для волос,100 мл
4251187951296,Keen,Краска для волос,100 мл
4251187954525,Keen,Краска для волос,100 мл
4251232284300,Catrice,"Корректор, консилер для лица",
4251232284324,Catrice,"Корректор, консилер для лица",
4336986767894,Ресничка,Карандаш для губ,6 г
4336986767900,Ресничка,Карандаш для губ,6 г
4336986767917,Ресничка,Карандаш для губ,6 г
4336986767924,Ресничка,Карандаш для губ,6 г
4336986767931,Ресничка,Карандаш для губ,6 г
4336986767948,Ресничка,Карандаш для губ,6 г
4336986767955,Ресничка,Карандаш для губ,6 г
4336986767962,Ресничка,Карандаш для губ,6 г
4336986767979,Ресничка,Карандаш для губ,6 г
4336986767986,Ресничка,Карандаш для губ,6 г
4393720445692,Ресничка,Карандаш для губ,4 г
4393720445968,Ресничка,Карандаш для губ,4 г
4393720446149,Ресничка,Карандаш для губ,4 г
4393720446231,Ресничка,Карандаш для глаз,4 г
4393720446262,Ресничка,Карандаш для глаз,4 г
4550516475961,SHISEIDO,Шампунь,550 мл
4600104006777,Моя Прелесть,Детский шампунь и кондиционер,250 мл
4600104008405,Прелесть,Лак для волос,300 мл
4600104029721,Deonica,"Дезодорант, антиперспирант",200 мл
4600104029813,Deonica,"Дезодорант, антиперспирант",200 мл
4600104029837,Deonica,"Дезодорант, антиперспирант",200 мл
4600104029868,Deonica,"Дезодорант, антиперспирант",50 мл
4600104030079,Deonica,"Дезодорант, антиперспирант",200 мл
4600104033391,Deonica,"Дезодорант, антиперспирант",200 мл
4600104033636,Моя Прелесть,Детский шампунь и кондиционер,250 мл
4600104034008,Моя Прелесть,Детский шампунь и кондиционер,500 мл
4600104035418,Deonica,"Дезодорант, антиперспирант",200 мл
4600104035425,Deonica,"Дезодорант, антиперспирант",200 мл
4600104037450,Deonica,"Дезодорант, антиперспирант",200 мл
4600104038006,Моя Прелесть,Детский шампунь и кондиционер,250 мл
4600104038020,Моя Прелесть,Детский шампунь и кондиционер,250 мл
4600697130903,Ушастый нянь,Детский шампунь и кондиционер,200 мл
4600697130910,Ушастый нянь,Детский шампунь и кондиционер,200 мл
4600697130927,Ушастый нянь,Детский шампунь и кондиционер,200 мл
4600697151007,Ушастый нянь,Детский гель и пенка для купания,250 мл
4602006309765,Influence Beauty,Тональная основа,25 мл
4602006309932,Influence Beauty,Румяна,3 г
4602006310419,Influence Beauty,"Хайлайтер, скульптор",6.5 г
4602006310587,Influence Beauty,"Корректор, консилер для лица",7 мл
4602006311119,Influence Beauty,Тушь для ресниц,14 мл
4602006311942,Influence Beauty,Карандаш для глаз,
4602006314080,Influence Beauty,Помада,4 г
4602006352969,Love Generation,Помада,
4602006352990,Love Generation,Карандаш для губ,
4602006353072,Love Generation,Карандаш для губ,
4602006353881,Love Generation,Блеск для губ,
4602006353959,Love Generation,Блеск для губ,
4602006353980,Love Generation,Тинт для губ,
4602006354147,Love Generation,"Корректор, консилер для лица",5 мл
4602006385165,Influence Beauty,Карандаш для глаз,
4602006385172,Influence Beauty,Карандаш для глаз,
4602006385189,Influence Beauty,Карандаш для глаз,
4602006385356,Influence Beauty,"Корректор, консилер для лица",
4602152003463,Тоника,Тонирующий бальзам,150 мл
4602152003593,Тоника,Тонирующий бальзам,150 мл
4603734856323,Mixit,Сыворотки и эликсиры,30 мл
4603734856330,Mixit,Сыворотки и эликсиры,30 мл
4603734858396,Mixit,Сыворотки и эликсиры,30 мл
4604094044030,Bloom Cosmetics,Уход за кожей рук,200 мл
4604094044047,Bloom Cosmetics,Уход за кожей рук,200 мл
4605319000466,Floresan Cosmetic,Средства против прыщей и акне,150 мл
4605319001265,Floresan Cosmetic,Солнцезащитные средства,125 мл
4605319001289,Floresan Cosmetic,Бронзанты и средства для автозагара,125 мл
4605319001388,Floresan Cosmetic,"Скраб, пилинг и эксфолиант",100 мл
4605319001456,Floresan Cosmetic,Детская солнцезащитная косметика,125 мл
4605319001463,Floresan Cosmetic,Солнцезащитные средства,125 мл
4605319001524,Floresan Cosmetic,Масла и средства для загара,135 мл
4605319001531,Floresan Cosmetic,Масла и средства для загара,135 мл
4605319001548,Floresan Cosmetic,Масла и средства для загара,135 мл
4605319001593,Floresan Cosmetic,Антицеллюлитные и моделирующие средства,135 мл
4605319001661,Floresan Cosmetic,Крем для депиляции,50 мл
4605319001920,Floresan Cosmetic,Солнцезащитные средства,125 мл
4605319002309,Floresan Cosmetic,Средства от растяжек,500 мл
4605319002316,Floresan Cosmetic,Антицеллюлитные и моделирующие средства,500 мл
4605319002972,Floresan Cosmetic,Антицеллюлитные и моделирующие средства,500 мл
4605319002989,Floresan Cosmetic,Солнцезащитные средства,125 мл
4605319003979,Floresan Cosmetic,"Скраб, пилинг и эксфолиант",150 мл
4605319004969,Floresan Cosmetic,"Крем, молочко и лосьон для тела",200 мл
4605319004983,Floresan Cosmetic,Антицеллюлитные и моделирующие средства,200 мл
4605319004990,Floresan Cosmetic,Солнцезащитные средства,125 мл
4605319005089,Floresan Cosmetic,"Детский крем, молочко, масло",200 мл
4605319005324,Floresan Cosmetic,Солнцезащитные средства,60 мл
4605319005355,Floresan Cosmetic,Уход за кожей ног,150 мл
4605319005362,Floresan Cosmetic,Уход за кожей ног,100 мл
4605319005379,Floresan Cosmetic,Уход за кожей ног,150 мл
4605319005935,Floresan Cosmetic,Детская солнцезащитная косметика,150 мл
4605319005942,Floresan Cosmetic,Детская солнцезащитная косметика,200 мл
4605319005959,Floresan Cosmetic,Детская солнцезащитная косметика,200 мл
4605319005966,Floresan Cosmetic,Детская солнцезащитная косметика,200 мл
4605319006222,Floresan Cosmetic,Воск и полоски для депиляции,
4605319006246,Floresan Cosmetic,Воск и полоски для депиляции,
4605319006253,Floresan Cosmetic,Воск и полоски для депиляции,
4605319006260,Floresan Cosmetic,Воск и полоски для депиляции,
4605319006277,Floresan Cosmetic,Воск и полоски для депиляции,
4605319006642,Floresan Cosmetic,Бронзанты и средства для автозагара,100 мл
4605319006680,Floresan Cosmetic,Детская солнцезащитная косметика,150 мл
4605319006697,Floresan Cosmetic,Детская солнцезащитная косметика,50 мл
4605319006802,Floresan Cosmetic,Уход после загара,75 мл
4605319006819,Floresan Cosmetic,Уход после загара,100 мл
4605319006826,Floresan Cosmetic,Детская солнцезащитная косметика,75 мл
4605319006833,Floresan Cosmetic,Уход после загара,150 мл
4605319006840,Floresan Cosmetic,Масла и средства для загара,150 мл
4605319007403,Floresan Cosmetic,Уход после загара,150 мл
4605319007489,Floresan Cosmetic,Масла и средства для загара,160 мл
4605319007496,Floresan Cosmetic,Масла и средства для загара,160 мл
4605319007502,Floresan Cosmetic,Бронзанты и средства для автозагара,160 мл
4605319007519,Floresan Cosmetic,Бронзанты и средства для автозагара,160 мл
4605319008158,Floresan Cosmetic,Уход после загара,150 мл
4605319008172,Floresan Cosmetic,Уход за кожей ног,100 мл
4605319008202,Floresan Cosmetic,Масла и средства для загара,150 мл
4605319008226,Floresan Cosmetic,Масла и средства для загара,135 мл
4605319008592,Floresan Cosmetic,Пенка и мусс для умывания,150 мл
4605319008646,Floresan Cosmetic,"Скраб, пилинг и эксфолиант",150 мл
4605319008660,Floresan Cosmetic,Маски-пленки,150 мл
4605319008684,Floresan Cosmetic,Средства против прыщей и акне,150 мл
4605319009063,Floresan Cosmetic,Уход после загара,200 мл
4605319010922,Floresan Cosmetic,"Тоник, лосьон для лица",170 мл
4605319010939,Floresan Cosmetic,"Скраб, пилинг и эксфолиант",150 мл
4605319011141,Floresan Cosmetic,Детский шампунь и кондиционер,300 мл
4605319011394,Floresan Cosmetic,Солнцезащитные средства,75 мл
4605319011400,Floresan Cosmetic,Солнцезащитные средства,75 мл
4605319011417,Floresan Cosmetic,Солнцезащитные средства,75 мл
4605319011950,Floresan Cosmetic,Уход за кожей рук,450 мл
4605319012322,Floresan Cosmetic,Средства для интимной гигиены,250 мл
4605319012339,Floresan Cosmetic,Солнцезащитные средства,60 мл
4605319012452,Floresan Cosmetic,Крем для депиляции,50 мл
4605319012506,Floresan Cosmetic,Воск и полоски для депиляции,
4605319012513,Floresan Cosmetic,Воск и полоски для депиляции,
4605319012520,Floresan Cosmetic,Воск и полоски для депиляции,
4605319013275,Floresan Cosmetic,Мицеллярная вода и гель,150 мл
4605319013411,Floresan Cosmetic,"Лосьон, спрей, сыворотка для волос",135 мл
4605319013428,Floresan Cosmetic,Термозащита для укладки,135 мл
4605319013435,Floresan Cosmetic,"Лосьон, спрей, сыворотка для волос",135 мл
4605319013732,Floresan Cosmetic,Уход за кожей рук,250 мл
4605319013749,Floresan Cosmetic,Уход за кожей рук,250 мл
4605319013763,Floresan Cosmetic,"Крем, молочко и лосьон для тела",150 мл
4605319013770,Floresan Cosmetic,Уход за кожей ног,100 мл
4605319013930,Floresan Cosmetic,Мицеллярная вода и гель,300 мл
4605319013978,Floresan Cosmetic,Солнцезащитные средства,160 мл
4605319013985,Floresan Cosmetic,Солнцезащитные средства,160 мл
4605319014012,Floresan Cosmetic,"Скраб, пилинг и эксфолиант",150 мл
4605319014036,Floresan Cosmetic,"Скраб, пилинг и эксфолиант",150 мл
4605319014050,Floresan Cosmetic,Маски-пленки,150 мл
4605319014074,Floresan Cosmetic,Маски-пленки,150 мл
4605319014739,Floresan Cosmetic,"Бальзам, кондиционер, ополаскиватель",300 мл
4605319014753,Floresan Cosmetic,"Тоник, лосьон для лица",300 мл
4605319014760,Floresan Cosmetic,"Тоник, лосьон для лица",300 мл
4605319014777,Floresan Cosmetic,"Тоник, лосьон для лица",300 мл
4605319014784,Floresan Cosmetic,"Тоник, лосьон для лица",300 мл
4605319014852,Floresan Cosmetic,Уход за шеей и зоной декольте,75 мл
4605319014869,Floresan Cosmetic,Уход за шеей и зоной декольте,75 мл
4605319014883,Floresan Cosmetic,Уход за шеей и зоной декольте,75 мл
4605319015149,Floresan Cosmetic,Уход за кожей рук,100 мл
4605319015965,Floresan Cosmetic,"Скраб, пилинг и эксфолиант",150 мл
4605319016139,Floresan Cosmetic,"Скраб, пилинг и эксфолиант",150 мл
4605319016207,Floresan Cosmetic,"Скраб, пилинг и эксфолиант",150 мл
4605319016375,Floresan Cosmetic,Уход за кожей рук,250 мл
4605319016399,Floresan Cosmetic,"Скраб, пилинг и эксфолиант",150 мл
4605319016443,Floresan Cosmetic,Пенка и мусс для умывания,150 мл
4605319016481,Floresan Cosmetic,Маски-пленки,150 мл
4605319016498,Floresan Cosmetic,Солнцезащитные средства,75 мл
4605319016986,Floresan Cosmetic,Средства для интимной гигиены,250 мл
4605319016993,Floresan Cosmetic,Средства для интимной гигиены,250 мл
4605319017433,Floresan Cosmetic,Шампунь,400 мл
4605319017457,Floresan Cosmetic,Маска для волос,450 мл
4605319017501,Floresan Cosmetic,Воск и полоски для депиляции,
4605319017518,Floresan Cosmetic,Воск и полоски для депиляции,
4605319017525,Floresan Cosmetic,Уход за кожей рук,250 мл
4605319017532,Floresan Cosmetic,Уход за кожей рук,250 мл
4605319017549,Floresan Cosmetic,Уход за кожей рук,250 мл
4605319017556,Floresan Cosmetic,Средства против прыщей и акне,50 мл
4605319017686,Floresan Cosmetic,Уход за кожей рук,450 мл
4605319017747,Floresan Cosmetic,Воск и полоски для депиляции,
4605319017976,Floresan Cosmetic,Воск и полоски для депиляции,
4605319018195,Floresan Cosmetic,"Скраб, пилинг и эксфолиант",150 мл
4605319018201,Floresan Cosmetic,"Скраб, пилинг и эксфолиант",150 мл
4605319018874,Floresan Cosmetic,Патчи под глаза,
4605319018881,Floresan Cosmetic,Патчи под глаза,
4605319018898,Floresan Cosmetic,Патчи под глаза,
4605319018942,Floresan Cosmetic,"Детский крем, молочко, масло",250 мл
4605319019062,Floresan Cosmetic,Солнцезащитные средства,60 мл
4605319019086,Floresan Cosmetic,Детская солнцезащитная косметика,100 мл
4605319019147,Floresan Cosmetic,Воск и полоски для депиляции,
4605319019154,Floresan Cosmetic,Воск и полоски для депиляции,
4605319019161,Floresan Cosmetic,Воск и полоски для депиляции,
4605319020457,Floresan Cosmetic,Солнцезащитные средства,60 мл
4605319020525,Floresan Cosmetic,"Крем, молочко и лосьон для тела",150 мл
4605319020884,Floresan Cosmetic,Масло для кутикулы,30 мл
4605319020891,Floresan Cosmetic,Масло для кутикулы,30 мл
4605319021584,Floresan Cosmetic,Пенка и мусс для умывания,170 мл
4605319021645,Floresan Cosmetic,Пенка и мусс для умывания,150 мл
4605319021652,Floresan Cosmetic,Пенка и мусс для умывания,170 мл
4605319021782,Floresan Cosmetic,"Крем, молочко и лосьон для тела",250 мл
4605319022581,Floresan Cosmetic,"Крем, молочко и лосьон для тела",250 мл
4605319022857,Floresan Cosmetic,Шампунь,400 мл
4605319022864,Floresan Cosmetic,"Бальзам, кондиционер, ополаскиватель",450 мл
4605319022871,Floresan Cosmetic,"Лосьон, спрей, сыворотка для волос",275 мл
4605319022888,Floresan Cosmetic,"Лосьон, спрей, сыворотка для волос",12 мл
4605319022895,Floresan Cosmetic,Шампунь,400 мл
4605319022918,Floresan Cosmetic,"Лосьон, спрей, сыворотка для волос",275 мл
4605319022925,Floresan Cosmetic,"Лосьон, спрей, сыворотка для волос",12 мл
4605319022970,Floresan Cosmetic,"Бальзам, кондиционер, ополаскиватель",275 мл
4605319022987,Floresan Cosmetic,"Бальзам, кондиционер, ополаскиватель",275 мл
4605319023021,Floresan Cosmetic,Крем для лица,75 мл
4605319024240,Floresan Cosmetic,Крем для депиляции,150 мл
4605319024387,Floresan Cosmetic,Лечебный уход за бровями и ресницами,9 мл
4605319024394,Floresan Cosmetic,Лечебный уход за бровями и ресницами,9 мл
4605319024608,Floresan Cosmetic,Пенка и мусс для умывания,170 мл
4605698005922,Nivea,Гель для душа,250 мл
4605922006640,Rexona,"Дезодорант, антиперспирант",200 мл
4605922006718,Rexona,"Дезодорант, антиперспирант",200 мл
4605922006732,Rexona,"Дезодорант, антиперспирант",200 мл
4605922006763,Rexona,"Дезодорант, антиперспирант",200 мл
4605922006770,Rexona,"Дезодорант, антиперспирант",200 мл
4605922006831,Rexona,"Дезодорант, антиперспирант",200 мл
4605922006886,Axe,"Дезодорант, антиперспирант",150 мл
4605922007111,Axe,"Дезодорант, антиперспирант",150 мл
4605922007388,Rexona,"Дезодорант, антиперспирант",150 мл
4605922007395,Rexona,"Дезодорант, антиперспирант",200 мл
4605922007401,Rexona,"Дезодорант, антиперспирант",200 мл
4605922007418,Rexona,"Дезодорант, антиперспирант",150 мл
4605922007425,Rexona,"Дезодорант, антиперспирант",150 мл
4605922007432,Axe,"Дезодорант, антиперспирант",150 мл
4605922008132,Clear,Шампунь,400 мл
4605922008293,Clear,Шампунь,400 мл
4605922010487,Clear,Шампунь,400 мл
4605922011859,Rexona,"Дезодорант, антиперспирант",150 мл
4605922013068,Axe,"Дезодорант, антиперспирант",150 мл
4605922022787,Dove,"Дезодорант, антиперспирант",150 мл
4605922022817,Dove,"Дезодорант, антиперспирант",150 мл
4605922022831,Dove,"Дезодорант, антиперспирант",150 мл
4605922023067,Dove,"Дезодорант, антиперспирант",150 мл
4605922023074,Dove,"Дезодорант, антиперспирант",200 мл
4606453001166,Estel Professional,Краска для волос,115 мл
4606453001180,Estel Professional,Краска для волос,115 мл
4606453001272,Estel Professional,Краска для волос,115 мл
4606453001425,Estel Professional,Краска для волос,115 мл
4606453001449,Estel Professional,Краска для волос,115 мл
4606453004013,Estel,Окрашивание бровей и ресниц,50 мл
4606453004020,Estel Professional,Окрашивание бровей и ресниц,50 мл
4606453012346,Estel Professional,Краска для волос,120 мл
4606453034157,Estel Professional,Шампунь,250 мл
4606453034188,Estel Professional,Шампунь,250 мл
4606453034225,Estel Professional,Маска для волос,300 мл
4606453035680,Estel Professional,Краска для волос,60 мл
4606453035697,Estel Professional,Краска для волос,60 мл
4606453035710,Estel Professional,Краска для волос,60 мл
4606453036540,Estel Professional,"Лосьон, спрей, сыворотка для волос",300 мл
4606453038070,Estel Professional,Краска для волос,60 мл
4606453038353,Estel Professional,Краска для волос,60 мл
4606453038360,Estel Professional,Краска для волос,60 мл
4606453038520,Estel Professional,Краска для волос,60 мл
4606453038575,Estel Professional,Краска для волос,60 мл
4606453038674,Estel Professional,Краска для волос,60 мл
4606453038865,Estel Professional,Краска для волос,60 мл
4606453038933,Estel Professional,Краска для волос,60 мл
4606453038957,Estel Professional,Краска для волос,60 мл
4606453038964,Estel Professional,Краска для волос,60 мл
4606453038971,Estel Professional,Краска для волос,60 мл
4606453038988,Estel Professional,Краска для волос,60 мл
4606453038995,Estel Professional,Краска для волос,60 мл
4606453039008,Estel Professional,Краска для волос,60 мл
4606453039015,Estel Professional,Краска для волос,60 мл
4606453039039,Estel Professional,Краска для волос,60 мл
4606453039046,Estel Professional,Краска для волос,60 мл
4606453039107,Estel Professional,Краска для волос,60 мл
4606453039145,Estel Professional,Краска для волос,60 мл
4606453039244,Estel Professional,Краска для волос,60 мл
4606453039251,Estel Professional,Краска для волос,60 мл
4606453039275,Estel Professional,Краска для волос,60 мл
4606453039350,Estel Professional,Краска для волос,60 мл
4606453039381,Estel Professional,Краска для волос,60 мл
4606453039398,Estel Professional,Краска для волос,60 мл
4606453046211,Estel Professional,Шампунь,1000 мл
4606453046488,Estel Professional,"Бальзам, кондиционер, ополаскиватель",200 мл
4606453046549,Estel Professional,"Бальзам, кондиционер, ополаскиватель",200 мл
4606453046563,Estel Professional,Маска для волос,300 мл
4606453046594,Estel Professional,Маска для волос,300 мл
4606453046600,Estel Professional,Маска для волос,300 мл
4606453046648,Estel Professional,Шампунь,250 мл
4606453046662,Estel Professional,Шампунь,250 мл
4606453046686,Estel Professional,Шампунь,250 мл
4606453046723,Estel Professional,Шампунь,250 мл
4606453046730,Estel Professional,Шампунь,250 мл
4606453046747,Estel Professional,Шампунь,250 мл
4606453046808,Estel Professional,Масло и крем для волос,100 мл
4606453046969,Estel Professional,Шампунь,250 мл
4606453046976,Estel Professional,Шампунь,250 мл
4606453063850,Estel Professional,Маска для волос,500 мл
4606453063874,Estel Professional,Маска для волос,500 мл
4606453063904,Estel Professional,Шампунь,300 мл
4606453063928,Estel Professional,Шампунь,300 мл
4606453064024,Estel Professional,"Бальзам, кондиционер, ополаскиватель",250 мл
4606453064239,Estel Professional,Термозащита для укладки,100 мл
4606453065533,Estel Professional,Шампунь,300 мл
4606453065540,Estel Professional,Шампунь,300 мл
4606453065557,Estel Professional,"Лосьон, спрей, сыворотка для волос",200 мл
4606453071800,Estel Professional,Шампунь,250 мл
4607003249380,Вертекс,Средства для интимной гигиены,200 мл
4607051790261,Fito косметик,Краска для волос,125 г
4607051791008,Fito косметик,Краска для волос,35 г
4607051791022,Fito косметик,Краска для волос,35 г
4607051791367,Fito косметик,Краска для волос,70 г
4607051791381,Fito косметик,Краска для волос,70 г
4607051795204,Fito косметик,Средства для снятия лака,110 мл
4607051796393,Fito косметик,Средства для снятия лака,110 мл
4607051796416,Fito косметик,Средства для снятия лака,110 мл
4607051796430,Fito косметик,Средства для снятия лака,110 мл
4607051796454,Fito косметик,Средства для снятия лака,110 мл
4607051796515,Fito косметик,Маска для волос,30 мл
4607051796546,Fito косметик,Маска для волос,30 мл
4607051796577,Fito косметик,Крем для депиляции,100 мл
4607051796591,Fito косметик,Крем для депиляции,100 мл
4607051796614,Fito косметик,Крем для депиляции,100 мл
4607051796638,Fito косметик,Крем для депиляции,100 мл
4607051796799,Fito косметик,Маска для волос,30 мл
4607051798700,Fito косметик,Лечение и укрепление ногтей,8 мл
4607051798717,Fito косметик,Средство для удаления кутикулы,8 мл
4607051798724,Fito косметик,Лечение и укрепление ногтей,8 мл
4607051799523,Fito косметик,Маска для волос,30 мл
4607051799530,Fito косметик,Маска для волос,30 мл
4607075860339,Принцесса,Детская косметика,
4607075867062,Тоника,Тонирующий бальзам,150 мл
4607078360355,Bibi,Прокладки,
4607078360362,Bibi,Прокладки,
4607078360379,Bibi,Прокладки,
4607086560884,Пропеллер,Маски от черных точек,
4607086562765,No Brand,"Скраб, пилинг и эксфолиант",150 мл
4607086562772,Пропеллер,Гель для умывания,150 мл
4607086563564,Novosvit,Мицеллярная вода и гель,460 мл
4607086563649,Пропеллер,Гель для умывания,150 мл
4607086563656,Пропеллер,Средства против прыщей и акне,150 мл
4607086563670,Пропеллер,"Тоник, лосьон для лица",100 мл
4607086563687,Пропеллер,Крем для лица,50 мл
4607086564257,Фельдшер,Шампунь,180 мл
4607086564370,Novosvit,Термальная вода и спреи,50 мл
4607086564523,Пропеллер,Мицеллярная вода и гель,100 мл
4607086564790,Пропеллер,Средства против прыщей и акне,100 мл
4607086566510,Пропеллер,Средства против прыщей и акне,25 мл
4607086566916,Novosvit,Крем для лица,50 мл
4607086567265,Novosvit,"Скраб, пилинг и эксфолиант",100 мл
4607086568118,Пропеллер,Средства против прыщей и акне,100 мл
4607086568125,Пропеллер,Средства против прыщей и акне,100 мл
4607086569214,Novosvit,Мицеллярная вода и гель,110 мл
4607087850601,Velvet,Крем для депиляции,100 мл
4607087850694,Velvet,Крем для депиляции,100 мл
4607087853527,Velvet,Крем для депиляции,100 мл
4607087858775,Compliment,Гель для умывания,200 мл
4607087858782,Compliment,Гель для умывания,200 мл
4607087858799,Compliment,Средства против прыщей и акне,200 мл
4607087858805,Compliment,Средства против прыщей и акне,200 мл
4607087858812,Compliment,"Тоник, лосьон для лица",200 мл
4607087858829,Compliment,Средства против прыщей и акне,25 мл
4607953910033,Compliment,Крем для кожи вокруг глаз,25 мл
4607953910088,Compliment,"Скраб, пилинг для тела",400 мл
4607953910095,Compliment,"Скраб, пилинг для тела",400 мл
4607953910101,Compliment,"Скраб, пилинг для тела",400 мл
4607953910125,Compliment,Мицеллярная вода и гель,250 мл
4607953910132,Compliment,Мицеллярная вода и гель,250 мл
4607953910316,Compliment,Сыворотки и эликсиры,27 мл
4607953910330,Compliment,Сыворотки и эликсиры,27 мл
4607953910484,Compliment,Маска для волос,400 мл
4607953910491,Compliment,Маска для волос,400 мл
4607953910590,Compliment,"Скраб, пилинг и эксфолиант",100 мл
4607953910606,Compliment,"Скраб, пилинг и эксфолиант",100 мл
4607953911092,Compliment,Гель для умывания,200 мл
4607953911139,Compliment,Маски - эксфолианты,130 мл
4607953911146,Compliment,Маски - эксфолианты,130 мл
4607953911153,Compliment,Маски - эксфолианты,130 мл
4607953911429,Compliment,Маска для волос,300 мл
4607953911603,Compliment,Гель для душа,300 мл
4607953911627,Compliment,"Скраб, пилинг для тела",300 мл
4607953911870,Compliment,Маска для волос,500 мл
4607953911887,Compliment,Маска для волос,500 мл
4607953912044,Compliment,Гель для душа,500 мл
4607953912051,Compliment,Гель для душа,500 мл
4607953912068,Compliment,Гель для душа,500 мл
4607953912075,Compliment,Гель для душа,500 мл
4607953912082,Compliment,Гель для душа,500 мл
4607953912129,Compliment,Маска для волос,500 мл
4607953912730,Compliment,Маски-пленки,80 мл
4607953912747,Compliment,Маски-пленки,80 мл
4607953912754,Compliment,Маски-пленки,80 мл
4607953912921,Compliment,Антицеллюлитные и моделирующие средства,500 мл
4607953913164,Compliment,Тонирующий шампунь,300 мл
4607953913195,Compliment,Тонирующий бальзам,500 мл
4607953913560,Compliment,Масло и крем для волос,400 мл
4607953913577,Compliment,Масло и крем для волос,400 мл
4607953913591,Compliment,Мицеллярная вода и гель,400 мл
4607953913607,Compliment,Мицеллярная вода и гель,400 мл
4607953913614,Compliment,Мицеллярная вода и гель,400 мл
4607953913775,Compliment,Средства для интимной гигиены,250 мл
4607953913782,Compliment,Средства для интимной гигиены,250 мл
4607953913799,Compliment,Средства для интимной гигиены,200 мл
4607953913812,Compliment,Средства для интимной гигиены,250 мл
4607953914185,Compliment,"Скраб, пилинг и эксфолиант",27 мл
4607953914192,Compliment,"Скраб, пилинг и эксфолиант",27 мл
4607953914246,Compliment,"Скраб, пилинг и эксфолиант",27 мл
4607953914291,Compliment,Мицеллярная вода и гель,250 мл
4607953914307,Compliment,Мицеллярная вода и гель,250 мл
4607953914802,Compliment,Уход за кожей ног,110 мл
4607953914864,Compliment,Крем для лица,30 мл
4607953914871,Compliment,Сыворотки и эликсиры,30 мл
4607953914888,Compliment,Крем для кожи вокруг глаз,25 мл
4607953914895,Compliment,Антицеллюлитные и моделирующие средства,400 мл
4607953914901,Compliment,"Скраб, пилинг для тела",400 мл
4607953914918,Compliment,"Скраб, пилинг для тела",400 мл
4607953914956,Compliment,Средства против прыщей и акне,200 мл
4607953914963,Compliment,"Тоник, лосьон для лица",200 мл
4607953914987,Compliment,Крем-маски,80 мл
4607953914994,Compliment,Средства против прыщей и акне,200 мл
4607953915014,Compliment,Гель для умывания,200 мл
4607953915021,Compliment,"Скраб, пилинг и эксфолиант",150 мл
4607953915038,Compliment,Гель для умывания,200 мл
4607953915076,Compliment,"Скраб, пилинг и эксфолиант",80 мл
4607953915083,Compliment,"Скраб, пилинг и эксфолиант",80 мл
4607953915090,Compliment,"Скраб, пилинг и эксфолиант",80 мл
4607953915106,Compliment,Крем-маски,80 мл
4607953915137,Compliment,Мицеллярная вода и гель,250 мл
4607953915144,Compliment,Маска для волос,500 мл
4607953915458,Compliment,"Лосьон, спрей, сыворотка для волос",200 мл
4607953915465,Compliment,Средства против прыщей и акне,27 мл
4607953915472,Compliment,Крем для лица,50 мл
4607953915519,Compliment,Пенка и мусс для умывания,160 мл
4607953915533,Compliment,Средства против прыщей и акне,160 мл
4607953915588,Compliment,Гель для умывания,250 мл
4607953915601,Compliment,"Тоник, лосьон для лица",200 мл
4607953915618,Compliment,Крем для лица,50 мл
4607953915656,Compliment,Гидрофильное масло,150 мл
4607953915700,Compliment,Гидрофильное масло,150 мл
4607953916219,Compliment,Солнцезащитные средства,50 мл
4607953916455,Compliment,Средство для снятия водостойкого макияжа,150 мл
4607953916615,Compliment,Гидрофильное масло,150 мл
4607953916677,Compliment,"Тоник, лосьон для лица",250 мл
4607953916684,Compliment,Крем для лица,50 мл
4607953916691,Compliment,Крем для лица,50 мл
4607953916714,Compliment,Молочко,250 мл
4607953916721,Compliment,Крем для лица,50 мл
4607953916752,Compliment,Мицеллярная вода и гель,400 мл
4607953916769,Compliment,Крем для лица,50 мл
4607953916776,Compliment,Гель для кожи вокруг глаз,25 мл
4607953916967,Compliment,Гель для душа,400 мл
4607953916974,Compliment,Гель для душа,400 мл
4607953916981,Compliment,Гель для душа,400 мл
4607953917087,Compliment,Маска для волос,400 мл
4607953917100,Compliment,Шампунь,400 мл
4607953917261,Compliment,"Скраб, пилинг и эксфолиант",80 мл
4607953917421,Compliment,"Тоник, лосьон для лица",200 мл
4607953917438,Compliment,Сыворотки и эликсиры,27 мл
4607953917490,Compliment,Солнцезащитные средства,50 мл
4607953917506,Compliment,Крем для лица,50 мл
4607953917513,Compliment,Крем для лица,50 мл
4607953917544,Compliment,Крем для лица,50 мл
4607953917568,Compliment,Гель для умывания,150 мл
4607953917841,Compliment,Сыворотки и эликсиры,27 мл
4607953917902,Compliment,Мицеллярная вода и гель,250 мл
4607953917926,Compliment,Мицеллярная вода и гель,250 мл
4607953918657,Compliment,Солнцезащитные средства,50 мл
4607953918787,Compliment,Солнцезащитные средства,50 мл
4607953918794,Compliment,Солнцезащитные средства,50 мл
4607967670220,Cafe Mimi,Бальзам для губ,
4607967670244,Cafe Mimi,Бальзам для губ,
4607967670251,Cafe Mimi,Бальзам для губ,
4607967670350,Cafe Mimi,"Скраб, маска для губ",15 мл
4607967670480,Cafe Mimi,Бальзам для губ,
4607967670626,Cafe Mimi,Наборы косметики по уходу,110 г
4607967670978,Cafe Mimi,Антицеллюлитные и моделирующие средства,150 г
4607967670985,Cafe Mimi,"Скраб, пилинг для тела",150 мл
4607967671647,Cafe Mimi,Шампунь,370 мл
4607967671685,Cafe Mimi,Солнцезащитные средства,100 мл
4607967671692,Cafe Mimi,Солнцезащитные средства,100 мл
4607967671708,Cafe Mimi,Уход после загара,100 мл
4607967671715,Cafe Mimi,Уход после загара,100 мл
4607967671722,Cafe Mimi,Уход после загара,100 мл
4607967671807,Cafe Mimi,Шампунь,370 мл
4607967671838,Cafe Mimi,Шампунь,370 мл
4607967671869,Cafe Mimi,"Бальзам, кондиционер, ополаскиватель",370 мл
4607967672613,Cafe Mimi,Уход за кожей ног,50 мл
4607967672620,Cafe Mimi,Уход за кожей ног,50 мл
4607967672637,Cafe Mimi,Уход за кожей ног,50 мл
4607967672644,Cafe Mimi,Уход за кожей ног,50 мл
4607967672651,Cafe Mimi,Уход за кожей рук,50 мл
4607967672668,Cafe Mimi,Уход за кожей рук,50 мл
4607967672682,Cafe Mimi,Уход за кожей рук,50 мл
4607967673023,Cafe Mimi,Уход за кожей рук,50 мл
4607967674099,Cafe Mimi,Шампунь,450 мл
4607967674105,Cafe Mimi,Шампунь,450 мл
4607967674112,Cafe Mimi,Шампунь,450 мл
4607967674723,Cafe Mimi,Антицеллюлитные и моделирующие средства,220 мл
4607967675133,Cafe Mimi,Антицеллюлитные и моделирующие средства,310 г
4607967675836,Cafe Mimi,Мицеллярная вода и гель,220 мл
4607967675843,Cafe Mimi,"Тоник, лосьон для лица",220 мл
4607967675928,Cafe Mimi,"Тоник, лосьон для лица",220 мл
4607967675935,Cafe Mimi,Гель для умывания,220 мл
4607967675942,Cafe Mimi,Термальная вода и спреи,90 мл
4607967676017,Cafe Mimi,Сыворотки и эликсиры,50 мл
4607967676116,Cafe Mimi,Крем для лица,50 мл
4607967676123,Cafe Mimi,Увлажняющий гель для лица,50 мл
4607967677212,Cafe Mimi,Сыворотки и эликсиры,50 мл
4607967677236,Cafe Mimi,Крем для лица,50 мл
4607967677267,Cafe Mimi,Крем для лица,50 мл
4607967677311,Cafe Mimi,Крем для кожи вокруг глаз,20 мл
4607967677373,Cafe Mimi,Гель для бровей,15 мл
4607967677489,Bath Garden,Маска для волос,500 мл
4607967677656,Cafe Mimi,"Тоник, лосьон для лица",220 мл
4607967677663,Cafe Mimi,Гель для умывания,220 мл
4607967677670,Cafe Mimi,"Тоник, лосьон для лица",220 мл
4607967678684,Cafe Mimi,Тканевые маски,21 г
4607967678899,Cafe Mimi,Тканевые маски,21 г
4607967678936,Cafe Mimi,Средства против прыщей и акне,21 г
4607967678950,Cafe Mimi,Тканевые маски,21 г
4607967678981,Cafe Mimi,Тканевые маски,21 г
4607967679063,Cafe Mimi,Тканевые маски,21 г
4607967679223,Bath Garden,Шампунь,300 мл
4607967679230,Bath Garden,Шампунь,300 мл
4607967679247,Bath Garden,Шампунь,300 мл
4607967679254,Bath Garden,Шампунь,300 мл
4607967679261,Bath Garden,"Бальзам, кондиционер, ополаскиватель",300 мл
4607967679278,Bath Garden,Гель для душа,300 мл
4607967679285,Bath Garden,Шампунь,300 мл
4607967679292,Bath Garden,"Бальзам, кондиционер, ополаскиватель",300 мл
4607967679308,Bath Garden,"Бальзам, кондиционер, ополаскиватель",300 мл
4607967679315,Bath Garden,"Бальзам, кондиционер, ополаскиватель",300 мл
4607967679322,Bath Garden,"Бальзам, кондиционер, ополаскиватель",300 мл
4607967679339,Bath Garden,Маска для волос,200 мл
4607967679346,Bath Garden,Маска для волос,200 мл
4607967679353,Bath Garden,Маска для волос,200 мл
4607967679360,Bath Garden,Гель для душа,300 мл
4607967679377,Bath Garden,Гель для душа,300 мл
4607967679384,Bath Garden,Гель для душа,300 мл
4607967679407,Bath Garden,Гель для душа,300 мл
4607967679445,Bath Garden,"Крем, молочко и лосьон для тела",300 мл
4607967679452,Bath Garden,"Крем, молочко и лосьон для тела",300 мл
4607967679469,Bath Garden,"Крем, молочко и лосьон для тела",300 мл
4607967679476,Bath Garden,Гель для душа,300 мл
4607967679490,Bath Garden,Уход за кожей рук,75 мл
4607967679506,Bath Garden,Уход за кожей рук,75 мл
4607967679513,Bath Garden,Уход за кожей рук,75 мл
4607967679612,Bath Garden,"Скраб, пилинг для тела",270 г
4607967679636,Bath Garden,"Скраб, пилинг для тела",270 г
4607967679643,Bath Garden,"Скраб, пилинг для тела",270 г
4607967679650,Bath Garden,Шампунь,300 мл
4607967679667,Bath Garden,"Бальзам, кондиционер, ополаскиватель",300 мл
4610091403411,Domix,Уход за кожей рук,500 мл
4610117603320,Fito косметик,Патчи под глаза,
4610117603337,Fito косметик,Патчи под глаза,
4610117605997,Fito косметик,Антицеллюлитные и моделирующие средства,250 мл
4610117606000,Fito косметик,"Скраб, пилинг для тела",250 мл
4610117606079,Fito косметик,Гель для душа,250 мл
4610117606086,Fito косметик,Гель для душа,250 мл
4610117606123,Фитокосметик,Зубная паста,75 мл
4610117606147,Фитокосметик,Зубная паста,75 мл
4610117606161,Фитокосметик,Зубная паста,75 мл
4610117606185,Фитокосметик,Зубная паста,75 мл
4610117606222,Фитокосметик,Зубная паста,75 мл
4610117606482,Fito косметик,Крем-маски,10 мл
4610117606505,Fito косметик,Крем-маски,10 мл
4610117606543,Fito косметик,Крем-маски,10 мл
4610117606567,Fito косметик,Крем-маски,10 мл
4610117606581,Fito косметик,Крем-маски,10 мл
4610117606604,Fito косметик,Крем-маски,10 мл
4610117606628,Fito косметик,Маска для волос,20 мл
4610117606666,Fito косметик,Маска для волос,20 мл
4610117606680,Fito косметик,Маска для волос,20 мл
4610117607885,Fito косметик,Крем-маски,10 мл
4610117607960,Fito косметик,Средства против прыщей и акне,10 мл
4610117609629,Fito косметик,Ополаскиватели для полости рта,250 мл
4610117609643,Fito косметик,Ополаскиватели для полости рта,250 мл
4610117609858,Fito косметик,"Скраб, пилинг для тела",155 мл
4610117610090,Fito косметик,Окрашивание бровей и ресниц,1.5 мл
4610117610113,Fito косметик,Окрашивание бровей и ресниц,1.5 мл
4610117610137,Fito косметик,Окрашивание бровей и ресниц,1.5 мл
4610117610274,Fito косметик,Патчи под глаза,
4610117610328,Fito косметик,Патчи под глаза,
4610117612117,Fito косметик,Бомбочки для ванны,
4610117612148,Fito косметик,Бомбочки для ванны,110 г
4610117612162,Fito косметик,Бомбочки для ванны,
4610117612179,Fito косметик,Бомбочки для ванны,110 г
4610117612216,Fito косметик,Бомбочки для ванны,110 г
4610117612834,Fito косметик,Бальзам для губ,
4610117612919,Fito косметик,Бальзам для губ,
4610117612933,Fito косметик,Бальзам для губ,
4610117612957,Fito косметик,Бальзам для губ,3.6 г
4610117612971,Fito косметик,"Скраб, маска для губ",
4610117614043,Fito косметик,Бомбочки для ванны,110 г
4610117614067,Fito косметик,Бомбочки для ванны,
4610117614074,Fito косметик,Бомбочки для ванны,110 г
4610117617013,Fito косметик,Бомбочки для ванны,110 г
4610117617020,Fito косметик,Бомбочки для ванны,110 г
4610117617044,Fito косметик,Бомбочки для ванны,100 г
4610117617051,Fito косметик,Бомбочки для ванны,110 г
4610117617068,Fito косметик,Бомбочки для ванны,100 г
4610117618836,Fito косметик,Патчи под глаза,
4610117620440,Fito косметик,Бомбочки для ванны,100 г
4610117620525,Fito косметик,Бомбочки для ванны,100 г
4610117621010,Fito косметик,Бомбочки для ванны,110 г
4610117621577,Fito косметик,Уход за кожей ног,250 мл
4610117622888,Fito косметик,Тканевые маски,25 мл
4610117623021,Fito косметик,Гель для душа,250 мл
4610117625469,Fito косметик,Солнцезащитные средства,150 мл
4610117625506,Fito косметик,Солнцезащитные средства,50 мл
4610117625513,Fito косметик,Солнцезащитные средства,150 мл
4610117625537,Fito косметик,Уход после загара,150 мл
4610117625551,Fito косметик,Масла и средства для загара,150 мл
4610117625902,Fito косметик,Патчи под глаза,
4610117625933,Fito косметик,Патчи под глаза,
4610117626169,Fito косметик,Солнцезащитные средства,190 мл
4610117626176,Fito косметик,Солнцезащитные средства,190 мл
4610117626183,Fito косметик,Солнцезащитные средства,190 мл
4610117627999,Fito косметик,Уход за кожей рук,250 мл
4610117628248,Fito косметик,Патчи под глаза,
4610117628255,Fito косметик,Патчи под глаза,
4610117630197,Fito косметик,Уход за кожей ног,75 мл
4610117633433,Fito косметик,Уход за кожей ног,190 мл
4610117633907,Fito косметик,Гель для душа,520 мл
4610117633921,Fito косметик,Гель для душа,520 мл
4610117633969,Fito косметик,Гель для душа,520 мл
4610117634782,Fito косметик,Зубная паста,150 мл
4610117634805,Fito косметик,Зубная паста,150 мл
4610117639978,Fito косметик,Уход после загара,190 мл
4610117640011,Fito косметик,Детская солнцезащитная косметика,190 мл
4610117640035,Fito косметик,Спрей для тела,190 мл
4610117640059,Fito косметик,Солнцезащитные средства,150 мл
4610117640073,Fito косметик,Детская солнцезащитная косметика,150 мл
4610117640097,Fito косметик,Детская солнцезащитная косметика,150 мл
4610117640110,Fito косметик,Уход после загара,150 мл
4610117641124,Fito косметик,Детская косметика,3.6 г
4610117641148,Fito косметик,Детская косметика,3.6 г
4610117641162,Fito косметик,Детская косметика,3.6 г
4610117641186,Fito косметик,Детская косметика,3.6 г
4610117650683,Fito косметик,Масла и средства для загара,150 мл
4610117650706,Fito косметик,Солнцезащитные средства,50 мл
4610117650720,Fito косметик,Солнцезащитные средства,150 мл
4610117650744,Fito косметик,Солнцезащитные средства,150 мл
4610117650768,Fito косметик,Солнцезащитные средства,50 мл
4610117650805,Fito косметик,Уход после загара,75 мл
4610117650843,Fito косметик,Уход после загара,75 мл
4610117650881,Fito косметик,Солнцезащитные средства,75 мл
4610117651949,Фитокосметик,"Детский крем, молочко, масло",75 мл
4610117651956,Фитокосметик,"Детский крем, молочко, масло",75 мл
4610117652953,Фитокосметик,"Детский крем, молочко, масло",150 мл
4610117652977,Фитокосметик,Присыпка детская,80 г
4610117654704,Фитокосметик,Сыворотки и эликсиры,30 мл
4610117654728,Фитокосметик,Сыворотки и эликсиры,30 мл
4610117654742,Фитокосметик,"Скраб, пилинг и эксфолиант",30 мл
4610117655107,Фитокосметик,Детский гель и пенка для купания,290 мл
4610117655121,Фитокосметик,Детский гель и пенка для купания,290 мл
4610117655176,Фитокосметик,Детское мыло,290 мл
4610117655190,Фитокосметик,Детский шампунь и кондиционер,290 мл
4610117662051,Fito Cosmetic,Маска для волос,250 мл
4610117662075,Fito Cosmetic,Масло и крем для волос,250 мл
4610117662099,Fito Cosmetic,Маска для волос,250 мл
4610117662426,Fito Cosmetic,Крем для лица,50 мл
4620010795985,Compliment,Маска для волос,500 мл
4620010796173,Compliment,Термозащита для укладки,200 мл
4620010796197,Compliment,Антицеллюлитные и моделирующие средства,200 мл
4620010796203,Compliment,Антицеллюлитные и моделирующие средства,200 мл
4620010796210,Compliment,Антицеллюлитные и моделирующие средства,200 мл
4620010796265,Compliment,Мицеллярная вода и гель,200 мл
4620010796425,Compliment,Уход за кожей ног,100 мл
4620010796456,Compliment,Уход за кожей ног,150 мл
4620010796463,Compliment,Уход за кожей ног,200 мл
4620010796500,Velvet,Крем для депиляции,100 мл
4620010797361,Compliment,Шампунь,200 мл
4620010797422,Compliment,Шампунь,200 мл
4620010797453,Compliment,"Лосьон, спрей, сыворотка для волос",5 мл
4620010797958,Compliment,Крем для лица,50 мл
4620010798368,Compliment,Маска для волос,500 мл
4620010798375,Compliment,Маска для волос,500 мл
4620010798467,Compliment,Маска для волос,500 мл
4620010798474,Compliment,Маска для волос,500 мл
4620010798481,Compliment,Маска для волос,500 мл
4620010798498,Compliment,Маска для волос,500 мл
4620010798795,Velvet,Крем для депиляции,125 мл
4620010798825,Compliment,Антицеллюлитные и моделирующие средства,200 мл
4620010798832,Compliment,Антицеллюлитные и моделирующие средства,200 мл
4620010799082,Compliment,Гель для умывания,250 мл
4620010799099,Compliment,Пенка и мусс для умывания,160 мл
4620010799105,Compliment,Пенка и мусс для умывания,160 мл
4620010799181,Compliment,Мицеллярная вода и гель,200 мл
4620010799198,Compliment,Мицеллярная вода и гель,200 мл
4620010799266,Compliment,Средства для интимной гигиены,250 мл
4620010799273,Compliment,Средства для интимной гигиены,250 мл
4620010799280,Compliment,Средства для интимной гигиены,250 мл
4620016240014,Лошадиная сила,Шампунь,500 мл
4620016240052,Лошадиная сила,Маска для волос,250 мл
4620016240069,Лошадиная сила,Шампунь,500 мл
4620016240137,Лошадиная сила,Шампунь,250 мл
4620018872466,Compliment,"Скраб, пилинг и эксфолиант",150 мл
4620018873982,Compliment,Маска для волос,500 мл
4620018874200,Compliment,"Скраб, пилинг и эксфолиант",80 мл
4620018874217,Compliment,"Скраб, пилинг и эксфолиант",80 мл
4620018874224,Compliment,"Скраб, пилинг и эксфолиант",80 мл
4620018874453,Compliment,Мицеллярная вода и гель,150 мл
4620018874460,Compliment,Мицеллярная вода и гель,150 мл
4620018874484,Compliment,Гель для душа,250 мл
4620018875009,Compliment,"Тоник, лосьон для лица",250 мл
4620018875016,Compliment,"Тоник, лосьон для лица",250 мл
4620018875276,Compliment,Сыворотка для кожи вокруг глаз,15 мл
4620018875306,Compliment,Сыворотки и эликсиры,25 мл
4620018875320,Compliment,Средства против прыщей и акне,80 мл
4620018875337,Compliment,Крем-маски,80 мл
4620018875344,Compliment,Маски от черных точек,80 мл
4620018875351,Compliment,Крем-маски,80 мл
4620018875412,Compliment,Сыворотки и эликсиры,25 мл
4620018875467,Compliment,Мицеллярная вода и гель,400 мл
4620018875474,Compliment,Мицеллярная вода и гель,400 мл
4620018875627,Compliment,Крем-маски,75 мл
4620018875672,Compliment,Сыворотка для кожи вокруг глаз,25 мл
4620018875696,Compliment,Крем для лица,50 мл
4620018875702,Compliment,Крем для лица,50 мл
4620018875726,Compliment,Мицеллярная вода и гель,400 мл
4620018878055,Compliment,Крем для кожи вокруг глаз,25 мл
4620018878062,Compliment,Гель для кожи вокруг глаз,
4620018879342,Compliment,Шампунь,200 мл
4620018879359,Compliment,"Бальзам, кондиционер, ополаскиватель",200 мл
4620018879366,Compliment,Маска для волос,200 мл
4620018879373,Compliment,Шампунь,200 мл
4620018879380,Compliment,"Бальзам, кондиционер, ополаскиватель",200 мл
4620018879397,Compliment,Маска для волос,200 мл
4620018879403,Compliment,Шампунь,200 мл
4620018879410,Compliment,"Бальзам, кондиционер, ополаскиватель",200 мл
4620018879700,Compliment,"Крем, молочко и лосьон для тела",200 мл
4620018879717,Compliment,"Крем, молочко и лосьон для тела",200 мл
4620018879724,Compliment,"Крем, молочко и лосьон для тела",200 мл
4620046171678,Ecolatier,Гель для душа,600 мл
4620046171746,Ecolatier,Гель для душа,
4620046171807,Ecolatier,Шампунь,600 мл
4620046171838,Ecolatier,"Бальзам, кондиционер, ополаскиватель",400 мл
4620046171852,Ecolatier,"Бальзам, кондиционер, ополаскиватель",400 мл
4620046171869,Ecolatier,Мицеллярная вода и гель,400 мл
4620046171876,Ecolatier,Мицеллярная вода и гель,400 мл
4620046171883,Ecolatier,Мицеллярная вода и гель,400 мл
4620046171920,Ecolatier,Маска для волос,380 мл
4620046171975,Ecolatier,"Крем, молочко и лосьон для тела",400 мл
4620046172675,Ecolatier,"Бальзам, кондиционер, ополаскиватель",250 мл
4620046175843,Ecolatier,Гель для кожи вокруг глаз,30 мл
4620046176062,Ecolatier,Гель для умывания,100 мл
4620046176642,Ecolatier,Сыворотки и эликсиры,50 мл
4620046176659,Ecolatier,Сыворотки и эликсиры,50 мл
4620046176703,Ecolatier,Гель для умывания,100 мл
4620046177342,ECO Laboratorie,Маска для волос,250 мл
4620046177359,ECO Laboratorie,Маска для волос,250 мл
4620046177533,EO Laboratorie,"Крем, молочко и лосьон для тела",250 мл
4620046177984,ECO Laboratorie,Жидкое мыло,360 мл
4620046178127,EO Laboratorie,"Бальзам, кондиционер, ополаскиватель",200 мл
4620746550018,Miss Tais,Карандаш для глаз,1.87 г
4620746550216,Miss Tais,Карандаши для бровей,
4620746550377,Miss Tais,Карандаш для губ,1.87 г
4620746550667,Miss Tais,Карандаш для губ,6 г
4620746550711,Miss Tais,Карандаши для бровей,
4620746550759,Miss Tais,Карандаш для губ,6 г
4620746550773,Miss Tais,Карандаш для губ,
4620746550780,Miss Tais,Карандаш для губ,6 г
4620746550858,Miss Tais,Карандаш для губ,6 г
4620746550896,Miss Tais,Карандаш для губ,6 г
4620746550902,Miss Tais,Карандаш для губ,
4620746550919,Miss Tais,Карандаш для губ,6 г
4620746550933,Miss Tais,Карандаш для губ,6 г
4620746551022,Miss Tais,Карандаш для губ,6 г
4620746551053,Miss Tais,Карандаш для губ,6 г
4620753721111,Ollin Professional,Гель для волос,200 мл
4620753721210,Ollin Professional,Гель для волос,200 мл
4620753721487,Ollin Professional,Мусс и пена для волос,150 мл
4620753724327,Ollin Professional,Шампунь,300 мл
4620753726086,Ollin Professional,Шампунь,300 мл
4620753726123,Ollin Professional,"Бальзам, кондиционер, ополаскиватель",300 мл
4620753728998,Ollin Professional,Краска для волос,500 г
4620753729971,Ollin Professional,Краска для волос,500 г
4620762083552,Кафе Красоты,Бомбочки для ванны,120 г
4620762086171,Кафе Красоты,Бомбочки для ванны,120 г
4620762086195,Кафе Красоты,Бомбочки для ванны,120 г
4620762086201,Кафе Красоты,Бомбочки для ванны,120 г
4627089430540,ECO Laboratorie,"Скраб, пилинг для тела",250 г
4627089430557,ECO Laboratorie,Антицеллюлитные и моделирующие средства,300 г
4627089430748,ECO Laboratorie,Гель для душа,250 мл
4627089431745,ECO Laboratorie,"Скраб, пилинг и эксфолиант",150 мл
4627090991795,Cafe Mimi,Уход за кожей рук,50 мл
4627090991825,Cafe Mimi,Уход за кожей рук,50 мл
4627090992846,Cafe Mimi,Шампунь,250 мл
4627090993492,Cafe Mimi,Маска для волос,220 мл
4627090993508,Cafe Mimi,Маска для волос,220 мл
4627090993515,Cafe Mimi,Маска для волос,220 мл
4627090993782,Cafe Mimi,Антицеллюлитные и моделирующие средства,280 г
4627090993973,Cafe Mimi,"Крем, молочко и лосьон для тела",220 мл
4627090994000,Cafe Mimi,"Скраб, пилинг и эксфолиант",110 мл
4627090994048,Cafe Mimi,Уход за кожей рук,110 мл
4627090994055,Cafe Mimi,Уход за кожей рук,110 мл
4627090994062,Cafe Mimi,Уход за кожей рук,110 мл
4627090994079,Cafe Mimi,Уход за кожей рук,
4627090994116,Cafe Mimi,Уход за кожей ног,110 мл
4627090994130,Cafe Mimi,Уход за кожей ног,110 мл
4627090994246,Cafe Mimi,Крем-маска для лица,110 мл
4627090994253,Cafe Mimi,Крем-маска для лица,110 мл
4627090994260,Cafe Mimi,Средства против прыщей и акне,110 мл
4627090994277,Cafe Mimi,"Скраб, пилинг и эксфолиант",110 мл
4627090994703,Cafe Mimi,Бомбочки для ванны,120 г
4627090994918,Cafe Mimi,Бомбочки для ванны,120 г
4627090995496,Cafe Mimi,Гель для душа,
4627090995502,Cafe Mimi,Гель для душа,
4627090995519,Cafe Mimi,Гель для душа,
4627090995526,Cafe Mimi,Гель для душа,
4627090995533,Cafe Mimi,Шампунь,300 мл
4627090995540,Cafe Mimi,Шампунь,300 мл
4627090995557,Cafe Mimi,Шампунь,300 мл
4627090995564,Cafe Mimi,"Бальзам, кондиционер, ополаскиватель",300 мл
4627090995700,Cafe Mimi,"Скраб, пилинг для тела",120 г
4627090995717,Cafe Mimi,"Скраб, пилинг для тела",120 г
4627090995830,Cafe Mimi,Маска для волос,110 мл
4627090995847,Cafe Mimi,Маска для волос,110 мл
4627090995854,Cafe Mimi,Маска для волос,110 мл
4627115394792,Ollin Professional,"Лосьон, спрей, сыворотка для волос",250 мл
4627115394914,Ollin Professional,Лак для волос,450 мл
4627115395034,Ollin Professional,Шампунь,1000 мл
4627115395058,Ollin Professional,Шампунь,250 мл
4627115395119,Ollin Professional,Маска для волос,200 мл
4627115395133,Ollin Professional,Маска для волос,500 мл
4627115395157,Ollin Professional,Шампунь,1000 мл
4627115395171,Ollin Professional,Шампунь,250 мл
4627115395232,Ollin Professional,"Лосьон, спрей, сыворотка для волос",150 мл
4627115395256,Ollin Professional,Маска для волос,200 мл
4627115395270,Ollin Professional,Маска для волос,500 мл
4627115395294,Ollin Professional,Шампунь,1000 мл
4627115395317,Ollin Professional,Шампунь,250 мл
4627115395355,Ollin Professional,Шампунь,1000 мл
4627115395379,Ollin Professional,Шампунь,250 мл
4627115395393,Ollin Professional,"Бальзам, кондиционер, ополаскиватель",250 мл
4627115395492,Ollin Professional,"Бальзам, кондиционер, ополаскиватель",250 мл
4627115395515,Ollin Professional,Шампунь,1000 мл
4627115395539,Ollin Professional,Шампунь,250 мл
4627115395553,Ollin Professional,Маска для волос,200 мл
4627115395577,Ollin Professional,Маска для волос,500 мл
4627115395607,Ollin Professional,Лак для волос,450 мл
4627115395690,Ollin Professional,Мусс и пена для волос,300 мл
4627115395720,Ollin Professional,Шампунь,400 мл
4627115395737,Ollin Professional,"Бальзам, кондиционер, ополаскиватель",400 мл
4627115395935,Ollin Professional,Масло и крем для волос,50 мл
4627115396673,Ollin Professional,Мусс и пена для волос,250 мл
4627115397182,Ollin Professional,Шампунь,250 мл
4627115397205,Ollin Professional,Маска для волос,200 мл
4627115397229,Ollin Professional,"Лосьон, спрей, сыворотка для волос",100 мл
4627115397236,Ollin Professional,Шампунь,250 мл
4627115397250,Ollin Professional,Маска для волос,200 мл
4627115397274,Ollin Professional,"Лосьон, спрей, сыворотка для волос",250 мл
4627115397281,Ollin Professional,Шампунь,250 мл
4627115397298,Ollin Professional,Шампунь,750 мл
4627115397328,Ollin Professional,Шампунь,250 мл
4627115397335,Ollin Professional,Шампунь,750 мл
4627115397366,Ollin Professional,Средства от выпадения волос,100 мл
4627115397373,Ollin Professional,Шампунь,250 мл
4627115397380,Ollin Professional,Шампунь,750 мл
4627115397588,Ollin Professional,Краска для волос,1000 мл
4627115397618,Ollin Professional,Краска для волос,1000 мл
4627115397625,Ollin Professional,Краска для волос,1000 мл
4627115398042,Ollin Professional,"Лосьон, спрей, сыворотка для волос",120 мл
4627173481618,Synergetic,Зубные щетки,
4627173481632,Synergetic,Зубные щетки,
4630040341229,Novosvit,Уход за кожей рук,75 мл
4630040342677,No Brand,Средства для интимной гигиены,200 мл
4630040343070,Novosvit,База под макияж,100 мл
4630040343087,Novosvit,База под макияж,100 мл
4630040345241,Novosvit,Уход за кожей рук,75 мл
4630040345258,Novosvit,Уход за кожей рук,75 мл
4630040345401,Novosvit,"Крем, молочко и лосьон для тела",200 мл
4630040345494,Novosvit,Крем для лица,50 мл
4630040345500,Novosvit,Крем для лица,50 мл
4630040345746,Пропеллер,Гель для умывания,200 мл
4630040346309,No Brand,"Лосьон, спрей, сыворотка для волос",110 мл
4630040773273,Fito косметик,Мицеллярная вода и гель,165 мл
4630040773303,Fito косметик,Молочко,165 мл
4630049640903,Compliment,"Скраб, пилинг для тела",400 мл
4630049640910,Compliment,"Скраб, пилинг для тела",400 мл
4630049640927,Compliment,"Скраб, пилинг для тела",400 мл
4630049641092,Compliment,Гель для умывания,250 мл
4630049641108,Compliment,Гель для умывания,250 мл
4630049641207,Compliment,Антицеллюлитные и моделирующие средства,500 мл
4630049641221,Compliment,Антицеллюлитные и моделирующие средства,500 мл
4630049641573,Compliment,Гидрофильное масло,150 мл
4630049641580,Compliment,Гидрофильное масло,150 мл
4630049641597,Compliment,Гидрофильное масло,150 мл
4630049641702,Compliment,Мицеллярная вода и гель,500 мл
4630049641740,Compliment,База под макияж,110 мл
4630049641757,Compliment,База под макияж,110 мл
4630049641931,Compliment,Маска для волос,500 мл
4630049641955,Compliment,Термозащита для укладки,200 мл
4630049641979,Compliment,Термозащита для укладки,200 мл
4630049642112,Compliment,"Лосьон, спрей, сыворотка для волос",5 мл
4630049642204,Compliment,"Скраб, пилинг для тела",200 мл
4630049642211,Compliment,"Скраб, пилинг для тела",200 мл
4630049642235,Compliment,Термозащита для укладки,200 мл
4630049642242,Compliment,"Лосьон, спрей, сыворотка для волос",200 мл
4630049642259,Compliment,"Лосьон, спрей, сыворотка для волос",200 мл
4630049642358,Compliment,Средства от выпадения волос,5 мл
4630049642532,Compliment,Средства от выпадения волос,5 мл
4630049643010,Compliment,Тонирующий шампунь,330 мл
4630049643478,Compliment,Тонирующий бальзам,330 мл
4630049644369,Compliment,Антицеллюлитные и моделирующие средства,
4630049647360,Compliment,Средства против прыщей и акне,80 мл
4630049647469,Compliment,"Скраб, пилинг и эксфолиант",80 мл
4630049647537,Compliment,"Скраб, пилинг и эксфолиант",80 мл
4630079569878,ICE Professional,"Бальзам, кондиционер, ополаскиватель",250 мл
4630079569939,ICE Professional,"Бальзам, кондиционер, ополаскиватель",250 мл
4630079569984,ICE Professional,"Лосьон, спрей, сыворотка для волос",200 мл
4630097677203,Fito косметик,Крем для депиляции,75 мл
4630097679009,Fito косметик,Патчи под глаза,
4630097679016,Fito косметик,Патчи под глаза,
4630097679023,Fito косметик,Патчи под глаза,
4630097679047,Fito косметик,Патчи под глаза,
4630097679054,Fito косметик,Патчи под глаза,
4630097679061,Fito косметик,Патчи под глаза,
4630097679078,Fito косметик,Патчи под глаза,
4630097679085,Fito косметик,Патчи под глаза,
4630105430639,Bibi,Прокладки ежедневные,
4630121100059,ICE Professional,Шампунь,250 мл
4630121100066,ICE Professional,Шампунь,250 мл
4630121100073,ICE Professional,Шампунь,250 мл
4630121100127,ICE Professional,"Бальзам, кондиционер, ополаскиватель",250 мл
4630121100134,ICE Professional,Маска для волос,200 мл
4630121100141,ICE Professional,"Лосьон, спрей, сыворотка для волос",200 мл
4630121100172,ICE Professional,"Бальзам, кондиционер, ополаскиватель",250 мл
4630121100196,ICE Professional,"Лосьон, спрей, сыворотка для волос",200 мл
4630121100288,ICE Professional,Шампунь,250 мл
4630121100301,ICE Professional,Шампунь,400 мл
4630194648236,Mixit,"Крем, молочко и лосьон для тела",250 мл
4630194648243,Mixit,Гель для душа,250 мл
4640130790882,Принцесса,Детский шампунь и кондиционер,250 мл
4640130792244,Принцесса,Детский шампунь и кондиционер,400 мл
4640145085010,Bloom Cosmetics,Гель для душа,650 мл
4640145085027,Bloom Cosmetics,Гель для душа,650 мл
4640145087656,Bloom Cosmetics,Уход за кожей рук,150 мл
4640145087694,Bloom Cosmetics,Уход за кожей ног,150 мл
4640145087717,Bloom Cosmetics,Уход за кожей рук,150 мл
4640145087724,Bloom Cosmetics,Уход за кожей рук,150 мл
4640145087731,Bloom Cosmetics,Уход за кожей рук,150 мл
4650017010194,Cafe Mimi,"Скраб, пилинг для тела",250 г
4650017010200,Cafe Mimi,"Скраб, пилинг для тела",250 г
4650017010552,Cafe Mimi,"Крем, молочко и лосьон для тела",300 мл
4650056496775,Моя Прелесть,Детский гель и пенка для купания,200 мл
4650056499172,Моя Прелесть,Детский шампунь и кондиционер,250 мл
4650056499370,Моя Прелесть,Детский гель и пенка для купания,250 мл
4650056499707,Deonica,Гель для душа,250 мл
4650056499721,Deonica,Гель для душа,250 мл
4650092450649,Studio Professional,Окрашивание бровей и ресниц,30 мл
4650092450656,Studio Professional,Окрашивание бровей и ресниц,30 мл
4650092451172,Принцесса,Детский шампунь и кондиционер,250 мл
4650092451189,Принцесса,Детский шампунь и кондиционер,250 мл
4650092451202,Принцесса,Детский гель и пенка для купания,250 мл
4650092452155,Гадкий Я,Детский шампунь и кондиционер,250 мл
4650092453213,Studio Professional,Окрашивание бровей и ресниц,50 мл
4650195821407,Mixit,Пенка и мусс для умывания,150 мл
4650195821414,Mixit,Гидрофильное масло,150 мл
4650195824316,Mixit,Гель для умывания,75 г
4650358452523,Mixit,Гидрофильное масло,150 мл
4650358453735,Mixit,Пенка и мусс для умывания,200 мл
4650358455579,Mixit,Крем для лица,50 мл
4650358455654,Mixit,Пенка и мусс для умывания,150 мл
4650358455951,Mixit,Крем-маска для лица,150 мл
4650358455968,Mixit,Гидрофильное масло,150 мл
4650358455982,Mixit,Средство для снятия водостойкого макияжа,150 мл
4650358455999,Mixit,Мицеллярная вода и гель,500 мл
4650358456002,Mixit,Пенка и мусс для умывания,150 мл
4650358456026,Mixit,"Тоник, лосьон для лица",500 мл
4650358456033,Mixit,"Тоник, лосьон для лица",150 мл
4660077731076,Ollin Professional,Лак для волос,500 мл
4660077731090,Ollin Professional,Лак для волос,500 мл
4660077731182,Ollin Professional,Мусс и пена для волос,250 мл
4660077731250,Ollin Professional,Сухой шампунь,200 мл
4660077770037,Ollin Professional,Маска для волос,200 мл
4660077770075,Ollin Professional,Краска для волос,150 мл
4660077770082,Ollin Professional,Краска для волос,150 мл
4660077770150,Ollin Professional,Краска для волос,100 мл
4660077770174,Ollin Professional,Краска для волос,100 мл
4660077770181,Ollin Professional,Краска для волос,100 мл
4660077770211,Ollin Professional,Краска для волос,100 мл
4660077770242,Ollin Professional,Краска для волос,100 мл
4660077770266,Ollin Professional,Краска для волос,100 мл
4660077770273,Ollin Professional,Краска для волос,100 мл
4660077770297,Ollin Professional,Краска для волос,100 мл
4660077770303,Ollin Professional,Краска для волос,100 мл
4660077770310,Ollin Professional,Краска для волос,100 мл
4660077770327,Ollin Professional,Краска для волос,100 мл
4660077770341,Ollin Professional,Краска для волос,100 мл
4660077770358,Ollin Professional,Краска для волос,100 мл
4660077770365,Ollin Professional,Краска для волос,100 мл
4660077770372,Ollin Professional,Краска для волос,100 мл
4660077770389,Ollin Professional,Краска для волос,100 мл
4660077770402,Ollin Professional,Краска для волос,100 мл
4660077770419,Ollin Professional,Краска для волос,100 мл
4660077770426,Ollin Professional,Краска для волос,100 мл
4660077770433,Ollin Professional,Краска для волос,100 мл
4660077770440,Ollin Professional,Краска для волос,100 мл
4660077770457,Ollin Professional,Краска для волос,100 мл
4660077770464,Ollin Professional,Краска для волос,100 мл
4660077770471,Ollin Professional,Краска для волос,100 мл
4660077770488,Ollin Professional,Краска для волос,100 мл
4660077770495,Ollin Professional,Краска для волос,100 мл
4660077770501,Ollin Professional,Краска для волос,100 мл
4660077770518,Ollin Professional,Краска для волос,100 мл
4660077770532,Ollin Professional,Краска для волос,100 мл
4660077770549,Ollin Professional,Краска для волос,100 мл
4660077770556,Ollin Professional,Краска для волос,100 мл
4660077770563,Ollin Professional,Краска для волос,100 мл
4660077770570,Ollin Professional,Краска для волос,100 мл
4660077770587,Ollin Professional,Краска для волос,100 мл
4660077770594,Ollin Professional,Краска для волос,100 мл
4660077770600,Ollin Professional,Краска для волос,100 мл
4660077770617,Ollin Professional,Краска для волос,100 мл
4660077770624,Ollin Professional,Краска для волос,100 мл
4660077770631,Ollin Professional,Краска для волос,100 мл
4660077770648,Ollin Professional,Краска для волос,100 мл
4660077770662,Ollin Professional,Краска для волос,100 мл
4660077770679,Ollin Professional,Краска для волос,100 мл
4660077770686,Ollin Professional,Краска для волос,100 мл
4660077770693,Ollin Professional,Краска для волос,100 мл
4660077770709,Ollin Professional,Краска для волос,100 мл
4660077770723,Ollin Professional,Краска для волос,100 мл
4660077770730,Ollin Professional,Краска для волос,100 мл
4660077770754,Ollin Professional,Краска для волос,100 мл
4660077770761,Ollin Professional,Краска для волос,100 мл
4660077770785,Ollin Professional,Краска для волос,100 мл
4660077770808,Ollin Professional,Краска для волос,100 мл
4660077770815,Ollin Professional,Краска для волос,100 мл
4660077770822,Ollin Professional,Краска для волос,100 мл
4660077770846,Ollin Professional,Краска для волос,100 мл
4660077770853,Ollin Professional,Краска для волос,100 мл
4660077770860,Ollin Professional,Краска для волос,100 мл
4660077770877,Ollin Professional,Краска для волос,100 мл
4660077770891,Ollin Professional,Краска для волос,100 мл
4660077770907,Ollin Professional,Краска для волос,100 мл
4660077770914,Ollin Professional,Краска для волос,100 мл
4660077770945,Ollin Professional,Краска для волос,100 мл
4660077770952,Ollin Professional,Краска для волос,100 мл
4660077770976,Ollin Professional,Краска для волос,100 мл
4660077770983,Ollin Professional,Краска для волос,100 мл
4660077771003,Ollin Professional,Краска для волос,100 мл
4660077771010,Ollin Professional,Краска для волос,100 мл
4660077771027,Ollin Professional,Краска для волос,100 мл
4660077771034,Ollin Professional,Краска для волос,100 мл
4660077771041,Ollin Professional,Краска для волос,100 мл
4660077771065,Ollin Professional,Краска для волос,100 мл
4660077771140,Ollin Professional,Краска для волос,100 мл
4660077771157,Ollin Professional,Краска для волос,100 мл
4660077771164,Ollin Professional,Краска для волос,100 мл
4660077771188,Ollin Professional,Краска для волос,100 мл
4660077771201,Ollin Professional,Краска для волос,100 мл
4660077771218,Ollin Professional,Краска для волос,100 мл
4660077771225,Ollin Professional,Краска для волос,100 мл
4660077771232,Ollin Professional,Краска для волос,100 мл
4660077771249,Ollin Professional,Краска для волос,100 мл
4660077771355,Ollin Professional,"Бальзам, кондиционер, ополаскиватель",250 мл
4660077771379,Ollin Professional,"Бальзам, кондиционер, ополаскиватель",250 мл
4660077771423,Ollin Professional,Краска для волос,100 мл
4660077771430,Ollin Professional,Краска для волос,100 мл
4660077771447,Ollin Professional,Шампунь,500 мл
4660077771454,Ollin Professional,"Бальзам, кондиционер, ополаскиватель",500 мл
4660077771492,Ollin Professional,Шампунь,500 мл
4660077771546,Ollin Professional,"Лосьон, спрей, сыворотка для волос",250 мл
4660077771812,Ollin Professional,Шампунь,250 мл
4660077772253,Ollin Professional,Маска для волос,500 мл
4660077772260,Ollin Professional,Шампунь,1000 мл
4660077772284,Ollin Professional,Маска для волос,300 мл
4660077772383,Ollin Professional,Термозащита для укладки,250 мл
4660077772574,Ollin Professional,Термозащита для укладки,150 мл
4660077772871,Ollin Professional,"Бальзам, кондиционер, ополаскиватель",250 мл
4660077772895,Ollin Professional,Шампунь,250 мл
4660077772918,Ollin Professional,Тонирующий спрей,150 мл
4660077773144,Ollin Professional,Шампунь,1000 мл
4660077773151,Ollin Professional,"Бальзам, кондиционер, ополаскиватель",1000 мл
4660077773168,Ollin Professional,Шампунь,1000 мл
4660077773175,Ollin Professional,Шампунь,1000 мл
4660077773182,Ollin Professional,Маска для волос,500 мл
4660077773199,Ollin Professional,Шампунь,1000 мл
4660077773397,Ollin Professional,Шампунь,500 мл
4660077773441,Ollin Professional,"Бальзам, кондиционер, ополаскиватель",500 мл
4660077773458,Ollin Professional,"Лосьон, спрей, сыворотка для волос",120 мл
4660077773519,Ollin Professional,Термозащита для укладки,150 мл
4660077773533,Ollin Professional,Гель для волос,200 мл
4660077773779,Ollin Professional,"Лосьон, спрей, сыворотка для волос",250 мл
4660077773984,Ollin Professional,Маска для волос,300 мл
4660077774288,,Маска для волос,1000 мл
4660077970468,Ollin Professional,Воск для волос,150 мл
4660077970833,Ollin Professional,Сухой шампунь,200 мл
4660077971021,Ollin Professional,Масло и крем для волос,200 мл
4660077971274,Ollin Professional,Лак для волос,400 мл
4660077971922,Ollin Professional,Мусс и пена для волос,250 мл
4670002411669,Принцесса,Детский гель и пенка для купания,400 мл
4670002411676,Принцесса,Детский шампунь и кондиционер,400 мл
4670002412970,Принцесса,Детская косметика,
4670002419689,Принцесса,Детское мыло,490 мл
4670017921962,Fito косметик,Окрашивание бровей и ресниц,50 мл
4670017921979,Fito косметик,Окрашивание бровей и ресниц,50 мл
4670017921986,Fito косметик,Окрашивание бровей и ресниц,50 мл
4670017921993,Fito косметик,Окрашивание бровей и ресниц,50 мл
4670017922327,Fito косметик,Краска для волос,115 мл
4670017922334,Fito косметик,Краска для волос,115 мл
4670017922341,Fito косметик,Краска для волос,115 мл
4670017922358,Fito косметик,Краска для волос,115 мл
4670017922365,Fito косметик,Краска для волос,115 мл
4670017922372,Fito косметик,Краска для волос,115 мл
4670017922389,Fito косметик,Краска для волос,115 мл
4670017922396,Fito косметик,Краска для волос,115 мл
4670017922402,Fito косметик,Краска для волос,115 мл
4670017922419,Fito косметик,Краска для волос,115 мл
4670017922426,Fito косметик,Краска для волос,115 мл
4670017922433,Fito косметик,Краска для волос,115 мл
4670017922440,Fito косметик,Краска для волос,115 мл
4670017924345,Fito косметик,Бальзам для губ,4.5 г
4670017924369,Fito косметик,Бальзам для губ,4.5 г
4670017924383,Fito косметик,Бальзам для губ,4.5 г
4670017924406,Fito косметик,Бальзам для губ,4.5 г
4670017924628,Fito косметик,Бальзам для губ,4.5 г
4670017924642,Fito косметик,Бальзам для губ,4.5 г
4670017924666,Fito косметик,Бальзам для губ,4.5 г
4670017924680,Fito косметик,Бальзам для губ,4.5 г
4670017924703,Fito косметик,Бальзам для губ,4.5 г
4670017926646,Fito косметик,Глиняные маски,155 мл
4670017926769,Fito косметик,Глиняные маски,155 мл
4670017926783,Fito косметик,Глиняные маски,155 мл
4670017927049,Fito косметик,Окрашивание бровей и ресниц,
4670017927056,Fito косметик,Окрашивание бровей и ресниц,
4670017927063,Fito косметик,Окрашивание бровей и ресниц,
4670017927070,Fito косметик,Окрашивание бровей и ресниц,
4670017927124,Fito косметик,Окрашивание бровей и ресниц,
4670017927131,Fito косметик,Окрашивание бровей и ресниц,
4670017927148,Fito косметик,Окрашивание бровей и ресниц,
4670017927155,Fito косметик,Окрашивание бровей и ресниц,
4670017929388,Fito косметик,Крем для депиляции,100 мл
4670017929401,Fito косметик,Крем для депиляции,100 мл
4670017929425,Fito косметик,Крем для депиляции,100 мл
4670017929449,Fito косметик,Крем для депиляции,100 мл
4670017929487,Fito косметик,Краска для волос,115 мл
4670017929517,Fito косметик,Краска для волос,115 мл
4670017929548,Fito косметик,Краска для волос,115 мл
4670017929579,Fito косметик,Краска для волос,115 мл
4670017929609,Fito косметик,Краска для волос,115 мл
4670017929630,Fito косметик,Краска для волос,115 мл
4670017929661,Fito косметик,Краска для волос,115 мл
4670049950800,SPASTA,Зубная паста,90 мл
4670124170321,Ecolatier,Наборы косметики по уходу,150 мл
4670124170840,Ecolatier,Мужской гель для душа,400 мл
4670124171236,ECO Laboratorie,Крем для лица,50 мл
4670124171243,ECO Laboratorie,Гель для умывания,150 мл
4670124171267,ECO Laboratorie,"Скраб, пилинг и эксфолиант",100 мл
4670124171274,ECO Laboratorie,Увлажняющий гель для лица,50 мл
4670124171304,ECO Laboratorie,Гель для умывания,150 мл
4670124171311,ECO Laboratorie,"Скраб, пилинг и эксфолиант",100 мл
4670124171328,ECO Laboratorie,"Тоник, лосьон для лица",150 мл
4670124171335,ECO Laboratorie,Крем для лица,50 мл
4670124171342,ECO Laboratorie,Крем для лица,50 мл
4670124171359,ECO Laboratorie,Сыворотки и эликсиры,30 мл
4670124171366,ECO Laboratorie,Гель для умывания,150 мл
4670124171373,ECO Laboratorie,"Тоник, лосьон для лица",150 мл
4670124171397,ECO Laboratorie,"Скраб, пилинг и эксфолиант",100 мл
4670124171427,ECO Laboratorie,Сыворотки и эликсиры,30 мл
4670124171434,ECO Laboratorie,Крем-маски,70 г
4670124171441,ECO Laboratorie,Крем-маски,70 г
4670124171465,ECO Laboratorie,Крем-маски,70 г
4670124171472,ECO Laboratorie,Маски - эксфолианты,70 г
4670124171489,ECO Laboratorie,Мицеллярная вода и гель,200 мл
4670139332653,Beauty Bomb,Помада,4 г
4670139334305,Stellary,Помада,4 г
4670220302107,Beauty Bomb,Тональная основа,
4670220302824,Beauty Bomb,Тушь для ресниц,9 мл
4673748055388,Kamali,"Крем, молочко и лосьон для тела",250 мл
4673748055401,Kamali,"Крем, молочко и лосьон для тела",250 мл
4673748055494,Kamali,Спрей для тела,250 мл
4673748055500,Kamali,Спрей для тела,250 мл
4673748055647,Kamali,Масло и крем для волос,250 мл
4673748055654,Kamali,Масло и крем для волос,250 мл
4673748055661,Kamali,Масло и крем для волос,250 мл
4673748055692,Kamali,Масло и крем для волос,250 мл
4673748055739,Kamali,Масло и крем для волос,250 мл
4673748055746,Kamali,Масло и крем для волос,250 мл
4673748056125,Kamali,"Крем, молочко и лосьон для тела",250 мл
4673748056149,Kamali,"Крем, молочко и лосьон для тела",250 мл
4673748056217,Kamali,Маска для волос,
4673748056224,Kamali,"Лосьон, спрей, сыворотка для волос",
4673748056828,Kamali,Спрей для тела,250 мл
4673748057573,Crystal,"Крем, молочко и лосьон для тела",250 мл
4673748057603,Kamali,"Крем, молочко и лосьон для тела",250 мл
4673748057627,Kamali,Спрей для тела,250 мл
4680007212994,Organic Shop,"Крем, молочко и лосьон для тела",200 мл
4680007213014,Organic Shop,"Крем, молочко и лосьон для тела",200 мл
4680007213021,Organic Shop,"Крем, молочко и лосьон для тела",200 мл
4680007219535,Organic Shop,Бомбочки для ванны,130 г
4680038240287,Fito косметик,Глиняные маски,155 мл
4680038240317,Fito косметик,Глиняные маски,155 мл
4680038240492,Fito косметик,Масло и крем для волос,155 мл
4680038240768,Fito косметик,Средства для снятия лака,110 мл
4680038240805,Fito косметик,Средства для снятия лака,110 мл
4680038240881,Fito косметик,Соль для ванны,200 г
4680038241307,Fito косметик,Тканевые маски,25 мл
4680038241321,Fito косметик,Тканевые маски,25 мл
4680038241345,Fito косметик,Тканевые маски,25 мл
4680038241369,Fito косметик,Тканевые маски,25 мл
4680038241383,Fito косметик,Тканевые маски,25 мл
4680038241406,Fito косметик,Тканевые маски,25 мл
4680038241420,Fito косметик,Тканевые маски,25 мл
4680038241444,Fito косметик,Тканевые маски,25 мл
4680038241468,Fito косметик,Тканевые маски,25 мл
4680038241505,Fito косметик,Тканевые маски,25 мл
4680038241529,Fito косметик,Тканевые маски,25 мл
4680038241567,Fito косметик,Тканевые маски,25 мл
4680038241581,Fito косметик,Тканевые маски,25 мл
4680038241628,Fito косметик,Тканевые маски,25 мл
4680038241666,Fito косметик,Тканевые маски,25 мл
4680038241680,Fito косметик,Тканевые маски,25 мл
4680038242236,Fito косметик,Бальзам для губ,3.6 г
4680038242243,Fito косметик,Бальзам для губ,3.6 г
4680038242250,Fito косметик,Бальзам для губ,3.6 г
4680038244094,Fito косметик,Краска для волос,50 мл
4680038244100,Fito косметик,Краска для волос,50 мл
4680038244117,Fito косметик,Краска для волос,50 мл
4680038244124,Fito косметик,Краска для волос,50 мл
4680038244131,Fito косметик,Краска для волос,50 мл
4680038244148,Fito косметик,Краска для волос,50 мл
4680038244155,Fito косметик,Краска для волос,50 мл
4680038244162,Fito косметик,Краска для волос,50 мл
4680038244179,Fito косметик,Краска для волос,50 мл
4680038244186,Fito косметик,Краска для волос,50 мл
4680038244193,Fito косметик,Краска для волос,50 мл
4680038244209,Fito косметик,Краска для волос,50 мл
4680038244216,Fito косметик,Краска для волос,50 мл
4680038244223,Fito косметик,Краска для волос,50 мл
4680191187757,Beauty Bomb,Тинт для губ,
4680607210017,Mixit,Шампунь,1000 мл
4680607210031,Mixit,Шампунь,1000 мл
4680607210055,Mixit,Шампунь,1000 мл
4680607210253,Mixit,"Лосьон, спрей, сыворотка для волос",250 мл
4680607210666,Mixit,"Лосьон, спрей, сыворотка для волос",110 мл
4680607210673,Mixit,"Лосьон, спрей, сыворотка для волос",250 мл
4680607211243,Mixit,"Лосьон, спрей, сыворотка для волос",250 мл
4680607211366,Mixit,Маска для волос,400 мл
4680607211489,Mixit,Масло и крем для волос,50 мл
4680607211632,Mixit,Шампунь,1000 мл
4690494017644,Тоника,Тонирующий бальзам,150 мл
4690494034368,Принцесса,Детский шампунь и кондиционер,400 мл
4690494039356,Принцесса,Детская косметика,3.8 г
4710945580616,FFleur,"Подводка, лайнер для глаз",5.1 мл
4712826232898,FFleur,Компактная пудра,11 г
4712826232959,FFleur,Компактная пудра,11 г
4760156261057,No Brand,Синтетические мочалки для тела,
4760156261101,Soft Touch,Синтетические мочалки для тела,
4760156261248,Soft Touch,Синтетические мочалки для тела,
4760165990344,Soft Touch,Синтетические мочалки для тела,
4760165990467,No Brand,Синтетические мочалки для тела,
4800888186027,Rexona,"Дезодорант, антиперспирант",50 мл
4810090009076,BelKosmex,"Скраб, пилинг для тела",150 г
4810090012090,BelKosmex,Гель для умывания,80 мл
4810090012434,BelKosmex,Крем для лица,48 мл
4810090012441,BelKosmex,Крем для лица,48 мл
4810090012465,BelKosmex,Крем для лица,48 г
4810090013103,BelKosmex,Сыворотки и эликсиры,30 мл
4810090013127,BelKosmex,"Тоник, лосьон для лица",150 мл
4810090013523,BelKosmex,Уход за кожей рук,70 мл
4810090013578,BelKosmex,Гель для душа,500 г
4810090013592,BelKosmex,Крем для лица,45 г
4810090013608,BelKosmex,Ночной крем для лица,45 г
4810090013615,BelKosmex,Крем для лица,45 г
4810151010256,Bielita,Гель для душа,400 мл
4810151010263,Bielita,Гель для душа,400 мл
4810151010997,Bielita,Крем для лица,50 мл
4810151011000,Bielita,Крем для лица,50 мл
4810151011031,Bielita,Крем для кожи вокруг глаз,30 мл
4810151011048,Bielita,Уход за кожей рук,150 мл
4810151011055,Bielita,Шампунь,500 мл
4810151011086,Bielita,Гель для душа,500 мл
4810151011215,Bielita,Гель для душа,500 мл
4810151011222,Bielita,Шампунь,500 мл
4810151011246,Bielita,Уход за кожей рук,150 мл
4810151012571,Bielita,Молочко,200 мл
4810151012595,Bielita,Крем для лица,50 мл
4810151012649,Bielita,Гель для душа,500 мл
4810151012656,Bielita,Шампунь,500 мл
4810151012687,Bielita,Уход за кожей рук,150 мл
4810151016661,Bielita,Пенка и мусс для умывания,175 мл
4810151016753,Bielita,Средства для интимной гигиены,300 мл
4810151016760,Bielita,Средства для интимной гигиены,300 мл
4810151017002,Bielita,База под макияж,
4810151017545,Bielita,Солнцезащитные средства,100 мл
4810151017552,Bielita,Солнцезащитные средства,100 мл
4810151018306,Bielita,Солнцезащитные средства,100 мл
4810151018313,Bielita,Детская солнцезащитная косметика,100 мл
4810151020156,Bielita,Крем для лица,50 мл
4810151020194,Bielita,"Крем, молочко и лосьон для тела",150 мл
4810151020590,Bielita,BB и CC крем,30 мл
4810151020958,Bielita,Гель для душа,345 мл
4810151020965,Bielita,Гель для душа,345 мл
4810151020972,Bielita,Гель для душа,345 мл
4810151021795,Bielita,Солнцезащитные средства,75 мл
4810151021801,Bielita,Солнцезащитные средства,50 мл
4810151021818,Bielita,Солнцезащитные средства,150 мл
4810151022006,Bielita,Молочко,200 мл
4810151022013,Bielita,"Тоник, лосьон для лица",200 мл
4810151022020,Bielita,"Скраб, пилинг и эксфолиант",100 мл
4810151022037,Bielita,Крем-маски,100 мл
4810151022044,Bielita,Крем для лица,50 мл
4810151022051,Bielita,Крем для лица,50 мл
4810151022082,Bielita,"Крем, молочко и лосьон для тела",150 мл
4810151022099,Bielita,Уход за кожей ног,100 мл
4810151022150,Bielita,Гель для душа,345 мл
4810151023553,Bielita,Гель для душа,520 мл
4810151023560,Bielita,Гель для душа,520 мл
4810151023577,Bielita,Гель для душа,520 мл
4810151026554,Белита Cosmetics,Солнцезащитные средства,150 мл
4810151026561,Bielita,Солнцезащитные средства,150 мл
4810151027148,Bielita,BB и CC крем,30 мл
4810151027155,Bielita,BB и CC крем,30 мл
4810151027209,Bielita,Мицеллярная вода и гель,175 мл
4810151027339,Bielita,Косметика для бритья,250 мл
4810151028640,Bielita,Мицеллярная вода и гель,300 мл
4810151028657,Bielita,Мицеллярная вода и гель,300 мл
4810151028671,Bielita,Мицеллярная вода и гель,300 мл
4810151030025,Bielita,Бальзам для губ,15 мл
4810151030032,Bielita,Бальзам для губ,15 мл
4810151030506,Bielita,Блеск для губ,5 мл
4810151030513,Bielita,Блеск для губ,5 мл
4810151030537,Bielita,Блеск для губ,5 мл
4810151031541,Bielita,Детский гель и пенка для купания,300 мл
4810151031565,Bielita,Детский гель и пенка для купания,300 мл
4810151031589,Belita,Детская косметика,150 мл
4810151031602,Bielita,Детский шампунь и кондиционер,300 мл
4810151031640,Bielita,Детское мыло,300 мл
4810151031664,Bielita,Гель для душа,300 мл
4810151031688,Belita,Детский шампунь и кондиционер,300 мл
4810151031695,Bielita,Гель для душа,300 мл
4810151031732,Belita,Детский шампунь и кондиционер,300 мл
4810151031886,Bielita,Мицеллярная вода и гель,200 мл
4810151031893,Белита Cosmetics,Мицеллярная вода и гель,200 мл
4810151031909,Белита Cosmetics,Мицеллярная вода и гель,200 мл
4810151031923,Bielita,Мицеллярная вода и гель,200 мл
4810151032821,Belita,Детская косметика,100 мл
4810151032890,Белита Cosmetics,Термозащита для укладки,150 мл
4810151032944,Bielita,Пенка и мусс для умывания,200 мл
4810151032968,Bielita,"Скраб, пилинг и эксфолиант",100 мл
4810151032975,Bielita,"Тоник, лосьон для лица",200 мл
4810151032982,Bielita,"Скраб, пилинг для тела",300 мл
4810151032999,Белита Cosmetics,Скраб и пилинг для кожи головы,150 мл
4810153005977,Витэкс,Антицеллюлитные и моделирующие средства,200 мл
4810153007636,Витэкс,"Бальзам, кондиционер, ополаскиватель",
4810153010568,Витэкс,Уход за кожей рук,150 мл
4810153011022,Витэкс,Шампунь,500 мл
4810153011046,Витэкс,"Бальзам, кондиционер, ополаскиватель",450 мл
4810153016706,Витэкс,Гель для душа,500 мл
4810153016713,Витэкс,Гель для душа,500 мл
4810153016737,Витэкс,Гель для душа,500 мл
4810153016744,Витэкс,Гель для душа,500 мл
4810153021953,Витэкс,Шампунь,500 мл
4810153021960,Витэкс,Шампунь,500 мл
4810153022196,Витэкс,Гель для душа,515 мл
4810153022219,Витэкс,Гель для душа,515 мл
4810153022462,Витэкс,Шампунь,500 мл
4810153022479,Витэкс,Шампунь,500 мл
4810153022486,Витэкс,Шампунь,500 мл
4810153022493,Витэкс,Шампунь,500 мл
4810153022578,Витэкс,"Бальзам, кондиционер, ополаскиватель",300 мл
4810153022646,Витэкс,Пенка и мусс для умывания,200 мл
4810153022653,Витэкс,Маски - эксфолианты,75 мл
4810153022660,Витэкс,Маски-пленки,
4810153024022,Витэкс,Маска для волос,200 мл
4810153024893,Витэкс,Крем-маски,75 мл
4810153025340,Витэкс,Пенка и мусс для умывания,175 мл
4810153025913,Витэкс,Пенка и мусс для умывания,175 мл
4810153027443,Витэкс,Мицеллярная вода и гель,200 мл
4810153027450,Витэкс,Пенка и мусс для умывания,200 мл
4810153027634,Витэкс,Маски-пленки,100 мл
4810153027665,Витэкс,Крем-маски,75 мл
4810153027672,Витэкс,Крем-маски,100 мл
4810153028686,Витэкс,Гель для душа,500 мл
4810153028693,Витэкс,Гель для душа,500 мл
4810153028747,Витэкс,Шампунь,400 мл
4810153028785,Витэкс,Гель для душа,400 мл
4810153028792,Витэкс,Средства для интимной гигиены,300 мл
4810153028808,Витэкс,Уход за кожей рук,100 мл
4810153028839,Витэкс,Мицеллярная вода и гель,400 мл
4810153028846,Витэкс,Пенка и мусс для умывания,200 мл
4810153028853,Витэкс,"Тоник, лосьон для лица",150 мл
4810153036261,Витэкс,Пенка и мусс для умывания,175 мл
4810153038104,Витэкс,Гель для душа,515 мл
4810153038111,Витэкс,Гель для душа,515 мл
4810153038128,Витэкс,Гель для душа,515 мл
4810153038531,Витэкс,Мужской гель для душа,400 мл
4810153038678,Витэкс,Мицеллярная вода и гель,175 мл
4810153038722,Витэкс,Крем для лица,45 мл
4810153038739,Витэкс,Крем для лица,45 мл
4810153038760,Витэкс,Крем для лица,45 мл
4810153039415,Белита Cosmetics,Солнцезащитные средства,50 мл
4810153039491,Витэкс,Гель для душа,400 мл
4810153041494,Витэкс,Детский шампунь и кондиционер,300 мл
4810153041500,Витэкс,Детский гель и пенка для купания,300 мл
4810153041517,Витэкс,Детская косметика,100 мл
4810153041531,Витэкс,Детский шампунь и кондиционер,300 мл
4810153041548,Витэкс,Детский гель и пенка для купания,300 мл
4810153041555,Витэкс,Детское мыло,300 мл
4810156047134,Belor Design,Блеск для губ,4.8 г
4810212018788,Claire Cosmetics,Пенка и мусс для умывания,165 мл
4810212019228,Claire Cosmetics,Сыворотки и эликсиры,30 мл
4810212020897,Dilis,Гель для душа,250 мл
4810212020910,Dilis,Гель для душа,250 мл
4810212020927,Dilis,Гель для душа,250 мл
4810226001646,Conte,Колготки и чулки,
4810226002520,Conte,Носки женские,
4810226002537,Conte,Носки женские,
4810226002544,Conte,Носки женские,
4810226002568,Conte,Носки женские,
4810226002704,Conte,Гольфы,
4810226002711,Conte,Гольфы,
4810226002780,Conte,Колготки и чулки,
4810226002803,Conte,Колготки и чулки,
4810226002810,Conte,Колготки и чулки,
4810226002841,Conte,Колготки и чулки,
4810226002858,Conte,Колготки и чулки,
4810226002865,Conte,Колготки и чулки,
4810226002872,Conte,Колготки и чулки,
4810226002902,Conte,Колготки и чулки,
4810226002919,Conte,Колготки и чулки,
4810226002926,Conte,Колготки и чулки,
4810226002933,Conte,Колготки и чулки,
4810226002964,Conte,Колготки и чулки,
4810226002971,Conte,Колготки и чулки,
4810226002995,Conte,Колготки и чулки,
4810226003084,Conte,Колготки и чулки,
4810226003091,Conte,Колготки и чулки,
4810226003107,Conte,Колготки и чулки,
4810226003114,Conte,Колготки и чулки,
4810226003145,Conte,Колготки и чулки,
4810226003152,Conte,Колготки и чулки,
4810226003169,Conte,Колготки и чулки,
4810226003176,Conte,Колготки и чулки,
4810226003183,Conte,Колготки и чулки,
4810226003206,Conte,Колготки и чулки,
4810226003213,Conte,Колготки и чулки,
4810226003220,Conte,Колготки и чулки,
4810226003237,Conte,Колготки и чулки,
4810226003244,Conte,Колготки и чулки,
4810226003268,Conte,Колготки и чулки,
4810226003275,Conte,Колготки и чулки,
4810226003282,Conte,Колготки и чулки,
4810226003299,Conte,Колготки и чулки,
4810226003305,Conte,Колготки и чулки,
4810226003329,Conte,Колготки и чулки,
4810226003336,Conte,Колготки и чулки,
4810226003343,Conte,Колготки и чулки,
4810226003350,Conte,Колготки и чулки,
4810226003367,Conte,Колготки и чулки,
4810226003381,Conte,Колготки и чулки,
4810226003398,Conte,Колготки и чулки,
4810226003404,Conte,Колготки и чулки,
4810226003411,Conte,Колготки и чулки,
4810226003428,Conte,Колготки и чулки,
4810226005668,Conte,Колготки и чулки,
4810226005675,Conte,Колготки и чулки,
4810226005729,Conte,Колготки и чулки,
4810226005736,Conte,Колготки и чулки,
4810226005743,Conte,Колготки и чулки,
4810226005842,Conte,Колготки и чулки,
4810226005859,Conte,Колготки и чулки,
4810226005866,Conte,Колготки и чулки,
4810226005903,Conte,Колготки и чулки,
4810226005910,Conte,Колготки и чулки,
4810226005927,Conte,Колготки и чулки,
4810226006399,Conte,Колготки и чулки,
4810226006405,Conte,Колготки и чулки,
4810226006412,Conte,Колготки и чулки,
4810226006467,Conte,Колготки и чулки,
4810226006474,Conte,Колготки и чулки,
4810226006504,Conte,Колготки и чулки,
4810226006528,Conte,Колготки и чулки,
4810226006535,Conte,Колготки и чулки,
4810226006580,Conte,Колготки и чулки,
4810226006597,Conte,Колготки и чулки,
4810226006627,Conte,Колготки и чулки,
4810226006634,Conte,Колготки и чулки,
4810226006641,Conte,Колготки и чулки,
4810226006658,Conte,Колготки и чулки,
4810226007464,Conte,Колготки и чулки,
4810226007471,Conte,Колготки и чулки,
4810226007488,Conte,Колготки и чулки,
4810226007495,Conte,Колготки и чулки,
4810226007525,Conte,Колготки и чулки,
4810226007532,Conte,Колготки и чулки,
4810226007549,Conte,Колготки и чулки,
4810226007556,Conte,Колготки и чулки,
4810226007587,Conte,Колготки и чулки,
4810226007600,Conte,Колготки и чулки,
4810226007617,Conte,Колготки и чулки,
4810226007648,Conte,Колготки и чулки,
4810226007655,Conte,Колготки и чулки,
4810226007662,Conte,Колготки и чулки,
4810226007679,Conte,Колготки и чулки,
4810226007709,Conte,Колготки и чулки,
4810226007716,Conte,Колготки и чулки,
4810226007723,Conte,Колготки и чулки,
4810226007730,Conte,Колготки и чулки,
4810226008188,Conte,Колготки и чулки,
4810226008195,Conte,Колготки и чулки,
4810226008201,Conte,Колготки и чулки,
4810226008218,Conte,Колготки и чулки,
4810226008249,Conte,Колготки и чулки,
4810226008256,Conte,Колготки и чулки,
4810226008263,Conte,Колготки и чулки,
4810226008270,Conte,Колготки и чулки,
4810226008300,Conte,Колготки и чулки,
4810226008324,Conte,Колготки и чулки,
4810226008331,Conte,Колготки и чулки,
4810226008362,Conte,Колготки и чулки,
4810226008379,Conte,Колготки и чулки,
4810226008386,Conte,Колготки и чулки,
4810226008393,Conte,Колготки и чулки,
4810226008423,Conte,Колготки и чулки,
4810226008430,Conte,Колготки и чулки,
4810226008447,Conte,Колготки и чулки,
4810226008454,Conte,Колготки и чулки,
4810226008676,Conte,Колготки и чулки,
4810226008782,Conte,Колготки и чулки,
4810226008942,Conte,Колготки и чулки,
4810226008959,Conte,Колготки и чулки,
4810226009062,Conte,Колготки и чулки,
4810226010846,Conte,Гольфы,
4810226013083,Conte,Колготки и чулки,
4810226013144,Conte,Колготки и чулки,
4810226013205,Conte,Колготки и чулки,
4810226013267,Conte,Колготки и чулки,
4810226013328,Conte,Колготки и чулки,
4810226013380,Conte,Колготки и чулки,
4810226013397,Conte,Колготки и чулки,
4810226013403,Conte,Колготки и чулки,
4810226013410,Conte,Колготки и чулки,
4810226013427,Conte,Колготки и чулки,
4810226013434,Conte,Колготки и чулки,
4810226013441,Conte,Колготки и чулки,
4810226013502,Conte,Колготки и чулки,
4810226013564,Conte,Колготки и чулки,
4810226013625,Conte,Колготки и чулки,
4810226013687,Conte,Колготки и чулки,
4810226013755,Conte,Колготки и чулки,
4810226013762,Conte,Колготки и чулки,
4810226013779,Conte,Колготки и чулки,
4810226047880,Conte,Колготки и чулки,
4810226047897,Conte,Колготки и чулки,
4810226047903,Conte,Колготки и чулки,
4810226047910,Conte,Колготки и чулки,
4810226047927,Conte,Колготки и чулки,
4810226047934,Conte,Колготки и чулки,
4810226047941,Conte,Колготки и чулки,
4810226047958,Conte,Колготки и чулки,
4810226047965,Conte,Колготки и чулки,
4810226047972,Conte,Колготки и чулки,
4810226047989,Conte,Колготки и чулки,
4810226047996,Conte,Колготки и чулки,
4810226048009,Conte,Колготки и чулки,
4810226048016,Conte,Колготки и чулки,
4810226048023,Conte,Колготки и чулки,
4810226048030,Conte,Колготки и чулки,
4810226052297,Conte,Гольфы,
4810226052310,Conte,Гольфы,
4810226132166,Conte,Колготки и чулки,
4810226132173,Conte,Колготки и чулки,
4810226132180,Conte,Колготки и чулки,
4810226132197,Conte,Колготки и чулки,
4810226132265,Conte,Колготки и чулки,
4810226132272,Conte,Колготки и чулки,
4810226132289,Conte,Колготки и чулки,
4810226132401,Conte,Колготки и чулки,
4810226280034,Conte,Колготки и чулки,
4810226280072,Conte,Колготки и чулки,
4810226280096,Conte,Колготки и чулки,
4810226280102,Conte,Колготки и чулки,
4810226280119,Conte,Колготки и чулки,
4810226280126,Conte,Колготки и чулки,
4810226280133,Conte,Колготки и чулки,
4810226280157,Conte,Колготки и чулки,
4810226280164,Conte,Колготки и чулки,
4810226280188,Conte,Колготки и чулки,
4810226280195,Conte,Колготки и чулки,
4810226280225,Conte,Колготки и чулки,
4810226280249,Conte,Колготки и чулки,
4810226280256,Conte,Колготки и чулки,
4810226390344,Conte,Колготки и чулки,
4810226390375,Conte,Колготки и чулки,
4810226390382,Conte,Колготки и чулки,
4810226500866,ESLI,Колготки и чулки,
4810226500873,ESLI,Колготки и чулки,
4810226500880,ESLI,Колготки и чулки,
4810226500897,ESLI,Колготки и чулки,
4810226500903,ESLI,Колготки и чулки,
4810226500910,ESLI,Колготки и чулки,
4810226500927,ESLI,Колготки и чулки,
4810226500934,ESLI,Колготки и чулки,
4810226500941,ESLI,Колготки и чулки,
4810226500958,ESLI,Колготки и чулки,
4810226500965,ESLI,Колготки и чулки,
4810226501269,ESLI,Колготки и чулки,
4810226501276,ESLI,Колготки и чулки,
4810226501283,ESLI,Колготки и чулки,
4810226501290,ESLI,Колготки и чулки,
4810226501856,Conte,Колготки и чулки,
4810226507568,ESLI,Гольфы,
4810226507582,ESLI,Носки женские,
4810226521052,ESLI,Носки женские,
4810226566152,ESLI,Колготки и чулки,
4810226566169,ESLI,Колготки и чулки,
4810226566183,ESLI,Колготки и чулки,
4810226693124,Conte,Гольфы,
4810226693131,Conte,Гольфы,
4810226693148,Conte,Гольфы,
4810438000055,Relouis,Рассыпчатая пудра,40 г
4810438000338,Relouis,Гель для бровей,10 г
4810438000543,Relouis,"Подводка, лайнер для глаз",47 мл
4810438000680,Relouis,Лечение и укрепление ногтей,12 мл
4810438004145,Relouis,Рассыпчатая пудра,40 г
4810438004152,Relouis,Рассыпчатая пудра,40 г
4810438004220,Relouis,Тушь для ресниц,
4810438008365,Relouis,Лечебный уход за бровями и ресницами,10 г
4810438008419,Relouis,Бальзам для губ,4.25 г
4810438008556,Relouis,Бальзам для губ,3.4 г
4810438008563,Relouis,Блеск для губ,3.7 г
4810438008570,Relouis,Блеск для губ,3.7 г
4810438008587,Relouis,Блеск для губ,3.7 г
4810438008600,Relouis,Блеск для губ,3.7 г
4810438008624,Relouis,Блеск для губ,3.7 г
4810438008631,Relouis,Блеск для губ,3.7 г
4810438008648,Relouis,Блеск для губ,3.7 г
4810438008662,Relouis,Блеск для губ,
4810438008723,Relouis,База под макияж,21 мл
4810438008747,Relouis,Тушь для ресниц,12 мл
4810438009775,Relouis,Блеск для губ,4.5 г
4810438010061,Relouis,Блеск для губ,3.7 г
4810438010085,Relouis,Блеск для губ,3.7 г
4810438010092,Relouis,Блеск для губ,3.7 г
4810438010108,Relouis,Блеск для губ,3.7 г
4810438010115,Relouis,Блеск для губ,3.7 г
4810438010122,Relouis,Блеск для губ,3.7 г
4810438010139,Relouis,Карандаш для глаз,
4810438010146,Relouis,Карандаш для глаз,
4810438010245,Relouis,Блеск для губ,3.7 г
4810438011044,Relouis,Лак для ногтей,11 мл
4810438011051,Relouis,Лак для ногтей,10 мл
4810438011105,Relouis,Лак для ногтей,11 г
4810438011112,Relouis,Лак для ногтей,11 г
4810438011129,Relouis,Лак для ногтей,11 г
4810438011136,Relouis,Лак для ногтей,6 г
4810438011143,Relouis,Лак для ногтей,11 г
4810438011150,Relouis,Лак для ногтей,11 г
4810438011174,Relouis,Лак для ногтей,11 г
4810438011211,Relouis,Лак для ногтей,11 г
4810438011280,Relouis,Помада,3.7 г
4810438011303,Relouis,Помада,3.7 г
4810438011310,Relouis,Помада,3.7 г
4810438011327,Relouis,Помада,3.7 г
4810438011334,Relouis,Помада,3.7 г
4810438011358,Relouis,Помада,3.7 г
4810438011365,Relouis,Помада,3.7 г
4810438011372,Relouis,Помада,3.7 г
4810438011389,Relouis,Помада,3.7 г
4810438011396,Relouis,Помада,3.7 г
4810438012003,Relouis,Помада,3.7 г
4810438012010,Relouis,Помада,3.7 г
4810438012027,Relouis,Помада,3.7 г
4810438012034,Relouis,Помада,3.7 г
4810438012041,Relouis,Помада,3.7 г
4810438012058,Relouis,Помада,"3,7 г"
4810438012065,Relouis,Помада,3.7 г
4810438012072,Relouis,Помада,3.7 г
4810438012119,Relouis,Помада,3.7 г
4810438012126,Relouis,Помада,3.7 г
4810438012133,Relouis,Помада,3.7 г
4810438012157,Relouis,Помада,3.7 г
4810438012393,Relouis,"Подводка, лайнер для глаз",7 г
4810438013031,Relouis,Бальзам для губ,4.4 г
4810438013581,Relouis,Карандаши для бровей,1.5 г
4810438013598,Relouis,Карандаши для бровей,1.5 г
4810438013666,Relouis,Карандаши для бровей,1.13 г
4810438013673,Relouis,Карандаши для бровей,1.13 г
4810438013697,Relouis,Карандаши для бровей,1.13 г
4810438013734,Relouis,Карандаш для глаз,1.13 г
4810438013802,Relouis,Карандаш для губ,
4810438013826,Relouis,Карандаш для губ,
4810438013925,Relouis,Карандаш для губ,
4810438013949,Relouis,Карандаш для губ,
4810438014014,Relouis,База и закрепитель для лака,12 г
4810438014021,Relouis,Тинт для губ,4 г
4810438014038,Relouis,Тинт для губ,4 г
4810438014045,Relouis,Тинт для губ,4 г
4810438014144,Relouis,Помада,
4810438014168,Relouis,Помада,
4810438014175,Relouis,Помада,
4810438014182,Relouis,Помада,
4810438014199,Relouis,Помада,
4810438014205,Relouis,Помада,
4810438014212,Relouis,Помада,
4810438014229,Relouis,Помада,4.1 г
4810438014281,Relouis,Помада,4.1 г
4810438014359,Relouis,Помада,
4810438014373,Relouis,Помада,4 г
4810438014403,Relouis,Помада,
4810438017350,Relouis,Помада,
4810438017374,Relouis,Помада,
4810438017404,Relouis,Помада,
4810438017411,Relouis,Помада,
4810438017435,Relouis,Помада,
4810438017442,Relouis,Помада,
4810438017459,Relouis,Помада,
4810438017473,Relouis,Помада,
4810438017930,Relouis,Жидкая помада,4.5 мл
4810438017947,Relouis,Жидкая помада,4.5 мл
4810438017954,Relouis,Жидкая помада,4.5 мл
4810438017961,Relouis,Жидкая помада,4.5 г
4810438017978,Relouis,Жидкая помада,4.5 мл
4810438017985,Relouis,Жидкая помада,4.5 мл
4810438018111,Relouis,Лак для ногтей,10 мл
4810438018128,Relouis,Лак для ногтей,11 г
4810438018142,Relouis,Лак для ногтей,11 г
4810438018210,Relouis,Лак для ногтей,11 г
4810438018265,Relouis,Лак для ногтей,
4810438018692,Relouis,Тушь для ресниц,10 г
4810438018715,Relouis,Тинт для губ,4 г
4810438019576,Relouis,Румяна,5 г
4810438019583,Relouis,Румяна,
4810438019590,Relouis,Румяна,5 г
4810438019613,Relouis,Румяна,
4810438019620,Relouis,Румяна,5 г
4810438019637,Relouis,Румяна,5 г
4810438019644,Relouis,Румяна,
4810438019651,Relouis,Румяна,5 г
4810438019668,Relouis,Румяна,5 г
4810438019675,Relouis,Румяна,5 г
4810438019682,Relouis,Румяна,5 г
4810438019705,Relouis,"Хайлайтер, скульптор",
4810438019712,Relouis,"Хайлайтер, скульптор",5.5 г
4810438020756,Relouis,Лак для ногтей,10 мл
4810438020770,Relouis,Жидкая помада,4.5 мл
4810438020787,Relouis,Жидкая помада,4.5 мл
4810438020848,Relouis,Кисти для макияжа,
4810438020855,Relouis,Кисти для макияжа,
4810438020862,Relouis,Кисти для макияжа,
4810438020879,Relouis,Кисти для макияжа,
4810438020886,Relouis,Кисти для макияжа,
4810438020893,Relouis,Кисти для макияжа,
4810438020916,Relouis,Кисти для макияжа,
4810438020923,Relouis,Кисти для макияжа,
4810438021739,Relouis,Тени для бровей,
4810438021746,Relouis,Тени для бровей,
4810438021807,Relouis,"Корректор, консилер для лица",6.2 г
4810438021821,Relouis,"Корректор, консилер для лица",6.2 мл
4810438021951,Relouis,Кисти для макияжа,
4810438021968,Relouis,Кисти для макияжа,
4810438021999,Relouis,Карандаш для губ,
4810438022019,Relouis,Карандаш для губ,
4810438022088,Relouis,Бальзам для губ,3.4 г
4810438022378,Relouis,База под макияж,50 мл
4810438022422,Relouis,"Спонжи, губки, бьюти-блендеры",
4810438022576,Relouis,Тушь для ресниц,10 г
4810438022637,Relouis,Блеск для губ,3 г
4810438022675,Relouis,Тени для век,9 г
4810438022781,Relouis,Блеск для губ,3 г
4810438022798,Relouis,Блеск для губ,3 г
4810438022804,Relouis,Блеск для губ,3 г
4810438022828,Relouis,Блеск для губ,3 г
4810438022835,Relouis,Блеск для губ,3 г
4810438022910,Relouis,Жидкая помада,3.5 мл
4810438022927,Relouis,Жидкая помада,3.5 г
4810438022934,Relouis,Жидкая помада,3.5 мл
4810438022941,Relouis,Жидкая помада,3.5 мл
4810438022958,Relouis,Жидкая помада,4 мл
4810438022965,Relouis,Жидкая помада,3.5 мл
4810438022972,Relouis,Помада,3.5 г
4810438022989,Relouis,Жидкая помада,3.5 г
4810438023245,Relouis,Масло для лица,30 мл
4810438023283,Relouis,База под макияж,20 г
4810438023290,Relouis,База под макияж,20 г
4810438023443,Relouis,Тушь для ресниц,10 г
4810438023467,Relouis,Карандаши для бровей,1.5 г
4810438023597,Relouis,Тональная основа,30 мл
4810438023603,Relouis,Тональная основа,30 мл
4810438023627,Relouis,Тональная основа,30 мл
4810438023733,Relouis,Тени для век,
4810438023771,Relouis,Тени для век,
4810438023788,Relouis,Тени для век,
4810438023795,Relouis,Тени для век,4.7 г
4810438023801,Relouis,Тени для век,
4810438023818,Relouis,Тени для век,
4810438023825,Relouis,Тени для век,
4810438023832,Relouis,Тени для век,4.5 г
4810438023849,Relouis,Тени для век,4.5 г
4810438023870,Relouis,Тени для век,4.5 г
4810438024037,Relouis,Кисти для макияжа,
4810438024044,Relouis,Кисти для макияжа,
4810438024143,Relouis,Бальзам для губ,4.3 г
4810438024167,Relouis,Бальзам для губ,4.3 г
4810438024198,Relouis,Румяна,3.5 г
4810438024235,Relouis,Тени для век,9 г
4810438024242,Relouis,Тени для век,9 г
4810438024273,Relouis,Тональная основа,30 мл
4810438024624,Relouis,Палетки для макияжа,12 г
4810438024754,Relouis,Тушь для ресниц,9 г
4810438025119,Relouis,"Хайлайтер, скульптор",
4810438025126,Relouis,"Хайлайтер, скульптор",
4810438025133,Relouis,"Хайлайтер, скульптор",
4810438025188,Relouis,"Корректор, консилер для лица",
4810438025195,Relouis,"Корректор, консилер для лица",
4810438025201,Relouis,"Корректор, консилер для лица",
4810438025218,Relouis,"Корректор, консилер для лица",4 г
4810438026024,Relouis,Тени для век,
4810438026031,Relouis,Тени для век,
4810438026048,Relouis,Тени для век,
4810438026055,Relouis,Тени для век,
4810438026123,Relouis,Тени для век,
4810438026147,Relouis,Тени для век,
4810438026154,Relouis,Тени для век,
4810438026161,Relouis,Тени для век,
4810438026178,Relouis,Тени для век,
4810438026185,Relouis,Тени для век,
4810438026192,Relouis,Тени для век,
4810438026222,Relouis PRO,Тональная основа,30 мл
4810438026239,Relouis,Тональная основа,30 мл
4810438026246,Relouis,Тональная основа,30 мл
4810438026253,Relouis,Тональная основа,30 мл
4810438026413,Relouis,Тушь для ресниц,9 г
4810438026505,Relouis,База для век,3 г
4810438026529,Relouis,Жидкая помада,
4810438026536,Relouis,Жидкая помада,
4810438026543,Relouis,Жидкая помада,
4810438026550,Relouis,Жидкая помада,
4810438026567,Relouis,Жидкая помада,
4810438026574,Relouis,Жидкая помада,
4810438026581,Relouis,Жидкая помада,
4810438026604,Relouis,Жидкая помада,
4810438026710,Relouis,Тушь для ресниц,9 г
4810438026741,Relouis,Жидкая помада,3.5 г
4810438026789,Relouis,Жидкая помада,
4810438027175,Relouis,Блеск для губ,3 г
4810438027199,Relouis,Блеск для губ,3 г
4810438027205,Relouis,Блеск для губ,3 г
4810438027212,Relouis,Блеск для губ,3 г
4810438027229,Relouis,Блеск для губ,3 г
4810438027236,Relouis,Блеск для губ,3 г
4810438027366,Relouis,"Подводка, лайнер для глаз",4.5 г
4810438027427,Relouis,Блеск для губ,3 г
4810438027458,Relouis,"Подводка, лайнер для глаз",10.66 г
4810438027489,Relouis,Карандаш для губ,
4810438027496,Relouis,Карандаш для губ,
4810438027502,Relouis,Карандаш для губ,
4810438027519,Relouis,Карандаш для губ,
4810438027526,Relouis,Карандаш для губ,
4810438027533,Relouis,Карандаш для губ,
4810438027540,Relouis,Карандаш для губ,
4810438027557,Relouis,Карандаш для губ,1.1 г
4810438027564,Relouis,Карандаш для губ,
4810438027571,Relouis,Карандаш для губ,1.1 г
4810438027601,Relouis,Карандаш для глаз,
4810438027618,Relouis,Карандаш для глаз,
4810438027625,Relouis,Карандаш для глаз,
4810438027656,Relouis,Карандаш для глаз,
4810438027663,Relouis,Карандаш для глаз,4 г
4810438027670,Relouis,Карандаш для глаз,
4810438027687,Relouis,Карандаши для бровей,1.1 г
4810438027694,Relouis,Карандаши для бровей,1.1 г
4810438027700,Relouis,Карандаши для бровей,1.1 г
4810438027717,Relouis,Карандаши для бровей,1.1 г
4810438027724,Relouis,Карандаши для бровей,1.1 г
4810438027786,Relouis,Блеск для губ,3 г
4810438027793,Relouis,Блеск для губ,3 г
4810438027809,Relouis,Блеск для губ,3 г
4810438027816,Relouis,Блеск для губ,3 г
4810438027823,Relouis,Блеск для губ,3 г
4810438027830,Relouis,Блеск для губ,3 г
4810438027908,Relouis,Гель для бровей,5 г
4810438027991,Relouis,Блеск для губ,3 г
4810438028004,Relouis,Блеск для губ,3 г
4810438028059,Relouis,Тональная основа,30 мл
4810438028066,Relouis,Тональная основа,30 мл
4810438028073,Relouis,Тональная основа,30 мл
4810438028080,Relouis,Тональная основа,30 мл
4810438028394,Relouis,Сыворотки и эликсиры,50 г
4810438028400,Relouis,Увлажняющий гель для лица,40 г
4810438028417,Relouis,Сыворотки и эликсиры,50 г
4810438028424,Relouis,Крем для лица,40 г
4810438028431,Relouis,Сыворотки и эликсиры,30 г
4810438028448,Relouis,Крем для лица,40 г
4810438028455,Relouis,Крем для кожи вокруг глаз,15 г
4810438028493,Relouis,Рассыпчатая пудра,10 г
4810438028622,Relouis,Тушь для ресниц,9 мл
4810438028653,Relouis,Блеск для губ,3 г
4810438028691,Relouis,Карандаш для губ,0.3 г
4810438028707,Relouis,Карандаш для губ,0.3 г
4810438028714,Relouis,Карандаш для губ,0.3 г
4810438028721,Relouis,Карандаш для губ,0.3 г
4810438028738,Relouis,Карандаш для губ,0.3 г
4810438028745,Relouis,Карандаш для губ,0.3 г
4810438028851,Relouis,"Подводка, лайнер для глаз",
4810438028875,Relouis,"Подводка, лайнер для глаз",
4810438028882,Relouis,"Подводка, лайнер для глаз",
4810438028899,Relouis,"Подводка, лайнер для глаз",
4810438028905,Relouis,"Подводка, лайнер для глаз",
4810438028981,Relouis,Тональная основа,30 г
4810438029018,Relouis,Тональная основа,
4810438029025,Relouis,Тональная основа,
4810438029032,Relouis,Тушь для ресниц,9 мл
4810438029049,Relouis,Тушь для ресниц,9 мл
4810438029056,Relouis,Блеск для губ,
4810438029063,Relouis,Жидкая помада,
4810438029070,Relouis,Блеск для губ,
4810438029087,Relouis,Тинт для губ,
4810438029117,No Brand,Гель для бровей,
4810438029148,Relouis,Тушь для ресниц,9 г
4810438029162,Relouis,Лак для ногтей,11 мл
4810438029179,Relouis,Лак для ногтей,11 мл
4810438029193,Relouis,Лак для ногтей,11 мл
4810438029209,Relouis,Лак для ногтей,11 г
4810438029377,Relouis,Блеск для губ,
4810438029391,Relouis,Блеск для губ,3 мл
4810438029513,Relouis,Румяна,
4810438029520,Relouis,Румяна,
4810438029537,Relouis,"Хайлайтер, скульптор",
4810438029728,Relouis,Блеск для губ,3 г
4810438029735,Relouis,Блеск для губ,3 г
4810438029742,Relouis,Блеск для губ,3 г
4810438029759,Relouis,Блеск для губ,3 г
4810438029766,Relouis,Блеск для губ,3 г
4810438029827,Relouis,Карандаш для губ,
4810438029834,Relouis,Карандаш для губ,
4810438029841,Relouis,Карандаш для губ,
4810438029971,Relouis,Помада,
4810438029988,Relouis,Помада,
4810438029995,Relouis,Помада,4 г
4810438030014,Relouis,Помада,4 г
4810438030021,Relouis,Помада,
4810438030038,Relouis,Помада,
4810438030045,Relouis,Помада,
4810438030052,Relouis,Помада,
4810438030342,Relouis,Помада,3.7 г
4810438030359,Relouis,Помада,3.7 г
4810438030366,Relouis,Помада,3.7 г
4810438030373,Relouis,Помада,3.7 г
4810438030380,Relouis,Помада,3.7 г
4810438030397,Relouis,Помада,3.7 г
4810438030403,Relouis,Помада,
4810438030533,Relouis,Карандаш для губ,
4810438030540,Relouis,Карандаш для губ,
4810438030557,Relouis,Карандаш для губ,
4810438030755,Relouis,Тушь для ресниц,9 мл
4810438030779,Relouis,Рассыпчатая пудра,
4810438030793,Relouis,Рассыпчатая пудра,28 г
4810438030830,Relouis,Лак для ногтей,11 мл
4810438030847,Relouis,Лак для ногтей,11 мл
4810438030854,Relouis,Лак для ногтей,11.5 г
4810438030861,Relouis,Лак для ногтей,11.5 г
4810438030878,Relouis,Лак для ногтей,11 мл
4810438030892,Relouis,Помада,
4810438030915,Relouis,Помада,
4810438030939,Relouis,Помада,
4810438031011,Relouis,Бальзам для губ,
4810438031059,Relouis,Румяна,
4811230023075,MODUM,Уход за кожей ног,75 г
4811230023082,MODUM,Уход за кожей рук,75 г
4811230023099,MODUM,Сыворотки и эликсиры,30 г
4811230024133,MODUM,"Детский крем, молочко, масло",75 г
4811230024140,MODUM,"Детский крем, молочко, масло",75 г
4811230024577,MODUM,"Тоник, лосьон для лица",200 мл
4811230024607,MODUM,Мицеллярная вода и гель,400 мл
4811230024621,MODUM,Крем для лица,50 г
4811230024645,MODUM,Крем для лица,50 г
4811230024669,MODUM,Крем для лица,50 г
4811230024676,MODUM,Крем для лица,50 г
4811230024683,MODUM,Крем для лица,50 г
4811230024690,MODUM,Уход за кожей ног,75 г
4811230024706,MODUM,Уход за кожей ног,75 г
4811230024713,MODUM,Уход за кожей ног,75 г
4811230024720,MODUM,Уход за кожей рук,75 г
4811230024737,MODUM,Уход за кожей рук,75 г
4811230024744,MODUM,Уход за кожей рук,75 г
4811230024751,MODUM,Уход за кожей рук,75 г
4811230024768,MODUM,"Крем, молочко и лосьон для тела",150 г
4811230024911,,Уход за кожей рук,100 г
4811230024928,,Уход за кожей рук,100 г
4811230024935,,Крем для лица,75 г
4811230024942,No Brand,Ночной крем для лица,75 г
4811230024959,,Крем для лица,200 г
4811230024966,,Мицеллярная вода и гель,400 мл
4811230024973,,"Крем, молочко и лосьон для тела",400 мл
4811230025253,MODUM,Сыворотки и эликсиры,50 г
4811230025260,MODUM,Сыворотки и эликсиры,50 г
4811230025277,MODUM,Крем для кожи вокруг глаз,25 г
4811230025284,MODUM,Сыворотки и эликсиры,30 г
4811230025291,MODUM,Крем-маски,75 г
4811230025307,MODUM,Крем-маски,75 г
4811230025628,MODUM,Крем для лица,75 г
4811230025635,MODUM,Патчи под глаза,25 г
4811230025642,MODUM,Сыворотки и эликсиры,30 мл
4811230025659,MODUM,Крем-маски,100 г
4811230026267,,Крем для лица,75 г
4811230027219,,Бальзам для лица,200 г
4811230027233,,Бальзам для лица,200 г
4811230029817,MODUM,Мицеллярная вода и гель,150 мл
4811230029824,MODUM,Крем для лица,100 г
4811329009218,Luxvisage,Тушь для ресниц,9 г
4811329009225,Luxvisage,Тушь для ресниц,
4811329015646,Luxvisage,Тональная основа,35 г
4811329016988,Luxvisage,Карандаш для губ,1.75 г
4811329017008,Luxvisage,Карандаш для губ,1.75 г
4811329017015,Luxvisage,Карандаш для губ,1.75 г
4811329017022,Luxvisage,Карандаш для губ,1.75 г
4811329017114,Luxvisage,Тушь для ресниц,9 г
4811329018371,Essence,Тушь для ресниц,12 г
4811329018425,Luxvisage,Карандаши для бровей,1.75 г
4811329018487,Luxvisage,Карандаш для губ,1.75 г
4811329018807,Luxvisage,Румяна,5 г
4811329018814,Luxvisage,Румяна,5 г
4811329018821,Luxvisage,Румяна,5 г
4811329018838,Luxvisage,Румяна,5 г
4811329018845,Luxvisage,Румяна,5 г
4811329021098,Luxvisage,Карандаш для губ,1.75 г
4811329021128,Luxvisage,Карандаш для губ,1.75 г
4811329021463,Luxvisage,Блеск для губ,
4811329021531,Luxvisage,Блеск для губ,3 мл
4811329021548,Luxvisage,Блеск для губ,3 мл
4811329021555,Luxvisage,Блеск для губ,
4811329021562,Luxvisage,Блеск для губ,3 мл
4811329022613,Luxvisage,Гель для бровей,5.5 г
4811329022699,Luxvisage,Тональная основа,35 г
4811329022781,Luxvisage,Помада,4 г
4811329022804,Luxvisage,Помада,
4811329022927,Luxvisage,Тушь для ресниц,7 г
4811329022934,Luxvisage,Тушь для ресниц,7 г
4811329023474,Luxvisage,Кисти для макияжа,
4811329023481,Luxvisage,Кисти для макияжа,
4811329023498,Luxvisage,Кисти для макияжа,
4811329023504,Luxvisage,Кисти для макияжа,
4811329023535,Luxvisage,Кисти для макияжа,
4811329023757,Luxvisage,Помада,4 г
4811329023832,Luxvisage,Помада,4 г
4811329023849,Luxvisage,Помада,4 г
4811329023917,Luxvisage,Тушь для ресниц,7 г
4811329023924,Luxvisage,Компактная пудра,9 г
4811329027816,Luxvisage,Кисти для макияжа,
4811329027861,Luxvisage,Кисти для макияжа,
4811329028493,Luxvisage,Блеск для губ,5 мл
4811329028509,Luxvisage,Блеск для губ,5 мл
4811329028530,Luxvisage,Блеск для губ,
4811329028547,Luxvisage,Блеск для губ,5 мл
4811329028578,Luxvisage,Блеск для губ,
4811329028592,Luxvisage,Блеск для губ,
4811329029001,Luxvisage,Блеск для губ,
4811329029209,Luxvisage,Блеск для губ,5 мл
4811329029216,Luxvisage,Блеск для губ,5 мл
4811329029223,Luxvisage,Блеск для губ,
4811329029230,Luxvisage,Блеск для губ,
4811329029247,Luxvisage,Блеск для губ,
4811329029261,Luxvisage,Блеск для губ,5 мл
4811329029292,Luxvisage,Блеск для губ,5 мл
4811329029476,Luxvisage,Бронзер,10 г
4811329030038,Luxvisage,База под макияж,50 мл
4811329030403,Luxvisage,Помада,4 г
4811329031202,Luxvisage,Компактная пудра,10 г
4811329031912,Luxvisage,Жидкая помада,
4811329031929,Luxvisage,Жидкая помада,
4811329031936,Luxvisage,Жидкая помада,
4811329031943,Luxvisage,Жидкая помада,
4811329031967,Luxvisage,Жидкая помада,
4811329031998,Luxvisage,Жидкая помада,
4811329032063,Luxvisage,Жидкая помада,
4811329034760,Luxvisage,База под макияж,
4811329034777,Luxvisage,База под макияж,35 г
4811329034784,Luxvisage,База под макияж,35 г
4811329034821,Luxvisage,Тональная основа,35 г
4811329034838,Luxvisage,Тональная основа,35 г
4811329034845,Luxvisage,Тональная основа,
4811329034852,Luxvisage,Тональная основа,
4811329035200,Luxvisage,Блеск для губ,
4811329035224,Luxvisage,Гель для бровей,
4811329035941,Luxvisage,Кисти для макияжа,
4811329036375,Luxvisage,База под макияж,20 г
4811329036474,Luxvisage,Блеск для губ,
4811329036481,Luxvisage,Блеск для губ,
4811329036504,Luxvisage,Блеск для губ,
4811329036559,Luxvisage,"Подводка, лайнер для глаз",
4811329036627,Luxvisage,Тушь для ресниц,
4811329036672,Luxvisage,Жидкая помада,
4811329036689,Luxvisage,Жидкая помада,3.8 г
4811329036702,Luxvisage,Жидкая помада,3.8 г
4811329036955,Luxvisage,База под макияж,
4811329037402,Luxvisage,BB и CC крем,35 мл
4811329037419,Luxvisage,BB и CC крем,
4811329037426,Luxvisage,BB и CC крем,
4811329037860,Luxvisage,Тени для век,
4811329037884,Luxvisage,Тени для век,
4811329037990,Luxvisage,Тушь для ресниц,8 г
4811329038065,Luxvisage,Блеск для губ,6 мл
4811329038072,Luxvisage,Блеск для губ,6 мл
4811329038089,Luxvisage,Блеск для губ,5.5 г
4811329038119,Luxvisage,Блеск для губ,5.5 г
4811329038126,Luxvisage,Блеск для губ,
4811329038133,Luxvisage,Блеск для губ,
4811329038188,Luxvisage,Блеск для губ,
4811329038195,Luxvisage,Блеск для губ,
4811329038393,Luxvisage,Блеск для губ,
4811329038607,Luxvisage,Гель для бровей,
4811329038614,Luxvisage,Гель для бровей,
4811329038621,Luxvisage,Гель для бровей,
4811329038638,Luxvisage,Гель для бровей,
4811329039062,Luxvisage,Тинт для губ,
4811329039079,Luxvisage,Тинт для губ,
4811329039086,Luxvisage,Тинт для губ,9 г
4811329039093,Luxvisage,Тинт для губ,9 г
4811329039420,Luxvisage,Тушь для ресниц,8 г
4811329039871,Luxvisage,Блеск для губ,
4811329039994,Luxvisage,Тушь для ресниц,8 г
4811329040204,Luxvisage,Тинт для губ,
4811329040211,Luxvisage,Тинт для губ,
4811329040242,Luxvisage,"Корректор, консилер для лица",3.7 г
4811329040259,Luxvisage,"Корректор, консилер для лица",3.7 г
4811329040266,Luxvisage,"Корректор, консилер для лица",3.7 г
4811329040273,Luxvisage,"Корректор, консилер для лица",3.7 г
4811329044189,Luxvisage,Тушь для ресниц,9 мл
4811329044769,Luxvisage,Бальзам для губ,
4811329045049,Luxvisage,Блеск для губ,3.5 г
4811329045063,Luxvisage,Блеск для губ,3.5 г
4811329045926,Luxvisage,Блеск для губ,2.9 мл
4811329045933,Luxvisage,Блеск для губ,
4811329045995,Luxvisage,Карандаш для губ,
4811329046039,Luxvisage,Карандаш для губ,1.5 г
4811329046046,Luxvisage,Карандаш для губ,
4811329046053,Luxvisage,Карандаш для губ,
4811329046060,Luxvisage,Карандаш для губ,
4811329047210,Luxvisage,Тушь для бровей,
4811329047487,Luxvisage,Тинт для губ,
4811329047494,Luxvisage,Тинт для губ,
4811329047678,Luxvisage,Блеск для губ,
4811450090871,La&Te Beaute,Наборы косметики по уходу,280 мл
4811450127379,La&Te Beaute,Подарочные наборы косметики,350 мл
4811450127393,La&Te Beaute,Подарочные наборы косметики,350 мл
4811450138603,La&Te Beaute,Подарочные наборы косметики,
4811450138610,La&Te Beaute,Подарочные наборы косметики,
4811473004190,Conte,Колготки и чулки,
4811473004206,Conte,Колготки и чулки,
4811473004213,Conte,Колготки и чулки,
4811473004220,Conte,Колготки и чулки,
4811473004237,Conte,Колготки и чулки,
4811473004244,Conte,Колготки и чулки,
4811473004251,Conte,Колготки и чулки,
4811473004268,Conte,Колготки и чулки,
4811473004275,Conte,Колготки и чулки,
4811473004282,Conte,Колготки и чулки,
4811473004299,Conte,Колготки и чулки,
4811473004305,Conte,Колготки и чулки,
4811473004312,Conte,Колготки и чулки,
4811473004329,Conte,Колготки и чулки,
4811473004336,Conte,Колготки и чулки,
4811473008044,Conte,Гольфы,
4811473032599,Conte,Колготки и чулки,
4811473032612,Conte,Колготки и чулки,
4811473032636,Conte,Колготки и чулки,
4811473032650,Conte,Колготки и чулки,
4812547000278,Bio World,Шампунь,490 мл
4812547000285,Bio World,"Бальзам, кондиционер, ополаскиватель",250 мл
4812547000353,Bio World,"Бальзам, кондиционер, ополаскиватель",280 мл
4812547000797,Bio World,Шампунь,490 мл
4812547001299,Bloom Cosmetics,Гель для умывания,150 мл
4812547001305,Bloom Cosmetics,Гель для умывания,150 мл
4812547001473,Bio World,Крем для лица,50 мл
4812547001497,Bloom Cosmetics,Тонер для лица,200 мл
4812547002449,Bloom Cosmetics,"Крем, молочко и лосьон для тела",200 мл
4812547002456,Bloom Cosmetics,"Крем, молочко и лосьон для тела",200 мл
4812547002876,Bloom Cosmetics,Спрей для тела,100 мл
4812547002883,Bloom Cosmetics,Спрей для тела,100 мл
4813409003062,FamiLy Forever,"Скраб, пилинг и эксфолиант",200 мл
4813413006608,Bloom Cosmetics,"Крем, молочко и лосьон для тела",200 мл
4813413006615,Bloom Cosmetics,"Крем, молочко и лосьон для тела",200 мл
4813413006622,Bloom Cosmetics,"Скраб, пилинг для тела",200 мл
4813413006639,Bloom Cosmetics,"Скраб, пилинг для тела",200 мл
4813413006660,Bloom Cosmetics,"Скраб, пилинг для тела",200 мл
4813413006677,Bloom Cosmetics,"Скраб, пилинг для тела",200 мл
4813413007155,Bloom Cosmetics,Гидрофильное масло,100 мл
4813413007674,Bloom Cosmetics,"Тоник, лосьон для лица",200 мл
4813413008985,Bloom Cosmetics,"Скраб, пилинг для тела",200 мл
4813413009005,Bloom Cosmetics,"Крем, молочко и лосьон для тела",200 мл
4813413009586,Bloom Cosmetics,Уход за кожей рук,100 мл
4813413009609,Bloom Cosmetics,Уход за кожей ног,100 мл
4813413009722,Bloom Cosmetics,Масло для лица,30 мл
4813413009739,Bloom Cosmetics,Масло для лица,30 мл
4813413009746,Bloom Cosmetics,Масло для лица,30 мл
4813413009753,Bloom Cosmetics,Масло для лица,30 мл
4813413011879,Bloom Cosmetics,Крем для лица,50 мл
4813413011886,Bloom Cosmetics,Увлажняющий гель для лица,50 мл
4813413011893,Bloom Cosmetics,Крем для лица,50 мл
4813413011909,Bloom Cosmetics,Увлажняющий гель для лица,50 мл
4813413012074,Bloom Cosmetics,Гель для умывания,75 г
4813413012449,La&Te Beaute,Тушь для ресниц,10 мл
4813413012456,La&Te Beaute,Тушь для ресниц,10 мл
4813413012975,Bloom Cosmetics,Наборы косметики по уходу,50 мл
4815412002407,Bio World,Шампунь,260 мл
4815412002933,Bio World,Бальзам для губ,10 г
4815412002964,Bio World,Гель для душа,490 мл
4815412002971,Bio World,Уход за кожей рук,75 мл
4815412002988,Bio World,Уход за кожей ног,75 мл
4820121590046,Staleks,Кусачки и книпсеры,
4820121590060,Staleks,Кусачки и книпсеры,
4820121590374,Staleks,Кусачки и книпсеры,
4820121590381,Staleks,Кусачки и книпсеры,
4820121590398,Staleks,Кусачки и книпсеры,
4820121590404,Staleks,Кусачки и книпсеры,
4820121590510,Staleks,Пинцеты,
4820121590565,Staleks,"Кюретки, лопатки, триммеры",
4820121590572,Staleks,"Кюретки, лопатки, триммеры",
4820121590589,Staleks,"Кюретки, лопатки, триммеры",
4820121590596,Staleks,Средства против прыщей и акне,
4820121590763,Staleks,Пинцеты,
4820121590770,Staleks,Пинцеты,
4820121590855,Staleks,Пинцеты,
4820121591203,Staleks,Кусачки и книпсеры,
4820121591333,Staleks,Кусачки и книпсеры,
4820121591432,Staleks,Кусачки и книпсеры,
4820121591449,Staleks,Кусачки и книпсеры,
4820121591456,Staleks,Кусачки и книпсеры,
4820121591593,Staleks,"Пилки, пемза и лезвия для педикюра",
4820121591609,Staleks,"Пилки, пемза и лезвия для педикюра",
4820121591692,Staleks,Кусачки и книпсеры,
4820121591722,Staleks,Средства против прыщей и акне,
4820121591791,Staleks,Кусачки и книпсеры,
4820121591852,Staleks,"Кюретки, лопатки, триммеры",
4820121591869,Staleks,Пинцеты,
4820121591876,Staleks,Пинцеты,
4820121591890,Staleks,Кусачки и книпсеры,
4820121591975,Staleks,"Кюретки, лопатки, триммеры",
4820121592361,Staleks,Кусачки и книпсеры,
4820121592613,Staleks,Пинцеты,
4820121592668,Staleks,"Пилки, пемза и лезвия для педикюра",
4820121592958,Staleks,"Пилки, пемза и лезвия для педикюра",
4820121592965,Staleks,"Пилки, пемза и лезвия для педикюра",
4820121592972,Staleks,"Пилки, пемза и лезвия для педикюра",
4820121593658,Staleks,Пинцеты,
4820121593665,Staleks,Пинцеты,
4820121593801,Staleks,Пинцеты,
4820121593993,Staleks,Кусачки и книпсеры,
4820121594006,Staleks,Кусачки и книпсеры,
4820121594044,Staleks,Пинцеты,
4820121594167,Staleks,Пинцеты,
4820121594174,Staleks,Пинцеты,
4820121594907,Staleks,Пинцеты,
4820121595232,Staleks,"Пилочки, бафы для ногтей",
4820121595393,Staleks,Кусачки и книпсеры,
4820121595638,Staleks,Кусачки и книпсеры,
4820121595645,Staleks,Кусачки и книпсеры,
4820121595676,Staleks,Средства против прыщей и акне,
4820121595935,Staleks,Аксессуары и массажеры для лица,
4820121597229,Staleks,Маникюрные ножницы,
4820121599735,Staleks,Маникюрные ножницы,
4820121599742,Staleks,Маникюрные ножницы,
4820121599759,Staleks,Маникюрные ножницы,
4820121599766,Staleks,Маникюрные ножницы,
4820121599773,Staleks,Маникюрные ножницы,
4820121599780,Staleks,Маникюрные ножницы,
4820241060054,Staleks,"Кюретки, лопатки, триммеры",
4820241060306,Staleks,Кусачки и книпсеры,
4820241061563,Staleks,Маникюрные ножницы,
4820241061570,Staleks,Маникюрные ножницы,
4820241061594,Staleks,Маникюрные ножницы,
4820241063574,Staleks,Кусачки и книпсеры,
4820241064229,Staleks,Маникюрные ножницы,
4820241065141,Staleks,"Кюретки, лопатки, триммеры",
4820241067190,Staleks,"Пилки, пемза и лезвия для педикюра",
4820241067206,Staleks,"Пилки, пемза и лезвия для педикюра",
4820241067213,Staleks,"Пилки, пемза и лезвия для педикюра",
4823015907838,Зеленая Аптека,Гель для умывания,270 мл
4823015916748,Зеленая Аптека,Средства для интимной гигиены,370 мл
4823015918865,Зеленая Аптека,Массажные масла,200 мл
4823015920189,Lady Caramel,Воск и полоски для депиляции,
4823015920196,Lady Caramel,Воск и полоски для депиляции,
4823015920219,Lady Caramel,Воск и полоски для депиляции,
4823015923203,Lady Caramel,Воск и полоски для депиляции,
4823015923210,Lady Caramel,Воск и полоски для депиляции,
4823015925771,Fresh Juice,"Скраб, пилинг для тела",225 мл
4823015932977,Dr.Sante,Шампунь,250 мл
4823015933080,Dr.Sante,Шампунь,250 мл
4823015933813,Fresh Juice,Гель для душа,500 мл
4823015933820,Fresh Juice,Гель для душа,500 мл
4823015933837,Fresh Juice,Гель для душа,500 мл
4823015933844,Fresh Juice,Гель для душа,500 мл
4823015933875,Fresh Juice,Гель для душа,500 мл
4823015935312,Dr.Sante,Шампунь,1 л
4823015935336,Dr.Sante,Шампунь,1000 мл
4823015935343,Dr.Sante,Шампунь,1 л
4823015935350,Dr.Sante,Маска для волос,1000 мл
4823015936418,Fresh Juice,"Скраб, пилинг для тела",225 мл
4823015936593,Dr.Sante,Шампунь,250 мл
4823015936616,Dr.Sante,"Бальзам, кондиционер, ополаскиватель",200 мл
4823015936623,Dr.Sante,Маска для волос,1000 мл
4823015937040,Dr.Sante,Маска для волос,300 мл
4823015937088,Зеленая Аптека,Массажные масла,200 мл
4823015937538,Fresh Juice,Гель для душа,500 мл
4823015938276,Dr.Sante,Шампунь,1 л
4823015939730,Lady Caramel,Воск и полоски для депиляции,
4823015942150,Fresh Juice,Соль для ванны,700 г
4823015944031,Dr.Sante,Шампунь,400 мл
4823126600505,Staleks,Кисти и инструменты для дизайна ногтей,
4860116640011,Bibi,Прокладки,
4860116640028,Bibi,Прокладки,
4860116640042,Bibi,Прокладки,
4901872471997,SHISEIDO,Масло и крем для волос,70 мл
4902430508377,Gillette,Станки для бритья,
4902430851800,Pantene,Шампунь,530 мл
4902430919456,Pantene,Шампунь,530 мл
5000174003451,Old Spice,"Дезодорант, антиперспирант",50 мл
5000174917789,Old Spice,"Дезодорант, антиперспирант",70 мл
5012347869051,Bioderma,Мицеллярная вода и гель,250 мл
5016742398451,R.O.C.S.,Зубная паста,74 г
5021769215394,Technic,Гель для бровей,14 г
5021769235170,Technic,Тени для век,
5021769237303,Technic,Компактная пудра,10 г
5021769285366,Technic,Тени для век,30 г
5021769813385,Technic,Румяна,
5021769824862,Technic,"Хайлайтер, скульптор",7.3 г
5021769824879,Technic,"Хайлайтер, скульптор",7.3 г
5021769824886,Technic,"Хайлайтер, скульптор",7.3 г
5021769828716,Technic,Румяна,
5056446610629,Charlotte Tilbury,"Хайлайтер, скульптор",7 г
5056446610957,Charlotte Tilbury,"Хайлайтер, скульптор",7 г
5057566082266,Revolution,Карандаши для бровей,
5057566656931,Revolution,Компактная пудра,6 г
5057566656955,Revolution,Компактная пудра,6 г
5060426150012,Sarah Jessica Parker,"Парфюмерия, парфюмерные наборы",50 мл
5060504725262,Solomeya,"Спонжи, губки, бьюти-блендеры",
5060504725279,Solomeya,"Спонжи, губки, бьюти-блендеры",
5060504725897,Solomeya,"Спонжи, губки, бьюти-блендеры",
5060504726917,Solomeya,Расчески для волос,
5060504726931,Solomeya,Расчески для волос,
5060504726955,Solomeya,Расчески для волос,
5060504727358,Solomeya,Расчески для волос,
5060504727488,Solomeya,Расчески для волос,
5060504727501,Solomeya,Расчески для волос,
5060504727532,Solomeya,Расчески для волос,
5060504727549,Solomeya,Расчески для волос,
5060504727556,Solomeya,Расчески для волос,
5060504727990,Solomeya,Расчески для волос,
5060504728195,Solomeya,Средство для снятия водостойкого макияжа,
5060504728393,Solomeya,Расчески для волос,
5060504728409,Solomeya,Расчески для волос,
5060504728416,Solomeya,Расчески для волос,
5060925264197,Dear Body,Наборы косметики по уходу,295 мл
5120496571283,Bioderma,Гель для умывания,200 мл
5127348965012,Bioderma,Мицеллярная вода и гель,250 мл
5239071245863,Bioderma,Мицеллярная вода и гель,
5307376236527,Bioderma,Мицеллярная вода и гель,500 мл
5345698742053,Bioderma,Мицеллярная вода и гель,500 мл
5348902173569,Bioderma,Мицеллярная вода и гель,250 мл
5456789034210,Bioderma,"Тоник, лосьон для лица",250 мл
5458963543396,Bioderma,Мицеллярная вода и гель,100 мл
5563904872156,Bioderma,"Крем, молочко и лосьон для тела",200 мл
5673148902367,Bioderma,Термальная вода и спреи,300 мл
5684575235711,Bioderma,Мицеллярная вода и гель,100 мл
5701129814392,Bioderma,Мицеллярная вода и гель,400 мл
5780912345672,Bioderma,Крем для кожи вокруг глаз,100 мл
5784302957618,Bioderma,Мицеллярная вода и гель,200 мл
5789021347742,Bioderma,Гель для умывания,75 мл
5789043216750,Bioderma,"Тоник, лосьон для лица",250 мл
5900017089362,Nivea,"Дезодорант, антиперспирант",150 мл
5901234789516,Bioderma,Мицеллярная вода и гель,250 мл
5901698576387,Paese,Тональная основа,30 мл
5901761904413,Eveline Cosmetics,Тушь для ресниц,11 мл
5901761905199,Eveline Cosmetics,Уход за кожей рук,100 мл
5901761905205,Eveline Cosmetics,Уход за кожей рук,100 мл
5901761910797,Eveline Cosmetics,"Подводка, лайнер для глаз",4 мл
5901761912265,Eveline Cosmetics,Крем для лица,
5901761912272,Eveline Cosmetics,Крем для лица,50 мл
5901761912289,Eveline Cosmetics,Крем для лица,50 мл
5901761912296,Eveline Cosmetics,Крем для лица,
5901761915112,Eveline Cosmetics,Карандаш для глаз,
5901761916164,Eveline Cosmetics,Крем для губ,
5901761918625,Eveline Cosmetics,Карандаши для бровей,4 г
5901761919400,Eveline Cosmetics,Мицеллярная вода и гель,
5901761937244,Eveline Cosmetics,Тональная основа,32 мл
5901761937251,Eveline Cosmetics,Тональная основа,32 мл
5901761939330,Eveline Cosmetics,Лечение и укрепление ногтей,12 мл
5901761941944,Eveline Cosmetics,Сыворотки и эликсиры,
5901761941951,Eveline Cosmetics,Сыворотки и эликсиры,
5901761941975,Eveline Cosmetics,Крем для кожи вокруг глаз,
5901761949087,Eveline Cosmetics,Средства для интимной гигиены,250 мл
5901761949100,Eveline Cosmetics,Средства для интимной гигиены,250 мл
5901761949391,Eveline Cosmetics,"Крем, молочко и лосьон для тела",350 мл
5901761952766,Eveline Cosmetics,Мицеллярная вода и гель,
5901761952797,Eveline Cosmetics,Крем для лица,50 мл
5901761952803,Eveline Cosmetics,Крем для лица,50 мл
5901761954951,Eveline Cosmetics,Гель для умывания,150 мл
5901761956580,Eveline Cosmetics,Мицеллярная вода и гель,100 мл
5901761956740,Eveline Cosmetics,База под макияж,30 мл
5901761956757,Eveline Cosmetics,База под макияж,30 мл
5901761958379,Eveline Cosmetics,Уход за кожей рук,100 мл
5901761961850,Eveline Cosmetics,Тональная основа,32 мл
5901761961867,Eveline Cosmetics,Тональная основа,32 мл
5901761964165,Eveline Cosmetics,Мицеллярная вода и гель,500 мл
5901761966695,Eveline Cosmetics,Наборы декоративной косметики,4.5 мл
5901761969658,Eveline Cosmetics,Наборы декоративной косметики,4.5 мл
5901761976038,Eveline Cosmetics,Гель для умывания,150 мл
5901761980691,Eveline Cosmetics,Рассыпчатая пудра,6 г
5901761980967,Eveline Cosmetics,Крем для лица,50 мл
5901761980974,Eveline Cosmetics,Крем для лица,50 мл
5901761980981,Eveline Cosmetics,Крем для лица,50 мл
5901761982992,Eveline Cosmetics,Тушь для ресниц,10 мл
5901761983074,Eveline Cosmetics,Крем для лица,50 мл
5901761983098,Eveline Cosmetics,Крем для лица,50 мл
5901761984521,Eveline Cosmetics,"Хайлайтер, скульптор",4.2 г
5901761984545,Eveline Cosmetics,"Хайлайтер, скульптор",4.2 г
5901761985405,Eveline Cosmetics,Тушь для ресниц,10 мл
5901761986815,Eveline Cosmetics,Уход за кожей ног,100 мл
5901761987171,Eveline Cosmetics,Пенка и мусс для умывания,150 мл
5901761987867,Eveline Cosmetics,Крем для лица,50 мл
5901761988321,Eveline Cosmetics,Мицеллярная вода и гель,
5901761988628,Eveline Cosmetics,Гель для бровей,10 мл
5901761989052,Eveline Cosmetics,Мицеллярная вода и гель,750 мл
5901761990454,Eveline Cosmetics,База под макияж,30 мл
5901761990812,Eveline Cosmetics,"Крем, молочко и лосьон для тела",350 мл
5901761991727,Eveline Cosmetics,Лечебный уход за бровями и ресницами,10 мл
5901761994087,Eveline Cosmetics,Крем для лица,
5901761995435,Eveline Cosmetics,Средства против прыщей и акне,225 мл
5901761995466,Eveline Cosmetics,Крем для лица,50 мл
5901761995480,Eveline Cosmetics,Крем для лица,50 мл
5901761996128,Eveline Cosmetics,"Крем, молочко и лосьон для тела",200 мл
5901964007966,Eveline Cosmetics,"Подводка, лайнер для глаз",4 мл
5901964016302,Eveline Cosmetics,Крем для депиляции,125 мл
5901964016357,Eveline Cosmetics,Крем для лица,
5901964016364,Eveline Cosmetics,Крем для лица,75 мл
5901964016463,Eveline Cosmetics,Уход за кожей рук,125 мл
5901964016746,Eveline Cosmetics,Крем для депиляции,125 мл
5901964017958,Eveline Cosmetics,Крем для лица,50 мл
5901964017965,Eveline Cosmetics,Крем для лица,50 мл
5901964051556,Eveline Cosmetics,Крем для депиляции,100 мл
5902026685061,Ingrid Cosmetics,"Корректор, консилер для лица",8 мл
5902169020385,Bielenda,Мицеллярная вода и гель,400 мл
5902169020392,Bielenda,Мицеллярная вода и гель,400 мл
5902627617935,Paese,Тональная основа,35 мл
5902627617997,Paese,Тональная основа,35 мл
5902627618017,Paese,Тональная основа,35 мл
5902627623028,Paese,Тональная основа,30 мл
5903416001904,Eveline Cosmetics,Блеск для губ,4.5 мл
5903416002215,Eveline Cosmetics,Средства против прыщей и акне,30 мл
5903416002338,Eveline Cosmetics,"Тоник, лосьон для лица",110 мл
5903416002376,Eveline Cosmetics,Средства против прыщей и акне,100 мл
5903416002659,Eveline Cosmetics,"Скраб, пилинг и эксфолиант",75 мл
5903416003779,Eveline Cosmetics,База под макияж,50 мл
5903416006053,Eveline Cosmetics,Солнцезащитные средства,200 мл
5903416006077,Eveline Cosmetics,Детская солнцезащитная косметика,150 мл
5903416006084,Eveline Cosmetics,Уход после загара,150 мл
5903416007111,Eveline Cosmetics,Крем для лица,50 мл
5903416007128,Eveline Cosmetics,Крем для лица,50 мл
5903416007524,Eveline Cosmetics,Мицеллярная вода и гель,400 мл
5903416008095,Eveline Cosmetics,Тушь для ресниц,10 мл
5903416009641,Eveline Cosmetics,Увлажняющий гель для лица,
5903416013242,Eveline Cosmetics,Масла и средства для загара,150 мл
5903416015505,Eveline Cosmetics,Патчи под глаза,20 г
5903416017035,Eveline Cosmetics,Бальзам для губ,4.5 мл
5903416017059,Eveline Cosmetics,Бальзам для губ,4.5 мл
5903416017431,Eveline Cosmetics,Карандаши для бровей,6 г
5903416017738,Eveline Cosmetics,Тональная основа,30 мл
5903416019053,Eveline Cosmetics,Крем для лица,200 мл
5903416019121,Eveline Cosmetics,Уход за кожей рук,100 мл
5903416019138,Eveline Cosmetics,Уход за кожей рук,100 мл
5903416020868,Eveline Cosmetics,Бальзам для губ,4.5 мл
5903416020899,Eveline Cosmetics,Бальзам для губ,4.5 мл
5903416024361,Eveline Cosmetics,"Крем, молочко и лосьон для тела",500 мл
5903416024385,Eveline Cosmetics,"Крем, молочко и лосьон для тела",500 мл
5903416024392,Eveline Cosmetics,"Крем, молочко и лосьон для тела",400 мл
5903416024774,Eveline Cosmetics,Мицеллярная вода и гель,150 мл
5903416026754,Eveline Cosmetics,Пенка и мусс для умывания,150 мл
5903416026839,Eveline Cosmetics,Крем для депиляции,
5903416026860,Eveline Cosmetics,Мицеллярная вода и гель,400 мл
5903416026952,Eveline Cosmetics,Крем для лица,50 мл
5903416027157,Eveline Cosmetics,"Корректор, консилер для лица",7 мл
5903416027164,Eveline Cosmetics,"Корректор, консилер для лица",7 мл
5903416027171,Eveline Cosmetics,"Корректор, консилер для лица",7 мл
5903416027393,Eveline Cosmetics,Блеск для губ,4.5 мл
5903416027928,Eveline Cosmetics,Крем для лица,50 мл
5903416027935,Eveline Cosmetics,Гель для кожи вокруг глаз,15 мл
5903416028086,Eveline Cosmetics,Крем для лица,75 мл
5903416028093,Eveline Cosmetics,Крем для лица,75 мл
5903416028154,Eveline Cosmetics,Пенка и мусс для умывания,150 мл
5903416029441,Eveline Cosmetics,Крем для лица,50 мл
5903416030232,Eveline Cosmetics,Крем для кожи вокруг глаз,20 мл
5903416030409,Eveline Cosmetics,Тональная основа,30 мл
5903416030430,Eveline Cosmetics,Тональная основа,30 мл
5903416037378,Eveline Cosmetics,Помада,4.2 г
5903416037408,Eveline Cosmetics,Помада,
5903416037439,Eveline Cosmetics,Помада,4.2 г
5903416037460,Eveline Cosmetics,Помада,4.2 г
5903416037491,Eveline Cosmetics,Помада,4.2 г
5903416037521,Eveline Cosmetics,Помада,4.2 г
5903416037927,Eveline Cosmetics,Карандаш для глаз,
5903416037996,Eveline Cosmetics,Гель для бровей,25 г
5903416038139,Eveline Cosmetics,Тушь для ресниц,10 мл
5903416039693,Eveline Cosmetics,Пенка и мусс для умывания,150 мл
5903416039709,Eveline Cosmetics,Гель для умывания,150 мл
5903416039730,Eveline Cosmetics,Средства против прыщей и акне,200 мл
5903416047605,Eveline Cosmetics,"Крем, молочко и лосьон для тела",350 мл
5903416047612,Eveline Cosmetics,"Крем, молочко и лосьон для тела",350 мл
5903416048497,Eveline Cosmetics,Тени для век,
5903416049067,Eveline Cosmetics,Уход за кожей рук,75 мл
5903416049982,Eveline Cosmetics,Крем для лица,50 мл
5903416052456,Eveline Cosmetics,Карандаши для бровей,
5903416052463,Eveline Cosmetics,Карандаши для бровей,
5903416053712,Eveline Cosmetics,Тушь для ресниц,10 мл
5903416058892,Eveline Cosmetics,Жидкая помада,5 мл
5903416061267,Eveline Cosmetics,Бальзам для губ,
5903416061298,Eveline Cosmetics,Бальзам для губ,
5903416065654,Eveline Cosmetics,Гель для бровей,6 мл
5903482174650,BIODERMA,Мицеллярная вода и гель,500 мл
5905678342190,Bioderma,Гель для умывания,500 мл
5906927015132,Bispol,Ароматические свечи,
5906927015378,Bispol,Ароматические свечи,
5906927015651,Bispol,Ароматические свечи,
5906927015699,Bispol,Ароматические свечи,
5906927015750,Bispol,Ароматические свечи,
5906927015835,Bispol,Ароматические свечи,
5906927015880,Bispol,Ароматические свечи,
5906927015927,Bispol,Ароматические свечи,
5906927020341,Bispol,Ароматические свечи,
5906927020587,Bispol,Ароматические свечи,
5906927020907,Bispol,Ароматические свечи,100 г
5906927024547,Bispol,Ароматические свечи,
5906927028293,Bispol,Ароматические свечи,100 г
5906927028347,Bispol,Ароматические свечи,100 г
5906927031934,Bispol,Ароматические свечи,
5906927037943,Bispol,Ароматические свечи,
5906927038469,Bispol,Ароматические свечи,
5906927043135,Bispol,Ароматические свечи,100 г
5906927043173,Bispol,Ароматические свечи,
5906927046266,Bispol,Ароматические свечи,
5906927151052,Bispol,Ароматические свечи,
5906927151328,Bispol,Ароматические свечи,
5906927151793,Bispol,Ароматические свечи,
5906927151847,Bispol,Ароматические свечи,
5906927152028,Bispol,Ароматические свечи,
5906927280134,Bispol,Ароматические свечи,
5906927280639,Bispol,Ароматические свечи,
5906927280738,Bispol,Ароматические свечи,
5906927280783,Bispol,Ароматические свечи,
5906927281049,Bispol,Ароматические свечи,
5906927371139,Bispol,Ароматические свечи,
5906927371375,Bispol,Ароматические свечи,
5906927371696,Bispol,Ароматические свечи,
5906927371795,Bispol,Ароматические свечи,
5906927371894,Bispol,Ароматические свечи,
5906927374055,Bispol,Ароматические свечи,
5906927374161,Bispol,Ароматические свечи,
5907609301505,Eveline Cosmetics,Карандаш для глаз,1.2 г
5907609301512,Eveline Cosmetics,Карандаш для глаз,1.2 г
5907609308771,Eveline Cosmetics,Блеск для губ,9 мл
5907609308788,Eveline Cosmetics,Блеск для губ,9 мл
5907609308795,Eveline Cosmetics,Блеск для губ,9 мл
5907609308849,Eveline Cosmetics,Блеск для губ,9 мл
5907609308870,Eveline Cosmetics,Блеск для губ,9 мл
5907609313133,Eveline Cosmetics,Крем для депиляции,125 мл
5907609316967,Eveline Cosmetics,Блеск для губ,9 мл
5907609318749,Eveline Cosmetics,Крем для лица,50 мл
5907609318756,Eveline Cosmetics,Крем для лица,50 мл
5907609325532,Eveline Cosmetics,Тушь для ресниц,11 мл
5907609328748,Eveline Cosmetics,Крем для лица,200 мл
5907609329295,Eveline Cosmetics,"Крем, молочко и лосьон для тела",200 мл
5907609329714,Eveline Cosmetics,Лечение и укрепление ногтей,12 мл
5907609329721,Eveline Cosmetics,Лечение и укрепление ногтей,12 мл
5907609329745,Eveline Cosmetics,Сушка для лака,12 мл
5907609332486,Eveline Cosmetics,"Крем, молочко и лосьон для тела",210 мл
5907609332493,Eveline Cosmetics,"Крем, молочко и лосьон для тела",210 мл
5907609332509,Eveline Cosmetics,"Крем, молочко и лосьон для тела",210 мл
5907609333506,Eveline Cosmetics,Средство для удаления кутикулы,
5907609333513,Eveline Cosmetics,Лечение и укрепление ногтей,12 мл
5907609333704,Eveline Cosmetics,Карандаш для глаз,8.3 г
5907609333759,Eveline Cosmetics,Карандаш для глаз,8.3 г
5907609335623,Eveline Cosmetics,Масло для кутикулы,12 мл
5907609335890,Eveline Cosmetics,"Детский крем, молочко, масло",150 мл
5907609336958,Eveline Cosmetics,Крем для депиляции,125 мл
5907609336965,Eveline Cosmetics,Крем для депиляции,125 мл
5907609337191,Eveline Cosmetics,Тушь для ресниц,9 мл
5907609338105,Eveline Cosmetics,"Крем, молочко и лосьон для тела",200 мл
5907609339188,Eveline Cosmetics,"Корректор, консилер для лица",7 мл
5907609339218,Eveline Cosmetics,"Подводка, лайнер для глаз",9.6 г
5907609378996,Eveline Cosmetics,"Крем, молочко и лосьон для тела",200 мл
5907609387882,Eveline Cosmetics,Маска для волос,500 мл
5907609395283,Eveline Cosmetics,Лечебный уход за бровями и ресницами,10 мл
5907619819519,Ingrid Cosmetics,Тональная основа,30 мл
6001085120946,Vaseline,Бальзам для лица,100 мл
6001087005654,,"Крем, молочко и лосьон для тела",250 мл
6001159131717,Bio-Oil,Средства от растяжек,60 мл
6001159131748,Bio-Oil,Увлажняющий гель для лица,50 мл
6001159131755,Bio-Oil,Увлажняющий гель для лица,100 мл
6001159131779,Bio-Oil,"Крем, молочко и лосьон для тела",175 мл
6085010044712,Armaf,"Парфюмерия, парфюмерные наборы",105 мл
6085010093543,Armaf,"Парфюмерия, парфюмерные наборы",100 мл
6281006532380,Dove,Шампунь,200 мл
6281006532403,Dove,Шампунь,200 мл
6281006532427,Dove,Шампунь,200 мл
6281006604926,Clear,Шампунь,180 мл
6281006604988,Clear,Шампунь,180 мл
6281006605152,Clear,Шампунь,180 мл
6290171010166,Rue Broca,"Парфюмерия, парфюмерные наборы",100 мл
6290360590158,Lattafa Perfumes,"Парфюмерия, парфюмерные наборы",100 мл
6290360590684,Maison Alhambra,"Парфюмерия, парфюмерные наборы",100 мл
6290360590714,Alhambra,"Парфюмерия, парфюмерные наборы",100 мл
6290360590721,Alhambra,"Парфюмерия, парфюмерные наборы",100 мл
6290360590745,Alhambra,"Парфюмерия, парфюмерные наборы",100 мл
6290360590752,Alhambra,"Парфюмерия, парфюмерные наборы",100 мл
6290360590769,Alhambra,"Парфюмерия, парфюмерные наборы",100 мл
6290360590776,Alhambra,"Парфюмерия, парфюмерные наборы",60 мл
6290360590806,Alhambra,"Парфюмерия, парфюмерные наборы",100 мл
6290360590844,Alhambra,"Парфюмерия, парфюмерные наборы",80 мл
6290360591124,No Brand,"Парфюмерия, парфюмерные наборы",100 мл
6290360591131,Alhambra,"Парфюмерия, парфюмерные наборы",100 мл
6290360591148,Maison Alhambra,"Парфюмерия, парфюмерные наборы",100 мл
6290360591421,Lattafa Perfumes,"Парфюмерия, парфюмерные наборы",100 мл
6290360593159,Lattafa Perfumes,"Парфюмерия, парфюмерные наборы",100 мл
6290360593166,Lattafa Perfumes,"Парфюмерия, парфюмерные наборы",100 мл
6290360595764,Lattafa Perfumes,"Парфюмерия, парфюмерные наборы",100 мл
6290360595771,Lattafa Perfumes,"Парфюмерия, парфюмерные наборы",100 мл
6290360597980,Lattafa Perfumes,"Дезодорант, антиперспирант",200 мл
6290360598666,Lattafa Perfumes,"Парфюмерия, парфюмерные наборы",100 мл
6290360599205,Maison Alhambra,"Парфюмерия, парфюмерные наборы",80 мл
6290360599212,Maison Alhambra,"Парфюмерия, парфюмерные наборы",100 мл
6290360599236,Maison Alhambra,"Парфюмерия, парфюмерные наборы",100 мл
6290362340560,Maison Alhambra,"Парфюмерия, парфюмерные наборы",100 мл
6290362340638,No Brand,"Парфюмерия, парфюмерные наборы",100 мл
6290362340881,Maison Alhambra,"Парфюмерия, парфюмерные наборы",100 мл
6290362340898,Maison Alhambra,"Парфюмерия, парфюмерные наборы",100 мл
6290362340966,Maison Alhambra,"Парфюмерия, парфюмерные наборы",100 мл
6290362341017,Maison Alhambra,"Парфюмерия, парфюмерные наборы",100 мл
6291100177011,Nabeel,"Парфюмерия, парфюмерные наборы",80 мл
6291103660466,Emper,"Парфюмерия, парфюмерные наборы",100 мл
6291103661203,Emper,"Парфюмерия, парфюмерные наборы",100 мл
6291105153287,Vaseline,Бальзам для губ,4.8 г
6291106032826,Huda Beauty,Помада,3 г
6291106032833,Huda Beauty,Помада,3 г
6291106060546,Lattafa Perfumes,Парфюмерные наборы,100 мл
6291106063981,Lattafa Perfumes,"Парфюмерия, парфюмерные наборы",100 мл
6291106063998,Lattafa Perfumes,"Парфюмерия, парфюмерные наборы",100 мл
6291106065114,Lattafa Perfumes,"Парфюмерия, парфюмерные наборы",100 мл
6291106069044,Lattafa Perfumes,"Парфюмерия, парфюмерные наборы",100 мл
6291106069525,Lattafa Perfumes,"Парфюмерия, парфюмерные наборы",100 мл
6291107014869,Matin Martin,"Парфюмерия, парфюмерные наборы",100 мл
6291107450414,Lattafa Perfumes,"Парфюмерия, парфюмерные наборы",100 мл
6291107450438,Lattafa Perfumes,"Парфюмерия, парфюмерные наборы",100 мл
6291107452357,Lattafa Perfumes,"Парфюмерия, парфюмерные наборы",100 мл
6291107456058,Lattafa Perfumes,"Парфюмерия, парфюмерные наборы",100 мл
6291107456072,Lattafa Perfumes,"Парфюмерия, парфюмерные наборы",100 мл
6291107456188,Lattafa Perfumes,"Парфюмерия, парфюмерные наборы",80 мл
6291107456744,Lattafa Perfumes,"Парфюмерия, парфюмерные наборы",100 мл
6291107457895,Lattafa Perfumes,"Парфюмерия, парфюмерные наборы",100 мл
6291107458328,Lattafa Perfumes,"Парфюмерия, парфюмерные наборы",100 мл
6291107459103,Alhambra,"Парфюмерия, парфюмерные наборы",100 мл
6291107459141,Alhambra,"Парфюмерия, парфюмерные наборы",100 мл
6291107459165,Alhambra,"Парфюмерия, парфюмерные наборы",100 мл
6291107459196,Alhambra,"Парфюмерия, парфюмерные наборы",100 мл
6291107459202,Alhambra,"Парфюмерия, парфюмерные наборы",100 мл
6291107459240,Alhambra,"Парфюмерия, парфюмерные наборы",100 мл
6291107459257,Alhambra,"Парфюмерия, парфюмерные наборы",100 мл
6291107459264,Alhambra,"Парфюмерия, парфюмерные наборы",100 мл
6291107459295,Alhambra,"Парфюмерия, парфюмерные наборы",100 мл
6291107459301,Alhambra,"Парфюмерия, парфюмерные наборы",100 мл
6291107459325,Alhambra,"Парфюмерия, парфюмерные наборы",100 мл
6291107459332,Alhambra,"Парфюмерия, парфюмерные наборы",100 мл
6291107459363,Alhambra,"Парфюмерия, парфюмерные наборы",100 мл
6291107459370,Alhambra,"Парфюмерия, парфюмерные наборы",100 мл
6291107571713,Huda Beauty,Жидкая помада,4.2 мл
6291108524565,Emper,Спрей для тела,250 мл
6291108730041,Alhambra,"Парфюмерия, парфюмерные наборы",100 мл
6291108730058,Alhambra,"Парфюмерия, парфюмерные наборы",100 мл
6291108730140,Alhambra,"Парфюмерия, парфюмерные наборы",100 мл
6291108730157,Alhambra,"Парфюмерия, парфюмерные наборы",100 мл
6291108730225,Alhambra,"Парфюмерия, парфюмерные наборы",100 мл
6291108730232,Alhambra,"Парфюмерия, парфюмерные наборы",100 мл
6291108730263,Alhambra,"Парфюмерия, парфюмерные наборы",100 мл
6291108730270,Alhambra,"Парфюмерия, парфюмерные наборы",100 мл
6291108730300,Alhambra,"Парфюмерия, парфюмерные наборы",100 мл
6291108730317,Alhambra,"Парфюмерия, парфюмерные наборы",100 мл
6291108730362,Lattafa Perfumes,"Парфюмерия, парфюмерные наборы",100 мл
6291108730515,Lattafa Perfumes,"Парфюмерия, парфюмерные наборы",100 мл
6291108733509,Alhambra,"Парфюмерия, парфюмерные наборы",100 мл
6291108733875,Lattafa Perfumes,"Парфюмерия, парфюмерные наборы",100 мл
6291108734056,Lattafa Perfumes,"Парфюмерия, парфюмерные наборы",100 мл
6291108734926,Lattafa Perfumes,"Дезодорант, антиперспирант",200 мл
6291108735312,Lattafa Perfumes,"Дезодорант, антиперспирант",200 мл
6291108735602,Alhambra,"Парфюмерия, парфюмерные наборы",100 мл
6291108735756,Maison Alhambra,"Парфюмерия, парфюмерные наборы",80 мл
6291108735763,Alhambra,"Парфюмерия, парфюмерные наборы",80 мл
6291108735879,Alhambra,"Парфюмерия, парфюмерные наборы",100 мл
6291108735916,Alhambra,"Парфюмерия, парфюмерные наборы",100 мл
6291108735954,Alhambra,"Парфюмерия, парфюмерные наборы",100 мл
6291108735978,Alhambra,"Парфюмерия, парфюмерные наборы",100 мл
6291108736029,Alhambra,"Парфюмерия, парфюмерные наборы",100 мл
6291108736616,Maison Alhambra,"Парфюмерия, парфюмерные наборы",100 мл
6291108737026,Alhambra,"Парфюмерия, парфюмерные наборы",100 мл
6291108737033,Alhambra,"Парфюмерия, парфюмерные наборы",100 мл
6291108737040,Alhambra,"Парфюмерия, парфюмерные наборы",100 мл
6291108737095,Lattafa Perfumes,"Парфюмерия, парфюмерные наборы",100 мл
6291108737194,Lattafa Perfumes,"Парфюмерия, парфюмерные наборы",100 мл
6291108737866,Ard Al Zaafaran,"Парфюмерия, парфюмерные наборы",100 мл
6291108737897,Lattafa Perfumes,"Парфюмерия, парфюмерные наборы",100 мл
6291108737958,Lattafa Perfumes,"Парфюмерия, парфюмерные наборы",100 мл
6291108738009,Ard Al Zaafaran,"Парфюмерия, парфюмерные наборы",100 мл
6291108738252,Lattafa Perfumes,"Парфюмерия, парфюмерные наборы",100 мл
6291108738481,Lattafa Perfumes,"Парфюмерия, парфюмерные наборы",100 мл
6291108738665,Lattafa Perfumes,"Парфюмерия, парфюмерные наборы",100 мл
6291109920342,Nabeel,"Парфюмерия, парфюмерные наборы",100 мл
6291900240304,Deomania,"Парфюмерия, парфюмерные наборы",100 мл
6291900240342,Deomania,"Парфюмерия, парфюмерные наборы",100 мл
6291900240410,Deomania,"Парфюмерия, парфюмерные наборы",100 мл
6291900240427,Deomania,"Парфюмерия, парфюмерные наборы",100 мл
6291900240465,Deomania,"Парфюмерия, парфюмерные наборы",100 мл
6291900240496,Deomania,"Парфюмерия, парфюмерные наборы",100 мл
6291900245057,Deomania,"Парфюмерия, парфюмерные наборы",100 мл
6291900245064,Deomania,"Парфюмерия, парфюмерные наборы",100 мл
6292257603002,Anfar,"Парфюмерия, парфюмерные наборы",115 мл
6293708003600,Ajmal,"Парфюмерия, парфюмерные наборы",75 мл
6293708006748,Ajmal,"Парфюмерия, парфюмерные наборы",100 мл
6293708010233,Ajmal,"Парфюмерия, парфюмерные наборы",75 мл
6293708011261,Ajmal,"Парфюмерия, парфюмерные наборы",90 мл
6293708013036,Ajmal,"Парфюмерия, парфюмерные наборы",75 мл
6293708019595,Ajmal,"Парфюмерия, парфюмерные наборы",75 мл
6294015105506,Armaf,Спрей для тела,200 мл
6294015161502,Armaf,"Парфюмерия, парфюмерные наборы",100 мл
6294015164152,Armaf,"Парфюмерия, парфюмерные наборы",105 мл
6294015165012,Armaf,"Парфюмерия, парфюмерные наборы",100 мл
6294015175417,Armaf,"Парфюмерия, парфюмерные наборы",100 мл
6294015180251,Armaf,"Парфюмерия, парфюмерные наборы",105 мл
6297000201863,Lattafa Perfumes,"Парфюмерия, парфюмерные наборы",100 мл
6297001637173,Attar Collection,"Парфюмерия, парфюмерные наборы",100 мл
6456874097129,Lattafa Perfumes,Парфюмерные наборы,100 мл
6900009490038,No Brand,Кисти для макияжа,
6900009490052,No Brand,Кисти для макияжа,
6903148264829,Pantene,Шампунь,530 мл
6903148264867,Pantene,Шампунь,530 мл
6924978120048,No Brand,Пояса и трикотаж для похудения,
6926641007014,No Brand,Аксессуары и массажеры для лица,
6926641039022,No Brand,"Ободки, повязки и диадемы",
6928001837361,Wokali,Крем для лица,55 г
6928001837873,Wokali,Гель для умывания,120 мл
6928001842013,Wokali,Пенка и мусс для умывания,150 мл
6931611300156,Sheglam,"Хайлайтер, скульптор",5.2 мл
6931611300545,Sheglam,Блеск для губ,2 г
6936664327501,Clavdio,Спрей для тела,180 мл
6937754006009,GoodMax,Станки для бритья,
6944348518206,V.V.Love,Спрей для тела,250 мл
6944348518220,V.V.Love,Спрей для тела,250 мл
6944348532134,V.V.Love,Подарочные наборы косметики,
6944348534343,V.V.Love,Спрей для тела,250 мл
6944944000112,Innamore,Гольфы,
6944944000143,Innamore,Гольфы,
6944944000426,Innamore,Колготки и чулки,
6944944000433,Innamore,Колготки и чулки,
6944944000440,Innamore,Колготки и чулки,
6944944000457,Innamore,Колготки и чулки,
6944944000464,Innamore,Колготки и чулки,
6944944000471,Innamore,Колготки и чулки,
6944944000488,Innamore,Колготки и чулки,
6944944000495,Innamore,Колготки и чулки,
6944944000556,Innamore,Колготки и чулки,
6944944000570,Innamore,Колготки и чулки,
6944944000624,Innamore,Колготки и чулки,
6944944000662,Innamore,Колготки и чулки,
6944944002420,Innamore,Колготки и чулки,
6944944002437,Innamore,Колготки и чулки,
6944944002444,Innamore,Колготки и чулки,
6944944002512,Innamore,Колготки и чулки,
6944944002529,Innamore,Колготки и чулки,
6944944002550,Innamore,Колготки и чулки,
6944944002567,Innamore,Колготки и чулки,
6944944006084,Incanto,Колготки и чулки,
6944944006107,Incanto,Колготки и чулки,
6944944006138,Incanto,Колготки и чулки,
6944944006145,Incanto,Колготки и чулки,
6944944006220,Incanto,Колготки и чулки,
6944944006237,Incanto,Колготки и чулки,
6944944007555,Innamore,Колготки и чулки,
6944944007562,Innamore,Колготки и чулки,
6944944007586,Innamore,Колготки и чулки,
6944944007593,Incanto,Колготки и чулки,
6944944007890,Innamore,Колготки и чулки,
6944944007906,Innamore,Колготки и чулки,
6944944007913,Innamore,Колготки и чулки,
6944944007951,Innamore,Колготки и чулки,
6944944007975,Innamore,Колготки и чулки,
6944944007999,Incanto,Колготки и чулки,
6944944008002,Incanto,Колготки и чулки,
6944944008057,Incanto,Колготки и чулки,
6944944008064,Incanto,Колготки и чулки,
6944944008170,Incanto,Колготки и чулки,
6944944008200,Incanto,Колготки и чулки,
6944944008217,Incanto,Колготки и чулки,
6944944008361,Innamore,Колготки и чулки,
6944944008385,Innamore,Колготки и чулки,
6944944008408,Innamore,Колготки и чулки,
6944944008422,Innamore,Колготки и чулки,
6944944008484,Innamore,Колготки и чулки,
6944944008491,Innamore,Колготки и чулки,
6944944008507,Innamore,Колготки и чулки,
6944944008675,Innamore,Колготки и чулки,
6944944008682,Innamore,Колготки и чулки,
6944944008699,Innamore,Колготки и чулки,
6944944009122,Innamore,Колготки и чулки,
6944944009139,Innamore,Колготки и чулки,
6944944013747,Innamore,Колготки и чулки,
6944944061588,Incanto,Колготки и чулки,
6944944061595,Incanto,Колготки и чулки,
6944944068709,Innamore,Колготки и чулки,
6944944068716,Innamore,Колготки и чулки,
6944944068723,Innamore,Колготки и чулки,
6944944068730,Innamore,Колготки и чулки,
6944944068785,Innamore,Колготки и чулки,
6944970531857,Innamore,Колготки и чулки,
6944970531864,Innamore,Колготки и чулки,
6944970545229,Incanto,Колготки и чулки,
6944970545236,Incanto,Колготки и чулки,
6944970545250,Incanto,Колготки и чулки,
6944990002078,Innamore,Колготки и чулки,
6944990002085,Innamore,Колготки и чулки,
6944990009190,Innamore,Колготки и чулки,
6944990009626,Innamore,Колготки и чулки,
6944990009688,Innamore,Колготки и чулки,
6944990009718,Innamore,Колготки и чулки,
6949279100018,No Brand,Расчески для волос,
6963699845892,No Brand,"Спонжи, губки, бьюти-блендеры",
6970381947772,Paora,"Спонжи, губки, бьюти-блендеры",
6970381948885,Paora,"Спонжи, губки, бьюти-блендеры",
6971072790219,No Brand,Воск и полоски для депиляции,
6971479464676,Sheglam,База под макияж,30 мл
6971764153162,Estelin,Пенка и мусс для умывания,135 мл
6971764153186,Estelin,Пенка и мусс для умывания,135 мл
6971870593289,Sheglam,Палетки для макияжа,
6971870596396,Sheglam,Гель для бровей,2.5 г
6972465296363,No Brand,"Спонжи, губки, бьюти-блендеры",
6973072801100,Sheglam,Карандаши для бровей,
6973474681041,Sheglam,Бронзер,1 г
6982343280452,No Brand,Бальзам для губ,
7290008893305,Ga-De,Карандаш для глаз,
7290100271858,Gа-Dе,Тушь для ресниц,8 мл
7290100273661,Ga-De,Тушь для ресниц,8 мл
7290101278955,Ga-De,"Подводка, лайнер для глаз",
7290103330033,Ga-De,"Подводка, лайнер для глаз",1.2 г
7290103330149,Ga-De,Карандаш для глаз,
7290103331504,Ga-De,Блеск для губ,6 мл
7290103331511,Ga-De,Блеск для губ,6 мл
7290103335069,Ga-De,Блеск для губ,6 мл
7290103335076,Ga-De,Блеск для губ,6 мл
7290106290686,Ga-De,Карандаш для губ,
7290106290693,Ga-De,Карандаш для губ,0.5 г
7290106290723,Ga-De,Карандаш для губ,0.5 г
7290106291799,Ga-De,Рассыпчатая пудра,25 г
7290106291805,Ga-De,Рассыпчатая пудра,25 г
7290106292130,Ga-De,Румяна,8 г
7290106292147,Ga-De,Румяна,8 г
7290106292154,Ga-De,Румяна,8 г
7290106292161,Gа-Dе,Румяна,8 г
7290106292192,Ga-De,Румяна,8 г
7290106292406,Ga-De,Бронзер,14 г
7290106292413,Ga-De,Бронзер,14 г
7290106292437,Ga-De,Бронзер,14 г
7290106292444,Ga-De,Компактная пудра,11 г
7290106292451,Ga-De,Компактная пудра,11 г
7290106292468,Ga-De,Компактная пудра,11 г
7290106292475,Ga-De,Компактная пудра,11 г
7290106293021,Ga-De,Карандаш для губ,0.5 г
7290106295421,Ga-De,Помада,4.2 г
7290106295452,Ga-De,Помада,4.2 г
7290106295483,Ga-De,Помада,4.2 г
7290106295544,Ga-De,Помада,4.2 г
7290106295551,Ga-De,Помада,4.2 мл
7290106297067,Ga-De,Тени для бровей,3.4 г
7290106298910,Ga-De,"Шиммер, иллюминатор",10.5 г
7290106299139,Ga-De,Помада,4.2 г
7290106299375,Ga-De,Блеск для губ,6 мл
7290106299399,Ga-De,Блеск для губ,6 мл
7290106299610,Ga-De,Помада,
7290106299627,Ga-De,Помада,
7290106299641,Ga-De,Помада,4 г
7290106299665,Ga-De,Помада,
7290106299672,Ga-De,Помада,4 г
7290106299900,Ga-De,Тени для век,
7290110450007,Ga-De,Тени для век,3.5 г
7290110450014,Ga-De,Тени для век,3.5 г
7290110450021,Ga-De,Тени для век,5 г
7290110450045,Ga-De,Тени для век,3.5 г
7290110450052,Ga-De,Тени для век,3.5 г
7290110450076,Ga-De,Тени для век,3.5 г
7290110450090,Ga-De,Тени для век,3.5 г
7290110450113,Ga-De,Палетки для макияжа,7.4 г
7290110450502,Ga-De,Румяна,8 г
7290110450908,Ga-De,Помада,
7290110451059,Ga-De,Блеск для губ,6 мл
7290110451196,Ga-De,Тени для век,1 г
7290110451202,Ga-De,Палетки для макияжа,8 г
7290110451509,Ga-De,Палетки для макияжа,7.4 г
7290110451653,Ga-De,Карандаш для губ,
7290110451707,Ga-De,Помада,
7290110451721,Ga-De,Помада,4.2 г
7290110451745,Ga-De,Помада,4.2 г
7290110451882,Ga-De,"Хайлайтер, скульптор",24 г
7290110452025,Ga-De,Тени для век,
7290110452612,Ga-De,Блеск для губ,6 мл
7290110452780,Ga-De,Тени для век,5 г
7290110452797,Ga-De,Тени для век,3.5 г
7290110452803,Ga-De,Тени для век,3 г
7290110452810,Ga-De,Тени для век,
7290110452827,Ga-De,Тени для век,3 г
7290110452834,Ga-De,Тени для век,3 г
7290110452841,Ga-De,Тени для век,3.5 г
7290110452858,Ga-De,Тени для век,3 г
7290110452865,Ga-De,Тени для век,3 г
7290110452872,Ga-De,Блеск для губ,6 мл
7290110452919,Ga-De,Тени для век,3 г
7290110452926,Ga-De,Тени для век,3 г
7290110452933,Ga-De,Тени для век,
7290110452940,Ga-De,Тени для век,3 г
7290110452957,Ga-De,Тени для век,3.5 г
7290110453053,Ga-De,Помада,
7290110453060,Ga-De,Помада,4 г
7290110453091,Ga-De,Помада,4.2 г
7290110453350,Ga-De,"Корректор, консилер для лица",7.2 мл
7290110453374,Ga-De,"Корректор, консилер для лица",7.2 мл
7290110453411,Ga-De,Румяна,8 г
7290110453480,Ga-De,Рассыпчатая пудра,20 г
7290110453688,Ga-De,Тени для век,
7290110453718,Ga-De,Блеск для губ,6 мл
7290110454265,Ga-De,Тушь для ресниц,12 мл
7290110454326,Ga-De,Палетки для макияжа,7.4 г
7290110454333,Ga-De,Румяна,
7290110454340,Ga-De,Румяна,7.4 г
7290110454371,Ga-De,Помада,
7290110454388,Ga-De,Помада,
7290110454395,Ga-De,Помада,4.2 г
7290110454401,Ga-De,Помада,4.2 г
7290110454418,Ga-De,Помада,4.2 г
7290110454425,Ga-De,Помада,
7290110454432,Ga-De,Помада,
7290110454449,Ga-De,Помада,4.2 г
7290110454494,Ga-De,Помада,4.2 г
7290110454678,Ga-De,Тени для век,
7290110454692,Ga-De,Тени для век,
7290110455040,Ga-De,Тени для век,
7290110455057,Ga-De,Тени для век,
7290110455170,Ga-De,Блеск для губ,6 мл
7290110455330,Ga-De,Блеск для губ,6 мл
7290110455354,Ga-De,Помада,4.2 г
7290110455453,Ga-De,"Подводка, лайнер для глаз",1.6 мл
7290110455460,Ga-De,Тушь для ресниц,8 мл
7290110455590,Ga-De,Тени для век,
7290110455637,Ga-De,Блеск для губ,6 мл
7290110455774,Ga-De,Тушь для ресниц,14.5 мл
7290110456146,Ga-De,Палетки для макияжа,7.4 г
7290110456160,Ga-De,Помада,
7290110456177,Ga-De,Помада,
7290110456610,Ga-De,Помада,4.2 г
7290110456870,Ga-De,"Хайлайтер, скульптор",
7290110456931,Ga-De,Помада,4.2 г
7290110457181,Ga-De,Тени для век,
7290110457709,Ga-De,Помада,4.2 г
7290110457723,Ga-De,Блеск для губ,8 мл
7290110457754,Ga-De,Блеск для губ,6 мл
7290110458058,Ga-De,Помада,4.2 г
7290110458065,Ga-De,Помада,4.2 г
7290110458072,Ga-De,Помада,4.2 г
7290110458089,Ga-De,Помада,4.2 г
7290110458461,Ga-De,Помада,4.2 г
7290110458577,Ga-De,Помада,
7290110458584,Ga-De,Помада,
7290110458935,Ga-De,Палетки для макияжа,12 г
7290110458942,Ga-De,Палетки для макияжа,12 г
7290110459208,Ga-De,Румяна,8 г
7290110459895,Ga-De,Румяна,8 г
7332531063388,Got2Be,Сухой шампунь,200 мл
7332531063739,Got2Be,Сухой шампунь,200 мл
7332531075084,Gliss Kur,Маска для волос,300 мл
7640111499053,Lalique,"Парфюмерия, парфюмерные наборы",50 мл
7640111505631,Bentley,"Парфюмерия, парфюмерные наборы",100 мл
7640157450995,Stellary,Тени для век,1 г
7640157451534,Stellary,Карандаш для губ,1.5 г
7640171191140,Bentley,"Парфюмерия, парфюмерные наборы",100 мл
7640171193403,Bentley,"Парфюмерия, парфюмерные наборы",100 мл
7640171193793,Brioni,"Парфюмерия, парфюмерные наборы",60 мл
7640171194882,Lalique,"Парфюмерия, парфюмерные наборы",50 мл
7640171199153,Lalique,"Парфюмерия, парфюмерные наборы",100 мл
7640177140494,Stellary,"Подводка, лайнер для глаз",3 г
7640177141507,Stellary,Карандаш для губ,
7640177146205,Stellary,"Парфюмерия, парфюмерные наборы",50 мл
7640177146212,Stellary,"Парфюмерия, парфюмерные наборы",50 мл
7640177146229,Stellary,"Парфюмерия, парфюмерные наборы",50 мл
7640177146243,Stellary,"Парфюмерия, парфюмерные наборы",50 мл
7640177146267,Stellary,"Парфюмерия, парфюмерные наборы",50 мл
7640177146274,Stellary,"Парфюмерия, парфюмерные наборы",50 мл
7640177148759,Stellary,Жидкая помада,4.5 мл
7640177148919,Stellary,Тушь для ресниц,12 мл
7640177363176,Chopard,"Парфюмерия, парфюмерные наборы",50 мл
7640177366016,Chopard,"Парфюмерия, парфюмерные наборы",100 мл
7640177366191,Chopard,"Парфюмерия, парфюмерные наборы",75 мл
7640233340004,Elie Saab,"Парфюмерия, парфюмерные наборы",30 мл
7640473383106,Stellary,"Парфюмерия, парфюмерные наборы",50 мл
7640473383113,Stellary,"Парфюмерия, парфюмерные наборы",50 мл
7640473383120,Stellary,"Парфюмерия, парфюмерные наборы",50 мл
7640473384806,Stellary,Помада,
7640473385001,Stellary,Помада,
7640473385858,Stellary,Тональная основа,
7640473386381,Stellary,Крем для лица,50 мл
7640473386411,Stellary,Крем для лица,50 мл
7640473386459,Stellary,Крем для лица,50 мл
7640473386497,Stellary,Гель для умывания,120 мл
7640473386626,Stellary,"Хайлайтер, скульптор",
7640473387531,Stellary,Блеск для губ,4 мл
7640473387548,Stellary,Блеск для губ,4 мл
7702018020676,Gillette,Станки для бритья,
7702018020942,Gillette,Станки для бритья,
7702018024759,Venus,Станки для бритья,
7702018085514,Gillette,Сменные кассеты для бритья,
7702018263813,Gillette,Сменные кассеты для бритья,
7702018271788,Gillette,"Дезодорант, антиперспирант",70 мл
7702018516063,Gillette,Сменные кассеты для бритья,
7702018866946,Gillette,Станки для бритья,
7702018867011,Gillette,Сменные кассеты для бритья,
7702018874460,Gillette,Сменные кассеты для бритья,
7702018886364,Venus,Станки для бритья,
7702018914036,Gillette,"Дезодорант, антиперспирант",75 мл
7702018978106,Gillette,"Дезодорант, антиперспирант",70 мл
7702018978120,Gillette,"Дезодорант, антиперспирант",70 мл
7791293046624,Rexona,"Дезодорант, антиперспирант",200 мл
7791293046631,Rexona,"Дезодорант, антиперспирант",200 мл
7791293046648,Rexona,"Дезодорант, антиперспирант",200 мл
7791293046655,Rexona,"Дезодорант, антиперспирант",200 мл
7791293046662,Rexona,"Дезодорант, антиперспирант",200 мл
7791293046686,Rexona,"Дезодорант, антиперспирант",200 мл
7791293046709,Rexona,"Дезодорант, антиперспирант",200 мл
8001090970497,Old Spice,"Дезодорант, антиперспирант",50 мл
8001841587684,Gillette,"Дезодорант, антиперспирант",70 мл
8001841858357,Old Spice,"Дезодорант, антиперспирант",50 мл
8005610544991,Max Factor,Компактная пудра,10 г
8006540944660,Old Spice,Мужской гель для душа,400 мл
8006655151120,Boreal,Щетки и брашинги для волос,
8008583026716,Golden Lady,Колготки и чулки,
8008583026723,Golden Lady,Колготки и чулки,
8008583026730,Golden Lady,Колготки и чулки,
8008583026792,Golden Lady,Колготки и чулки,
8008583026808,Golden Lady,Колготки и чулки,
8008583026815,Golden Lady,Колготки и чулки,
8008583026839,Golden Lady,Колготки и чулки,
8008583026846,Golden Lady,Колготки и чулки,
8008583026853,Golden Lady,Колготки и чулки,
8008583031178,Golden Lady,Колготки и чулки,
8008583032670,Golden Lady,Колготки и чулки,
8008583032694,Golden Lady,Колготки и чулки,
8008583032700,Golden Lady,Колготки и чулки,
8008583070412,SiSi,Колготки и чулки,
8008583070429,SiSi,Колготки и чулки,
8008583070443,SiSi,Колготки и чулки,
8008583070467,SiSi,Колготки и чулки,
8008583070504,SiSi,Колготки и чулки,
8008583106340,SISI,Колготки и чулки,
8008583303121,SISI,Колготки и чулки,
8011003864072,Moschino,"Парфюмерия, парфюмерные наборы",50 мл
8011003864089,Moschino,"Парфюмерия, парфюмерные наборы",100 мл
8011003876273,Versace,"Парфюмерия, парфюмерные наборы",50 мл
8011003992225,Moschino,"Парфюмерия, парфюмерные наборы",4.9 мл
8011530810016,Trussardi,"Парфюмерия, парфюмерные наборы",50 мл
8011530820008,Trussardi,"Парфюмерия, парфюмерные наборы",30 мл
8011530820015,Trussardi,"Парфюмерия, парфюмерные наборы",50 мл
8011530820022,Trussardi,"Парфюмерия, парфюмерные наборы",100 мл
8011530840006,Trussardi,"Парфюмерия, парфюмерные наборы",30 мл
8011530840020,Trussardi,"Парфюмерия, парфюмерные наборы",100 мл
8011530850005,Trussardi,"Парфюмерия, парфюмерные наборы",30 мл
8011530850029,Trussardi,"Парфюмерия, парфюмерные наборы",100 мл
8011530994815,Trussardi,"Парфюмерия, парфюмерные наборы",50 мл
8011530994846,Trussardi,"Парфюмерия, парфюмерные наборы",30 мл
8011607099122,Pupa,Румяна,9 г
8011607099146,Pupa,Компактная пудра,9 г
8011607249848,Pupa,Компактная пудра,9 г
8016741702600,V Canto,"Парфюмерия, парфюмерные наборы",100 мл
8017331056585,Zanzarella,Средства для защиты от насекомых,
8017331076392,Zanzarella,Средства для защиты от насекомых,
8017331076422,Zanzarella,Средства для защиты от насекомых,
8018365071261,Versace,"Парфюмерия, парфюмерные наборы",50 мл
8018365071469,Versace,"Парфюмерия, парфюмерные наборы",90 мл
8021694036139,Element,Краска для волос,60 мл
8021694036214,Element,Краска для волос,100 мл
8021694036238,Element,Краска для волос,100 мл
8021694036276,Element,Краска для волос,100 мл
8021694036351,Element,Краска для волос,100 мл
8021694036412,Element,Краска для волос,100 мл
8021694036450,Element,Краска для волос,100 мл
8021694036870,Element,Краска для волос,60 мл
8021694037051,Element,Краска для волос,60 мл
8021694037310,Element,Краска для волос,60 мл
8021694037334,Element,Краска для волос,100 мл
8021694037495,Element,Краска для волос,100 мл
8021694037518,Element,Краска для волос,60 мл
8021694037617,Element,Краска для волос,100 мл
8021694037716,Element,Краска для волос,100 мл
8032529114076,Salvatore Ferragamo,"Парфюмерия, парфюмерные наборы",100 мл
8033219163251,Element,Краска для волос,100 мл
8033604399814,Golden Lady,Колготки и чулки,
8033604605250,Golden Lady,Колготки и чулки,
8033604605267,Golden Lady,Колготки и чулки,
8033604605274,Golden Lady,Колготки и чулки,
8033604605588,Golden Lady,Колготки и чулки,
8033604605595,Golden Lady,Колготки и чулки,
8033604824293,Golden Lady,Колготки и чулки,
8033604824316,Golden Lady,Колготки и чулки,
8033604824323,Golden Lady,Колготки и чулки,
8033604824330,Golden Lady,Колготки и чулки,
8033604824347,Golden Lady,Колготки и чулки,
8033604824354,Golden Lady,Колготки и чулки,
8033604824361,Golden Lady,Колготки и чулки,
8034097950025,Salvatore Ferragamo,"Парфюмерия, парфюмерные наборы",100 мл
8034097959707,Salvatore Ferragamo,"Парфюмерия, парфюмерные наборы",30 мл
8051403016954,Glamour,Колготки и чулки,
8051403017388,Innamore,Гольфы,
8051403017500,Innamore,Колготки и чулки,
8051403017593,Innamore,Колготки и чулки,
8051403017623,Innamore,Колготки и чулки,
8051403024799,Glamour,Колготки и чулки,
8051403024829,Glamour,Колготки и чулки,
8051403024850,Glamour,Колготки и чулки,
8051403024973,Glamour,Колготки и чулки,
8051403025000,Glamour,Колготки и чулки,
8051403025031,Glamour,Колготки и чулки,
8051403025062,Glamour,Колготки и чулки,
8051403025093,Glamour,Колготки и чулки,
8051403025123,Glamour,Колготки и чулки,
8051403025246,Glamour,Колготки и чулки,
8051403025420,Glamour,Колготки и чулки,
8051403050378,Glamour,Колготки и чулки,
8051403050460,Glamour,Колготки и чулки,
8051403162422,Innamore,Колготки и чулки,
8051403162453,Innamore,Колготки и чулки,
8051403162484,Innamore,Колготки и чулки,
8051403162637,Innamore,Колготки и чулки,
8051403162699,Innamore,Колготки и чулки,
8051403164341,Incanto,Колготки для девочек,
8051403165843,Innamore,Колготки и чулки,
8051403165874,Innamore,Колготки и чулки,
8051403165935,Innamore,Колготки и чулки,
8051403165997,Innamore,Колготки и чулки,
8052464893300,Salvatore Ferragamo,"Парфюмерия, парфюмерные наборы",30 мл
8052464896783,ROBERTO CAVALLI,"Парфюмерия, парфюмерные наборы",75 мл
8057971180493,Dolce&Gabbana,"Парфюмерия, парфюмерные наборы",75 мл
8057971183654,Dolce&Gabbana,"Парфюмерия, парфюмерные наборы",50 мл
8057971184903,Dolce&Gabbana,"Парфюмерия, парфюмерные наборы",50 мл
8058045422907,Trussardi,"Парфюмерия, парфюмерные наборы",50 мл
8058045422914,Trussardi,"Парфюмерия, парфюмерные наборы",100 мл
8058045425601,Trussardi,"Парфюмерия, парфюмерные наборы",30 мл
8058045425625,Trussardi,"Парфюмерия, парфюмерные наборы",30 мл
8058045425649,Trussardi,"Парфюмерия, парфюмерные наборы",90 мл
8058045433040,Trussardi,"Парфюмерия, парфюмерные наборы",30 мл
8058045433057,Trussardi,"Парфюмерия, парфюмерные наборы",60 мл
8058045436621,Trussardi,"Парфюмерия, парфюмерные наборы",60 мл
8058045436638,Trussardi,"Парфюмерия, парфюмерные наборы",90 мл
8300081011523,SiSi,Колготки и чулки,
8300081011530,SiSi,Колготки и чулки,
8300081012247,SiSi,Колготки и чулки,
8300081012254,SiSi,Колготки и чулки,
8300081012261,SiSi,Колготки и чулки,
8300081012506,SiSi,Колготки и чулки,
8300081012544,SiSi,Колготки и чулки,
8300081013121,SiSi,Колготки и чулки,
8300081013138,SiSi,Колготки и чулки,
8300081013145,SiSi,Колготки и чулки,
8300081013329,SiSi,Колготки и чулки,
8300081013336,SiSi,Колготки и чулки,
8300081013343,SiSi,Колготки и чулки,
8300081051598,SiSi,Колготки и чулки,
8300081052632,SiSi,Колготки и чулки,
8300081055770,SiSi,Колготки и чулки,
8300081056760,SiSi,Колготки и чулки,
8300081056784,SiSi,Колготки и чулки,
8300081056807,SiSi,Колготки и чулки,
8300081057088,SiSi,Колготки и чулки,
8300081057163,SiSi,Колготки и чулки,
8300081057187,SiSi,Колготки и чулки,
8300081057200,SiSi,Колготки и чулки,
8300081058412,SiSi,Колготки и чулки,
8300081058436,SiSi,Колготки и чулки,
8300081060378,SiSi,Колготки и чулки,
8300081061115,SiSi,Колготки и чулки,
8300081061122,SiSi,Колготки и чулки,
8300081066578,SiSi,Колготки и чулки,
8300081066585,SiSi,Колготки и чулки,
8300081066592,SiSi,Колготки и чулки,
8300081073354,SiSi,Колготки и чулки,
8300081073361,SiSi,Колготки и чулки,
8300081073408,SiSi,Колготки и чулки,
8300081084411,SiSi,Колготки и чулки,
8300081084428,SiSi,Колготки и чулки,
8300081084442,SiSi,Колготки и чулки,
8300081084503,SiSi,Колготки и чулки,
8300081084510,SiSi,Колготки и чулки,
8300081144795,SiSi,Колготки и чулки,
8300081144801,SiSi,Колготки и чулки,
8300081371931,SiSi,Колготки и чулки,
8300081371948,SiSi,Колготки и чулки,
8300081371955,SiSi,Колготки и чулки,
8300081371962,SiSi,Колготки и чулки,
8300081371986,SiSi,Колготки и чулки,
8300081372013,SiSi,Колготки и чулки,
8300081807485,SiSi,Колготки и чулки,
8300081807508,SiSi,Колготки и чулки,
8300081807515,SiSi,Колготки и чулки,
8300081807966,SiSi,Колготки и чулки,
8300081807973,SiSi,Колготки и чулки,
8300081807980,SiSi,Колготки и чулки,
8300081807997,SiSi,Колготки и чулки,
8300491188396,Glamour,Колготки и чулки,
8300491188426,Glamour,Колготки и чулки,
8300491188457,Glamour,Колготки и чулки,
8300491188488,Glamour,Колготки и чулки,
8300491188990,Glamour,Колготки и чулки,
8300491189027,Glamour,Колготки и чулки,
8300491189089,Glamour,Колготки и чулки,
8300491189591,Glamour,Колготки и чулки,
8300491189621,Glamour,Колготки и чулки,
8300491189652,Glamour,Колготки и чулки,
8300491189683,Glamour,Колготки и чулки,
8300491274433,Glamour,Колготки и чулки,
8300491274464,Glamour,Колготки и чулки,
8300491274884,Glamour,Колготки и чулки,
8300491274914,Glamour,Колготки и чулки,
8300491275607,Glamour,Колготки и чулки,
8300491275638,Glamour,Колготки и чулки,
8300491500884,Glamour,Колготки и чулки,
8300491500945,Glamour,Колготки и чулки,
8300491500976,Glamour,Колготки и чулки,
8300491501096,Glamour,Колготки и чулки,
8300491501126,Glamour,Колготки и чулки,
8300491501157,Glamour,Колготки и чулки,
8300497010646,Golden Lady,Колготки и чулки,
8300497010653,Golden Lady,Колготки и чулки,
8300497010660,Golden Lady,Колготки и чулки,
8300497010806,Golden Lady,Колготки и чулки,
8300497010813,Golden Lady,Колготки и чулки,
8300497010820,Golden Lady,Колготки и чулки,
8300497010929,Golden Lady,Колготки и чулки,
8300497010936,Golden Lady,Колготки и чулки,
8300497010943,Golden Lady,Колготки и чулки,
8300497011049,Golden Lady,Колготки и чулки,
8300497011056,Golden Lady,Колготки и чулки,
8300497119042,Golden Lady,Колготки и чулки,
8300497119264,Golden Lady,Колготки и чулки,
8300497119271,Golden Lady,Колготки и чулки,
8300497119288,Golden Lady,Колготки и чулки,
8300497119769,Golden Lady,Колготки и чулки,
8300497119943,Golden Lady,Колготки и чулки,
8300497254026,Golden Lady,Колготки и чулки,
8300497254033,Golden Lady,Колготки и чулки,
8300497254040,Golden Lady,Колготки и чулки,
8300497254088,Golden Lady,Колготки и чулки,
8300497254101,Golden Lady,Колготки и чулки,
8300497256020,Golden Lady,Колготки и чулки,
8300497256037,Golden Lady,Колготки и чулки,
8300497256044,Golden Lady,Колготки и чулки,
8300497256068,Golden Lady,Колготки и чулки,
8300497256082,Golden Lady,Колготки и чулки,
8300497256105,Golden Lady,Колготки и чулки,
8300497256112,Golden Lady,Колготки и чулки,
8300497256129,Golden Lady,Колготки и чулки,
8300497256235,Golden Lady,Колготки и чулки,
8300497256242,Golden Lady,Колготки и чулки,
8300497256303,Golden Lady,Колготки и чулки,
8300497256310,Golden Lady,Колготки и чулки,
8300497256327,Golden Lady,Колготки и чулки,
8300497256631,Golden Lady,Колготки и чулки,
8300497256655,Golden Lady,Колготки и чулки,
8300497278305,Golden Lady,Колготки и чулки,
8300497278503,Golden Lady,Колготки и чулки,
8300497278527,Golden Lady,Колготки и чулки,
8300497300853,Golden Lady,Гольфы,
8300497330126,Golden Lady,Колготки и чулки,
8300497330133,Golden Lady,Колготки и чулки,
8300497330140,Golden Lady,Колготки и чулки,
8300497330218,Golden Lady,Колготки и чулки,
8300497330225,Golden Lady,Колготки и чулки,
8300497330232,Golden Lady,Колготки и чулки,
8300497393251,Golden Lady,Колготки и чулки,
8300497393275,Golden Lady,Колготки и чулки,
8300497393282,Golden Lady,Колготки и чулки,
8300497393299,Golden Lady,Колготки и чулки,
8300497406029,Golden Lady,Колготки и чулки,
8300497406036,Golden Lady,Колготки и чулки,
8300497406104,Golden Lady,Колготки и чулки,
8300497406111,Golden Lady,Колготки и чулки,
8300497406128,Golden Lady,Колготки и чулки,
8300497406180,Golden Lady,Колготки и чулки,
8300497486052,Golden Lady,Колготки и чулки,
8300497486113,Golden Lady,Колготки и чулки,
8300497486274,Golden Lady,Колготки и чулки,
8300497486359,Golden Lady,Колготки и чулки,
8300497486373,Golden Lady,Колготки и чулки,
8300497486397,Golden Lady,Колготки и чулки,
8410385002391,Fresh Feel,Гель для душа,750 мл
8410385002711,Fresh Feel,"Бальзам, кондиционер, ополаскиватель",1000 мл
8410385003114,Fresh Feel,Гель для душа,750 мл
8410436287487,Gliss Kur,Маска для волос,300 мл
8411061034972,Antonio Banderas,"Парфюмерия, парфюмерные наборы",100 мл
8411061034989,Antonio Banderas,"Парфюмерия, парфюмерные наборы",50 мл
8411061081594,Antonio Banderas,"Парфюмерия, парфюмерные наборы",50 мл
8411061088593,Antonio Banderas,"Парфюмерия, парфюмерные наборы",80 мл
8411061701034,Antonio Banderas,"Парфюмерия, парфюмерные наборы",100 мл
8411061701041,Antonio Banderas,"Парфюмерия, парфюмерные наборы",50 мл
8411061784273,Antonio Banderas,"Парфюмерия, парфюмерные наборы",100 мл
8411061860441,Antonio Banderas,"Парфюмерия, парфюмерные наборы",50 мл
8411061917510,Antonio Banderas,"Парфюмерия, парфюмерные наборы",50 мл
8411061944653,Antonio Banderas,"Парфюмерия, парфюмерные наборы",80 мл
8411061946671,Antonio Banderas,"Парфюмерия, парфюмерные наборы",80 мл
8411061982105,Antonio Banderas,"Парфюмерия, парфюмерные наборы",80 мл
8411061999264,Antonio Banderas,"Парфюмерия, парфюмерные наборы",50 мл
8427395940001,Armand Basi,"Парфюмерия, парфюмерные наборы",30 мл
8427395940186,Armand Basi,"Парфюмерия, парфюмерные наборы",50 мл
8427395940209,Armand Basi,"Парфюмерия, парфюмерные наборы",100 мл
8427395950208,Armand Basi,"Парфюмерия, парфюмерные наборы",100 мл
8429421200219,Lakme,Краска для волос,60 мл
8429421201018,Lakme,Краска для волос,60 мл
8429421207010,Lakme,Краска для волос,60 мл
8429421210010,Lakme,Краска для волос,
8429421217019,Lakme,Краска для волос,60 мл
8429421230018,Lakme,Краска для волос,
8429421250016,Lakme,Краска для волос,
8429421251716,Lakme,Краска для волос,60 мл
8429421260015,Lakme,Краска для волос,60 мл
8429421260800,Lakme,Краска для волос,60 мл
8429421261715,Lakme,Краска для волос,60 мл
8429421266017,Lakme,Краска для волос,60 мл
8429421270014,Lakme,Краска для волос,60 мл
8429421270618,Lakme,Краска для волос,
8429421270809,Lakme,Краска для волос,60 мл
8429421271318,Lakme,Краска для волос,60 мл
8429421271714,Lakme,Краска для волос,60 мл
8429421273015,Lakme,Краска для волос,
8429421273213,Lakme,Краска для волос,
8429421273312,Lakme,Краска для волос,
8429421274319,Lakme,Краска для волос,
8429421274418,Lakme,Краска для волос,
8429421274593,Lakme,Краска для волос,
8429421274616,Lakme,Краска для волос,
8429421275019,Lakme,Краска для волос,60 мл
8429421276115,Lakme,Краска для волос,
8429421276610,Lakme,Краска для волос,
8429421280013,Lakme,Краска для волос,60 мл
8429421280617,Lakme,Краска для волос,
8429421281317,Lakme,Краска для волос,60 мл
8429421286015,Lakme,Краска для волос,60 мл
8429421288118,Lakme,Краска для волос,
8429421288217,Lakme,Краска для волос,
8429421290012,Lakme,Краска для волос,
8429421290807,Lakme,Краска для волос,60 мл
8429421292214,Lakme,Краска для волос,60 мл
8429421299473,Lakme,Краска для волос,60 мл
8429421299824,Lakme,Краска для волос,60 мл
8429421402118,Lakme,Краска для волос,120 мл
8429421403115,Lakme,Краска для волос,120 мл
8430190015300,Keyra Cosmetics,Краска для волос,500 г
8430190015331,Keyra Cosmetics,Краска для волос,100 мл
8430190015355,Keyra Cosmetics,Краска для волос,100 мл
8430190015362,Keyra,Краска для волос,
8430190015379,Keyra Colors,Краска для волос,
8430190015386,Keyra Cosmetics,Краска для волос,100 мл
8430190015393,Keyra Cosmetics,Краска для волос,100 мл
8430190015409,Keyra Cosmetics,Краска для волос,100 мл
8430190015416,Keyra Colors,Краска для волос,100 мл
8430190015423,Keyra Cosmetics,Краска для волос,100 мл
8430190015508,Keyra Cosmetics,Краска для волос,100 мл
8430190015515,Keyra Cosmetics,Краска для волос,100 мл
8430190015522,Keyra Cosmetics,Краска для волос,100 мл
8430190015539,Keyra Cosmetics,Краска для волос,100 мл
8430190015546,Keyra Cosmetics,Краска для волос,100 мл
8430190015553,Keyra Cosmetics,Краска для волос,100 мл
8430190015560,Keyra Cosmetics,Краска для волос,100 мл
8430190015577,Keyra Cosmetics,Краска для волос,100 мл
8430190015584,Keyra Cosmetics,Краска для волос,100 мл
8430190015591,Keyra Cosmetics,Краска для волос,100 мл
8430190015607,Keyra Cosmetics,Краска для волос,100 мл
8430190015614,Keyra Cosmetics,Краска для волос,100 мл
8430190015621,Keyra Cosmetics,Краска для волос,100 мл
8430190015652,Keyra Cosmetics,Краска для волос,100 мл
8430190015669,Keyra Cosmetics,Краска для волос,100 мл
8430190015676,Keyra Cosmetics,Краска для волос,100 мл
8430190015690,Keyra Cosmetics,Краска для волос,100 мл
8430190015706,Keyra Cosmetics,Краска для волос,100 мл
8430190015713,Keyra Cosmetics,Краска для волос,100 мл
8430190015720,Keyra Cosmetics,Краска для волос,100 мл
8430190015737,Keyra Cosmetics,Краска для волос,100 мл
8430190015744,Keyra Cosmetics,Краска для волос,100 мл
8430190015751,Keyra Cosmetics,Краска для волос,100 мл
8430190015768,Keyra Cosmetics,Краска для волос,100 мл
8430190015799,Keyra Cosmetics,Краска для волос,100 мл
8430190015829,Keyra Cosmetics,Краска для волос,100 мл
8430190015836,Keyra Cosmetics,Краска для волос,100 мл
8430190015843,Keyra Cosmetics,Краска для волос,100 мл
8430190015850,Keyra Cosmetics,Краска для волос,100 мл
8430190015867,Keyra Cosmetics,Краска для волос,100 мл
8430190015874,Keyra Cosmetics,Краска для волос,100 мл
8430190015881,Keyra Cosmetics,Краска для волос,100 мл
8430190015904,Keyra Cosmetics,Краска для волос,100 мл
8430190015911,Keyra Cosmetics,Краска для волос,100 мл
8430190015928,Keyra Cosmetics,Краска для волос,100 мл
8430190015935,Keyra Cosmetics,Краска для волос,100 мл
8430190015942,Keyra Cosmetics,Краска для волос,100 мл
8430190015959,Keyra Cosmetics,Краска для волос,100 мл
8430190015966,Keyra Cosmetics,Краска для волос,100 мл
8430190015973,Keyra Cosmetics,Краска для волос,100 мл
8430190015980,Keyra Cosmetics,Краска для волос,100 мл
8430190015997,Keyra Cosmetics,Краска для волос,100 мл
8430190016628,Keyra Cosmetics,Краска для волос,100 мл
8430190016635,Keyra Cosmetics,Краска для волос,100 мл
8430190016666,Keyra Cosmetics,Краска для волос,100 мл
8430190016673,Keyra Cosmetics,Краска для волос,100 мл
8430190016918,Keyra Cosmetics,Краска для волос,100 мл
8430190016949,Keyra Cosmetics,Краска для волос,100 мл
8430190020106,Keyra Cosmetics,Краска для волос,100 мл
8430190020120,Keyra Cosmetics,Краска для волос,100 мл
8430190020144,Keyra Cosmetics,Краска для волос,100 мл
8430190020151,Keyra Cosmetics,Краска для волос,100 мл
8430190020175,Keyra Cosmetics,Краска для волос,100 мл
8430190020182,Keyra,Краска для волос,100 мл
8430190020205,Keyra Cosmetics,Краска для волос,100 мл
8430190046526,Keyra Cosmetics,Шампунь,1000 мл
8430190046632,Keyra Cosmetics,Шампунь,500 мл
8430190046649,Keyra Cosmetics,Шампунь,500 мл
8433982019562,United Colors of Benetton,"Парфюмерия, парфюмерные наборы",90 мл
8433982020575,United Colors of Benetton,"Парфюмерия, парфюмерные наборы",100 мл
8433982024283,United Colors of Benetton,"Парфюмерия, парфюмерные наборы",100 мл
8680097210791,New Well,Кусачки и книпсеры,
8680097216168,,"Пилочки, бафы для ногтей",
8680097216175,New Well,Пинцеты,
8680097216281,New Well,Маникюрные ножницы,
8680400557742,No Brand,Краска для волос,100 мл
8680400557759,No Brand,Краска для волос,100 мл
8680400557766,No Brand,Краска для волос,100 мл
8680400557780,No Brand,Краска для волос,100 мл
8680400557803,No Brand,Краска для волос,100 мл
8680400558305,No Brand,Краска для волос,100 мл
8680400558312,No Brand,Краска для волос,100 мл
8680407130078,Escabel Sun,Солнцезащитные средства,200 мл
8680407130092,Escabel Sun,Уход после загара,200 мл
8680407130108,Escabel Sun,Уход после загара,200 мл
8680407130122,No Brand,Масла и средства для загара,150 мл
8680407130177,No Brand,Масла и средства для загара,150 мл
8680407132515,No Brand,Масла и средства для загара,150 мл
8680512626060,Bioblas,Шампунь,360 мл
8680512627906,Bioblas,Шампунь,360 мл
8680512628477,Bioblas,Шампунь,360 мл
8680512628675,Bioxcin,Средства против прыщей и акне,15 мл
8680512630456,Bioblas,"Бальзам, кондиционер, ополаскиватель",250 мл
8680512630616,Restorex,Шампунь,500 мл
8680512630722,Bioblas,Шампунь,360 мл
8680512630920,Restorex,Шампунь,500 мл
8680512631613,Bioxcin,Шампунь,300 мл
8680512634560,Restorex,Шампунь,500 мл
8680690700408,Urban Care,Средства от выпадения волос,200 мл
8680690700668,Urban Care,"Бальзам, кондиционер, ополаскиватель",250 мл
8680690700774,Urban Care,"Бальзам, кондиционер, ополаскиватель",250 мл
8680690702174,Urban Care,Сухой шампунь,200 мл
8680690702297,Urban Care,Шампунь,350 мл
8680690703133,Urban Care,Сухой шампунь,200 мл
8680690703140,Urban Care,Сухой шампунь,200 мл
8680690703867,Urban Care,Маска для волос,175 мл
8680690703874,Urban Care,Масло и крем для волос,200 мл
8680690705007,Urban Care,Шампунь,250 мл
8680690705014,Urban Care,Масло и крем для волос,150 мл
8680690705694,Urban Care,Маска для волос,250 мл
8680690706851,Urban Care,"Лосьон, спрей, сыворотка для волос",200 мл
8680690707919,Urban Care,Шампунь,350 мл
8680690707933,Urban Care,"Бальзам, кондиционер, ополаскиватель",250 мл
8680690707971,Urban Care,Масло и крем для волос,200 мл
8680690709968,Urban Care,"Бальзам, кондиционер, ополаскиватель",200 мл
8680690709975,Urban Care,Шампунь,350 мл
8680690710742,Urban Care,Шампунь,350 мл
8680690710759,Urban Care,"Бальзам, кондиционер, ополаскиватель",200 мл
8680690710766,Urban Care,"Лосьон, спрей, сыворотка для волос",150 мл
8680690710773,Urban Care,Масло и крем для волос,100 мл
8680690710834,Urban Care,"Бальзам, кондиционер, ополаскиватель",250 мл
8680690710841,Urban Care,"Лосьон, спрей, сыворотка для волос",200 мл
8680690710858,Urban Care,Маска для волос,230 мл
8680690710902,Urban Care,Шампунь,400 мл
8680690710919,Urban Care,"Бальзам, кондиционер, ополаскиватель",250 мл
8680690710926,Urban Care,"Лосьон, спрей, сыворотка для волос",100 мл
8680690710933,Urban Care,Маска для волос,230 мл
8680690711008,Urban Care,"Лосьон, спрей, сыворотка для волос",50 мл
8680690720154,Urban Care,Шампунь,350 мл
8680690720161,Urban Care,"Бальзам, кондиционер, ополаскиватель",200 мл
8680690720178,Urban Care,"Бальзам, кондиционер, ополаскиватель",200 мл
8680690720185,Urban Care,Маска для волос,230 мл
8680690720192,Urban Care,Масло и крем для волос,75 мл
8680690720628,Urban Care,Шампунь,350 мл
8680690720635,Urban Care,Шампунь,350 мл
8680690720642,Urban Care,Шампунь,350 мл
8680690720659,Urban Care,Шампунь,350 мл
8680690720666,Urban Care,Шампунь,350 мл
8680923304403,New Well,Карандаш для глаз,
8680923304519,New Well,Карандаш для глаз,
8680923304670,New Well,Карандаш для глаз,
8680923304700,New Well,Карандаш для глаз,
8680923304779,New Well,Карандаши для бровей,
8680923304786,New Well,Карандаши для бровей,
8680923304816,New Well,Тональная основа,30 мл
8680923304830,New Well,Тональная основа,30 мл
8680923305783,New Well,"Корректор, консилер для лица",
8680923306827,New Well,Тональная основа,30 мл
8680923306834,New Well,Тональная основа,30 мл
8680923306841,New Well,Тональная основа,30 мл
8680923343846,New Well,База под макияж,75 мл
8680923343853,New Well,Рассыпчатая пудра,
8680923344645,New Well,"Подводка, лайнер для глаз",
8680923346519,New Well,"Хайлайтер, скульптор",9.5 г
8680923346526,New Well,"Хайлайтер, скульптор",
8680923346557,New Well,Бронзер,
8680923346571,New Well,"Хайлайтер, скульптор",
8680923346625,New Well,Блеск для губ,
8680923346632,New Well,Блеск для губ,
8680923346649,New Well,Блеск для губ,
8680923346656,New Well,Блеск для губ,
8680923346663,New Well,Жидкая помада,
8680923346670,New Well,Жидкая помада,
8680923346687,New Well,Жидкая помада,
8680923346694,New Well,Жидкая помада,
8680923346700,New Well,Жидкая помада,
8680923346717,New Well,Жидкая помада,
8680923346724,New Well,Помада,
8680923346731,New Well,Помада,
8680923346748,New Well,Помада,
8680923346755,New Well,Помада,
8680923346762,New Well,Помада,
8680923346779,New Well,Помада,
8680923346786,New Well,Румяна,9 г
8680923346793,New Well,Румяна,9 г
8680923346847,New Well,Тени для век,9 г
8680923346908,New Well,"Корректор, консилер для лица",6 мл
8680923346915,New Well,"Корректор, консилер для лица",
8680923346939,New Well,Румяна,
8680923347325,New Well,Тени для век,9 г
8680923350530,New Well,"Лосьон, спрей, сыворотка для волос",150 мл
8680923350547,New Well,Сыворотка для кожи вокруг глаз,30 мл
8680923350554,New Well,Сыворотки и эликсиры,30 мл
8680923350561,New Well,Сыворотки и эликсиры,30 мл
8680923350578,New Well,"Тоник, лосьон для лица",200 мл
8680923350585,New Well,Гель для умывания,200 мл
8680923350660,New Well,Крем для лица,50 мл
8680923350677,New Well,Сыворотки и эликсиры,30 мл
8680923350691,New Well,Сыворотки и эликсиры,30 мл
8680923351063,New Well,Румяна,
8680923351087,New Well,"Скраб, маска для губ",20 г
8680923351094,New Well,"Скраб, маска для губ",20 г
8680923351100,New Well,"Скраб, маска для губ",20 г
8680923351117,New Well,"Скраб, маска для губ",20 г
8680923351124,New Well,"Скраб, маска для губ",20 г
8680923352008,New Well,Масло и крем для волос,100 мл
8680923352015,New Well,Сыворотка для кожи вокруг глаз,10 мл
8680923353173,New Well,Тушь для ресниц,8 мл
8680923353180,New Well,Тушь для ресниц,8 мл
8680923354026,New Well,Солнцезащитные средства,50 мл
8680923354033,New Well,Солнцезащитные средства,50 мл
8680923354217,New Well,База под макияж,50 мл
8681039015184,Color&Go,Краска для волос,
8681039015214,Color&Go,Краска для волос,
8681039015245,Color&Go,Краска для волос,
8681065800365,More 4 U,Воск и полоски для депиляции,100 мл
8681065800372,More 4 U,Воск и полоски для депиляции,100 мл
8681065801225,More 4 U,Воск и полоски для депиляции,100 мл
8681065802512,More 4 U,Воск и полоски для депиляции,450 г
8681065802536,More 4 U,Воск и полоски для депиляции,450 г
8681065802543,More 4 U,Воск и полоски для депиляции,450 г
8681065802598,More 4 U,Воск и полоски для депиляции,400 г
8681065803724,More 4 U,Воск и полоски для депиляции,400 г
8681065805100,More For You,Крем-маски,400 г
8681127031065,Element,Краска для волос,60 мл
8681127031072,Element,Краска для волос,60 мл
8681217210288,Topface,Тушь для ресниц,11 мл
8681217220492,Topface,Компактная пудра,10 г
8681217220508,Topface,Компактная пудра,10 г
8681217220515,Topface,Компактная пудра,10 г
8681217220522,Topface,Компактная пудра,10 г
8681217220539,Topface,Компактная пудра,10 г
8681217221314,Topface,"Корректор, консилер для лица",3.5 мл
8681217221321,Topface,"Корректор, консилер для лица",3.5 мл
8681217221338,Topface,"Корректор, консилер для лица",3.5 мл
8681217221345,Topface,"Корректор, консилер для лица",3.5 мл
8681217221352,Topface,"Корректор, консилер для лица",3.5 мл
8681217221369,Topface,"Корректор, консилер для лица",3.5 мл
8681217221628,Topface,Гель для бровей,3.5 мл
8681217221635,Topface,Гель для бровей,3.5 мл
8681217221819,Topface,"Подводка, лайнер для глаз",3.5 мл
8681217223172,Topface,Тональная основа,30 мл
8681217223189,Topface,Тональная основа,30 мл
8681217223196,Topface,Тональная основа,30 мл
8681217223202,Topface,Тональная основа,30 мл
8681217223219,Topface,Тональная основа,30 мл
8681217223226,Topface,Тональная основа,30 мл
8681217223561,Topface,Кисти для макияжа,
8681217223578,Topface,Кисти для макияжа,
8681217223585,Topface,Кисти для макияжа,
8681217223592,Topface,Кисти для макияжа,
8681217223608,Topface,Кисти для макияжа,
8681217223622,Topface,Кисти для макияжа,
8681217223639,Topface,Кисти для макияжа,
8681217223646,Topface,Кисти для макияжа,
8681217223660,Topface,Кисти для макияжа,
8681217223677,Topface,Кисти для макияжа,
8681217223684,Topface,Кисти для макияжа,
8681217223691,Topface,Кисти для макияжа,
8681217225152,Topface,Жидкая помада,3.5 мл
8681217225183,Topface,Жидкая помада,3.5 мл
8681217225206,Topface,Жидкая помада,3.5 мл
8681217225244,Topface,Жидкая помада,3.5 мл
8681217225251,Topface,Жидкая помада,3.5 мл
8681217226111,Topface,BB и CC крем,30 мл
8681217226128,Topface,BB и CC крем,30 мл
8681217226135,Topface,BB и CC крем,30 мл
8681217226142,Topface,BB и CC крем,30 мл
8681217226159,Topface,BB и CC крем,30 мл
8681217226166,Topface,BB и CC крем,30 мл
8681217226340,Topface,Румяна,10 г
8681217226364,Topface,Румяна,10 г
8681217226371,Topface,Румяна,
8681217226388,Topface,Румяна,
8681217226579,Topface,Тональная основа,30 мл
8681217226586,Topface,Тональная основа,30 мл
8681217226685,Topface,Кисти для макияжа,
8681217226692,Topface,Кисти для макияжа,
8681217226708,Topface,Кисти для макияжа,
8681217226715,Topface,Кисти для макияжа,
8681217228214,Topface,Тушь для ресниц,12 мл
8681217228948,Topface,Тональная основа,32 мл
8681217228955,Topface,Тональная основа,32 мл
8681217228962,Topface,Тональная основа,32 мл
8681217228979,Topface,Тональная основа,32 мл
8681217228986,Topface,Тональная основа,32 мл
8681217228993,Topface,Тональная основа,32 мл
8681217229006,Topface,Тональная основа,32 мл
8681217229013,Topface,Тональная основа,32 мл
8681217229105,Topface,Тональная основа,32 мл
8681217229112,Topface,Тональная основа,32 мл
8681217229129,Topface,Тональная основа,32 мл
8681217229136,Topface,Тональная основа,32 мл
8681217229143,Topface,Тональная основа,32 мл
8681217229150,Topface,Тональная основа,32 мл
8681217229167,Topface,Тональная основа,32 мл
8681217229174,Topface,Тональная основа,32 мл
8681217229839,Topface,База под макияж,100 мл
8681217231672,Topface,Компактная пудра,10 г
8681217231689,Topface,Компактная пудра,10 г
8681217231696,Topface,Компактная пудра,10 г
8681217231702,Topface,Компактная пудра,10 г
8681217231719,Topface,Компактная пудра,10 г
8681217231726,Topface,Компактная пудра,10 г
8681217231733,Topface,Компактная пудра,10 г
8681217231740,Topface,Компактная пудра,10 г
8681217232655,Topface,Жидкая помада,3.5 мл
8681217235083,Topface,Рассыпчатая пудра,10 г
8681217235090,Topface,Рассыпчатая пудра,10 г
8681217235106,Topface,Рассыпчатая пудра,10 г
8681217235663,Topface,Жидкая помада,3.5 мл
8681217236004,Topface,Помада,
8681217236011,Topface,Помада,
8681217236028,Topface,Помада,4 г
8681217236035,Topface,Помада,
8681217236042,Topface,Помада,4 г
8681217236059,Topface,Помада,
8681217236318,Topface,Помада,
8681217236325,Topface,Помада,
8681217236332,Topface,Помада,
8681217236349,Topface,Помада,
8681217236356,Topface,Помада,4 г
8681217236363,Topface,Помада,4 г
8681217236370,Topface,Помада,4 г
8681217236387,Topface,Помада,
8681217239173,Topface,Жидкая помада,3.5 мл
8681217240384,Topface,"Подводка, лайнер для глаз",2.5 мл
8681217240391,Topface,"Подводка, лайнер для глаз",2.5 мл
8681217240599,Topface,BB и CC крем,30 мл
8681217241695,Topface,"Хайлайтер, скульптор",9 г
8681217241701,Topface,"Хайлайтер, скульптор",9 г
8681217241909,Topface,Румяна,5 г
8681217241930,Topface,Румяна,5 г
8681217242463,Topface,База под макияж,31 мл
8681217242920,Topface,Тени для век,8 г
8681217242944,Topface,Тени для век,8 г
8681217242999,Topface,Тени для век,11 г
8681217243002,Topface,Тени для век,11 г
8681217245631,Topface,"Хайлайтер, скульптор",6 г
8681217245648,Topface,"Хайлайтер, скульптор",6 г
8681217247499,Topface,"Корректор, консилер для лица",12 мл
8681217247505,Topface,"Корректор, консилер для лица",12 мл
8681217247512,Topface,"Корректор, консилер для лица",12 мл
8681217247529,Topface,"Корректор, консилер для лица",12 мл
8681217247536,Topface,"Корректор, консилер для лица",12 мл
8681217247543,Topface,"Корректор, консилер для лица",12 мл
8681217248571,Topface,База под макияж,30 мл
8681217248779,Topface,Тушь для ресниц,8 мл
8681217249424,Topface,Помада,"3,5 г"
8681217249431,Topface,Помада,"3,5 г"
8681217249448,Topface,Помада,"3,5 г"
8681217249455,Topface,Помада,3.5 г
8681217249486,Topface,Помада,4 г
8681217249493,Topface,Помада,3.5 г
8681217249677,Topface,Кисти для макияжа,
8681217250215,Topface,База под макияж,31 мл
8681217250239,Topface,Кисти для макияжа,
8681217250666,Topface,Гель для бровей,10 г
8681217250697,Topface,Тени для век,7 г
8681217250703,Topface,Тени для век,7 г
8681217250741,Topface,Палетки для макияжа,8 г
8681217250758,Topface,Палетки для макияжа,8 г
8681217250789,Topface,Румяна,10 г
8681217250796,Topface,Румяна,10 г
8681217250901,Topface,Блеск для губ,4 мл
8681217250918,Topface,Блеск для губ,
8681217250925,Topface,Блеск для губ,4 мл
8681217250932,Topface,Блеск для губ,4 мл
8681217250949,Topface,Блеск для губ,4 мл
8681217250956,Topface,Блеск для губ,4 мл
8681217250963,Topface,Блеск для губ,4 мл
8681217251458,Topface,Блеск для губ,
8681217251465,Topface,Блеск для губ,
8681217252233,Topface,Блеск для губ,3.5 мл
8681217252240,Topface,Блеск для губ,3.5 мл
8681217252257,Topface,Блеск для губ,4 мл
8681217252387,Topface,Блеск для губ,4 мл
8681217252424,Topface,База под макияж,100 мл
8681217252578,Topface,Блеск для губ,4 мл
8681217252622,Topface,База под макияж,30 мл
8681217252646,,BB и CC крем,30 мл
8681217252653,Topface,BB и CC крем,30 мл
8681217252660,Topface,BB и CC крем,30 мл
8681217252677,Topface,BB и CC крем,30 мл
8681217252684,Topface,BB и CC крем,30 мл
8681217252691,Topface,BB и CC крем,30 мл
8681217252707,Topface,BB и CC крем,30 мл
8681217252714,Topface,BB и CC крем,30 мл
8681217252813,Topface,Компактная пудра,10 г
8681217252820,Topface,Компактная пудра,10 г
8681217252837,Topface,Компактная пудра,10 г
8681217252844,Topface,Компактная пудра,10 г
8681217252981,Topface,"Корректор, консилер для лица",6 мл
8681217252998,Topface,"Корректор, консилер для лица",6 мл
8681217253001,Topface,"Корректор, консилер для лица",6 мл
8681217253018,Topface,"Корректор, консилер для лица",6 мл
8681217253025,Topface,"Корректор, консилер для лица",6 мл
8681217253032,Topface,"Корректор, консилер для лица",6 мл
8681217253100,Topface,Тональная основа,30 мл
8681217253117,Topface,Тональная основа,30 мл
8681217253124,Topface,Тональная основа,30 мл
8681217253148,Topface,Тональная основа,30 мл
8681217253179,Topface,Тональная основа,30 мл
8681217253261,Topface,Помада,4 г
8681217253292,Topface,Помада,4.4 г
8681217254237,Topface,Лак для ногтей,
8681217255845,Topface,Мицеллярная вода и гель,150 мл
8681217256019,Topface,Кисти для макияжа,
8681217256026,Topface,Кисти для макияжа,
8681217256033,Topface,Кисти для макияжа,
8681217266896,Topface,Гель для бровей,12 г
8681323008649,Lexi,Гель для душа,600 мл
8681323008663,Lexi,Гель для душа,600 мл
8681323008670,Lexi,Гель для душа,600 мл
8681546107709,Miss2m,Лак для ногтей,
8681546107921,Miss2m,Лак для ногтей,
8681546108010,Miss2m,Лак для ногтей,
8681546108058,Miss2m,Лак для ногтей,
8681546108072,Miss2m,Лак для ногтей,
8681546108126,Miss2m,Лак для ногтей,
8681546108263,Miss2m,Лак для ногтей,
8681554610918,Deep Fresh,Гель для душа,1 л
8681554610925,Deep Fresh,Гель для душа,1000 мл
8681554610949,Deep Fresh,Гель для душа,1000 мл
8681554611038,Deep Fresh,Гель для душа,1 л
8681554617993,Deep Fresh,"Крем, молочко и лосьон для тела",50 мл
8681554618006,Deep Fresh,"Крем, молочко и лосьон для тела",50 мл
8681554618013,Deep Fresh,"Крем, молочко и лосьон для тела",50 мл
8681554618020,Deep Fresh,"Крем, молочко и лосьон для тела",50 мл
8681554618075,Deep Fresh,"Крем, молочко и лосьон для тела",250 мл
8681554618082,Deep Fresh,"Крем, молочко и лосьон для тела",250 мл
8681554618099,Deep Fresh,"Крем, молочко и лосьон для тела",250 мл
8681554618105,Deep Fresh,"Крем, молочко и лосьон для тела",250 мл
8681554623796,Deep Fresh,Гель для душа,1000 мл
8681554623802,Deep Fresh,Гель для душа,1000 мл
8681554626971,Deep Fresh,Ароматические диффузоры и палочки,100 мл
8681554626988,Deep Fresh,Ароматические диффузоры и палочки,100 мл
8681554626995,Deep Fresh,Ароматические диффузоры и палочки,100 мл
8681554627015,Deep Fresh,Ароматические диффузоры и палочки,100 мл
8681554627022,Deep Fresh,Ароматические диффузоры и палочки,100 мл
8681554627039,Deep Fresh,Ароматические диффузоры и палочки,100 мл
8681554627046,Deep Fresh,Ароматические диффузоры и палочки,100 мл
8681554627053,Deep Fresh,Ароматические диффузоры и палочки,100 мл
8681554627060,Deep Fresh,Ароматические диффузоры и палочки,100 мл
8681554627077,Deep Fresh,Ароматические диффузоры и палочки,100 мл
8681554627084,Deep Fresh,Ароматические диффузоры и палочки,100 мл
8681554627107,Deep Fresh,Ароматические диффузоры и палочки,100 мл
8681554627114,Deep Fresh,Ароматические диффузоры и палочки,100 мл
8681554627121,Deep Fresh,Ароматические диффузоры и палочки,100 мл
8681608220193,Voi,Ватные диски и палочки,
8682397030642,,Сыворотки и эликсиры,30 мл
8682397030666,Maruderm,Сыворотки и эликсиры,30 мл
8682397030673,Maruderm,Сыворотки и эликсиры,30 мл
8682397030680,Maruderm,Крем для лица,200 мл
8682397030697,Maruderm,Крем для лица,200 мл
8682397030772,Maruderm,Сыворотки и эликсиры,30 мл
8682397030796,Maruderm,Сыворотки и эликсиры,30 мл
8682397030802,Maruderm,Крем для лица,200 мл
8682397030819,Maruderm,"Крем, молочко и лосьон для тела",200 мл
8682397030826,Maruderm,Крем для лица,200 мл
8682397030833,Maruderm,Крем для лица,200 мл
8682397030857,Maruderm,Антицеллюлитные и моделирующие средства,300 мл
8682397030871,Maruderm,Сыворотки и эликсиры,30 мл
8682397030895,Maruderm,"Тоник, лосьон для лица",250 мл
8682397030901,Maruderm,"Тоник, лосьон для лица",250 мл
8682397030949,Maruderm,Гидрофильное масло,200 мл
8682397030956,Maruderm,Гель для умывания,200 мл
8682397030963,Maruderm,Шампунь,400 мл
8682397030994,Maruderm,Шампунь,400 мл
8682397031007,Maruderm,Маска для волос,300 мл
8682397031021,Maruderm,Шампунь,400 мл
8682397031038,Maruderm,Маска для волос,300 мл
8682397031052,Maruderm,Средства от выпадения волос,200 мл
8682397031069,Maruderm,"Лосьон, спрей, сыворотка для волос",200 мл
8682397031076,Maruderm,"Лосьон, спрей, сыворотка для волос",200 мл
8682397031120,Maruderm,Глиняные маски,100 мл
8682397031144,Maruderm,"Скраб, пилинг для тела",250 мл
8682397031151,Maruderm,"Скраб, пилинг для тела",250 мл
8682397031168,Maruderm,"Скраб, пилинг для тела",250 мл
8682397031175,Maruderm,"Скраб, пилинг для тела",250 мл
8682397031182,Maruderm,Солнцезащитные средства,50 мл
8682397031199,Maruderm,Солнцезащитные средства,50 мл
8682397031212,Maruderm,Солнцезащитные средства,50 мл
8682397031342,Maruderm,Солнцезащитные средства,50 мл
8682397031366,Maruderm,"Крем, молочко и лосьон для тела",400 мл
8682397031373,Maruderm,"Крем, молочко и лосьон для тела",400 мл
8682397031380,Maruderm,"Крем, молочко и лосьон для тела",400 мл
8682397031403,Maruderm,Гель для умывания,200 мл
8682397031427,Maruderm,"Скраб, пилинг и эксфолиант",30 г
8682397031434,Maruderm,"Скраб, пилинг и эксфолиант",30 г
8682397031496,Maruderm,Маска для волос,300 мл
8682397031502,Maruderm,"Лосьон, спрей, сыворотка для волос",200 мл
8682397031519,Maruderm,Шампунь,400 мл
8682397031526,Maruderm,Средства от выпадения волос,200 мл
8682397031533,Maruderm,Шампунь,400 мл
8682397031656,Maruderm,Солнцезащитные средства,200 мл
8682397031670,Maruderm,Солнцезащитные средства,200 мл
8682397031779,Maruderm,Масла и средства для загара,100 мл
8682397031939,Maruderm,Крем для лица,
8682397031946,Maruderm,Солнцезащитные средства,50 мл
8682397031960,Maruderm,Гель для умывания,200 мл
8682397031977,Maruderm,Крем для лица,50 мл
8682397031984,Maruderm,"Тоник, лосьон для лица",250 мл
8682511151376,Solex,Шампунь,500 мл
8682511151604,Solex,Шампунь,1000 мл
8682511151628,Solex,Шампунь,1000 мл
8682511151888,Solex,Шампунь,1000 мл
8682511151895,Solex,Шампунь,1 л
8682511151901,Solex,Шампунь,1000 мл
8682511151918,Solex,Шампунь,1000 мл
8682536011990,Flormar,Помада,3 г
8682536012003,Flormar,Помада,3 г
8682536012010,Flormar,Помада,3 г
8682536012027,Flormar,Помада,3 г
8682536012072,Flormar,Помада,3 г
8682536012096,Flormar,Помада,3 г
8682536012102,Flormar,Помада,3 г
8682536012119,Flormar,Помада,3 г
8682536022804,Flormar,Тушь для ресниц,
8682536023085,Flormar,База под макияж,125 мл
8682536023092,Flormar,База под макияж,125 мл
8682536028844,Flormar,Карандаш для глаз,1.2 г
8682536028875,Flormar,Карандаш для глаз,1.2 г
8682536028882,Flormar,Карандаш для глаз,1.2 г
8682536032896,Flormar,Жидкая помада,4.5 мл
8682536040624,Flormar,Жидкая помада,3.8 мл
8682536040648,Flormar,Жидкая помада,3.8 мл
8682536040662,Flormar,Жидкая помада,3.8 мл
8682536040679,Flormar,Жидкая помада,3.8 мл
8682536040693,Flormar,Жидкая помада,3.8 мл
8682536043670,Flormar,"Хайлайтер, скульптор",4 мл
8682536043687,Flormar,"Хайлайтер, скульптор",4 мл
8682536043694,Flormar,"Шиммер, иллюминатор",
8682536043700,Flormar,Румяна,4 мл
8682536043717,Flormar,Румяна,4 мл
8682536050890,Flormar,Компактная пудра,11 г
8682536051323,Flormar,Компактная пудра,11 г
8682536051354,Flormar,Компактная пудра,11 г
8682536051361,Flormar,Компактная пудра,11 г
8682536051378,Flormar,Компактная пудра,11 г
8682536051699,Flormar,Румяна,5.5 г
8682536051705,Flormar,Румяна,5.5 г
8682536051729,Flormar,Румяна,5.5 г
8682536051743,Flormar,Румяна,5.5 г
8682536051774,Flormar,Румяна,5.5 г
8682536051781,Flormar,Румяна,5.5 г
8682536051804,Flormar,Румяна,5.5 г
8682536053372,Flormar,Компактная пудра,7 г
8682536053396,Flormar,Бронзер,11 г
8682536053419,Flormar,Бронзер,11 г
8682536053433,Flormar,Бронзер,11 г
8682536053495,Flormar,Бронзер,11 г
8682536053518,Flormar,Компактная пудра,9 г
8682536053532,Flormar,Компактная пудра,9 г
8682536053570,Flormar,Компактная пудра,9 г
8682536053594,Flormar,Компактная пудра,9 г
8682536058124,Flormar,Тональная основа,30 мл
8682536058148,Flormar,Тональная основа,30 г
8682536058162,Flormar,Тональная основа,30 мл
8682536058186,Flormar,Тональная основа,30 г
8682536068017,Flormar,Блеск для губ,4.5 мл
8682536068031,Flormar,Блеск для губ,4.5 мл
8682536068055,Flormar,Блеск для губ,4.5 мл
8682536068093,Flormar,Блеск для губ,4.5 мл
8682536068314,Flormar,Блеск для губ,4.5 мл
8682536069380,Flormar,Блеск для губ,4.5 мл
8682536069403,Flormar,Блеск для губ,4.5 мл
8682536069427,Flormar,Блеск для губ,4.5 мл
8682536069441,Flormar,Блеск для губ,4.5 мл
8682536069489,Flormar,Блеск для губ,4.5 мл
8682536069502,Flormar,Блеск для губ,4.5 мл
8682536081849,Flormar,Рассыпчатая пудра,15 г
8682536085465,Flormar,Корректор для глаз,12.5 мл
8682536085489,Flormar,Корректор для глаз,12.5 мл
8682536085564,Flormar,Корректор для глаз,12.5 мл
8682536097840,Flormar,Помада,3 г
8682536097864,Flormar,Помада,3 г
8682536097888,Flormar,Помада,3 г
8682536097901,Flormar,Помада,3 г
8682536097925,Flormar,Помада,3 г
8682536097949,Flormar,Помада,3 г
8682536097963,Flormar,Помада,3 г
8682536100724,Flormar,Тушь для ресниц,12 мл
8682631664930,Pierra,Шампунь,1 л
8682662859053,Ashley Joy,"Лосьон, спрей, сыворотка для волос",100 мл
8682662859145,Ashley Joy,Маска для волос,30 мл
8682662859152,Ashley Joy,Маска для волос,30 мл
8682662859169,Ashley Joy,Маска для волос,30 мл
8682662859176,Ashley Joy,Маска для волос,30 мл
8682662859183,Ashley Joy,Маска для волос,30 мл
8682662859305,Ashley Joy,Сухой шампунь,200 мл
8682662859459,Ashley Joy,Шампунь,400 мл
8682662859503,Ashley Joy,Шампунь,400 мл
8682773091007,The Purest Solutions,Сыворотки и эликсиры,30 мл
8682773091014,The Purest Solutions,"Скраб, пилинг и эксфолиант",30 мл
8682773091038,The Purest Solutions,Сыворотки и эликсиры,30 мл
8682773091052,The Purest Solutions,Сыворотка для кожи вокруг глаз,30 мл
8682773091069,The Purest Solutions,Сыворотки и эликсиры,30 мл
8682773091267,The Purest Solutions,"Скраб, пилинг и эксфолиант",55 г
8682773091281,The Purest Solutions,Гидрофильное масло,150 мл
8682773091304,The Purest Solutions,Сыворотки и эликсиры,30 мл
8682773091335,The Purest Solutions,Солнцезащитные средства,50 мл
8682887945968,The Purest Solutions,Средства против прыщей и акне,
8682952790059,Lorenti,Маска для волос,500 мл
8682952790066,Lorenti,Маска для волос,500 мл
8682952790073,Lorenti,Маска для волос,500 мл
8682952790080,Lorenti,Маска для волос,500 мл
8682952790172,Lorenti,"Скраб, пилинг для тела",500 мл
8682952790189,Lorenti,"Скраб, пилинг для тела",500 мл
8682952790196,Lorenti,"Скраб, пилинг для тела",500 мл
8682952790332,Lorenti,Спрей для тела,200 мл
8682952790356,Lorenti,Спрей для тела,200 мл
8682952790363,Lorenti,"Бальзам, кондиционер, ополаскиватель",400 мл
8682952790370,Lorenti,"Бальзам, кондиционер, ополаскиватель",400 мл
8682952790394,Lorenti,"Бальзам, кондиционер, ополаскиватель",400 мл
8682952790479,Lorenti,Лак для волос,400 мл
8682952790523,Lorenti,Воск для волос,150 мл
8682952790530,Lorenti,Воск для волос,150 мл
8682952790547,Lorenti,Воск для волос,150 мл
8682952790561,Lorenti,Воск для волос,150 мл
8682952790844,Lorenti,Мицеллярная вода и гель,400 мл
8682952790868,Lorenti,Мицеллярная вода и гель,400 мл
8682952790950,Lorenti,Средства для укладки бороды и усов,50 мл
8682952791278,Lorenti,Краска для волос,250 мл
8682952791285,Lorenti,Краска для волос,250 мл
8682952791308,Lorenti,Краска для волос,250 мл
8682952791322,Lorenti,Краска для волос,250 мл
8682952791377,Lorenti,Инструменты и аксессуары для салонов,
8682952792350,Lorenti,Крем для лица,150 мл
8682952792367,Lorenti,"Крем, молочко и лосьон для тела",150 мл
8682952792374,Lorenti,Солнцезащитные средства,100 мл
8682952792411,Lorenti,"Лосьон, спрей, сыворотка для волос",50 мл
8682952792459,Lorenti,Сыворотки и эликсиры,50 мл
8682952792664,Lorenti,"Крем, молочко и лосьон для тела",400 мл
8682952792688,Lorenti,"Крем, молочко и лосьон для тела",400 мл
8682952792695,Lorenti,"Крем, молочко и лосьон для тела",400 мл
8682952792756,Lorenti,Косметика после бритья,400 мл
8682952792794,Lorenti,Косметика после бритья,400 мл
8682952792800,Lorenti,Косметика после бритья,400 мл
8682952792985,Lorenti,Косметика после бритья,400 мл
8682952793487,Lorenti,Краска для волос,250 мл
8682952793548,Lorenti,Воск и полоски для депиляции,1 кг
8682952793555,Lorenti,Воск и полоски для депиляции,1 кг
8682952793562,Lorenti,Воск и полоски для депиляции,1 кг
8682952794040,Lorenti,Гель для волос,500 мл
8682952794064,Lorenti,Гель для волос,500 мл
8682952794507,Lorenti,Средства для укладки бороды и усов,200 мл
8682952794675,Lorenti,Крем-маска для лица,500 мл
8682952794682,Lorenti,Крем-маска для лица,500 мл
8682952794729,Lorenti,Косметика после бритья,400 мл
8682952795399,Lorenti,Тонирующий спрей,150 мл
8682952795405,Lorenti,Тонирующий спрей,150 мл
8682952795412,Lorenti,Тонирующий спрей,150 мл
8682952795429,Lorenti,Тонирующий спрей,150 мл
8682952795436,Lorenti,Тонирующий спрей,150 мл
8682952795443,Lorenti,Тонирующий спрей,150 мл
8682952795467,Lorenti,Тонирующий спрей,150 мл
8682952795580,Lorenti,Косметика после бритья,400 мл
8682952795634,Lorenti,Воск для волос,150 мл
8682952796068,Lorenti,Шампунь,630 мл
8682952796075,Lorenti,Шампунь,630 мл
8682952796082,Lorenti,Шампунь,630 мл
8682952796099,Lorenti,Шампунь,630 мл
8682952796112,Lorenti,Пенка и мусс для умывания,150 мл
8682952796266,Lorenti,Тонирующий спрей,27.5 г
8682952796273,Lorenti,Тонирующий спрей,27.5 г
8682952796297,Lorenti,Воск для волос,150 мл
8682952797010,Lorenti,"Скраб, пилинг и эксфолиант",500 мл
8682952797027,Lorenti,"Скраб, пилинг для тела",500 мл
8682952797034,Lorenti,"Скраб, пилинг и эксфолиант",500 мл
8682952797393,Lorenti,Воск для волос,150 мл
8682952797409,Lorenti,Воск для волос,150 мл
8682952797423,No Brand,Средства для интимной гигиены,300 мл
8682952797560,Lorenti,Гель для волос,300 мл
8682952797720,Lorenti,Пенка и мусс для умывания,150 мл
8682952797737,Lorenti,Пенка и мусс для умывания,150 мл
8682952797744,Lorenti,Пенка и мусс для умывания,150 мл
8682952797751,Lorenti,Пенка и мусс для умывания,150 мл
8682952797836,Lorenti,Косметика после бритья,150 мл
8682952797843,Lorenti,Косметика после бритья,150 мл
8682952797850,Lorenti,Косметика после бритья,150 мл
8682952797867,Lorenti,Косметика после бритья,150 мл
8682952797874,Lorenti,Косметика после бритья,150 мл
8682952797881,Lorenti,Мицеллярная вода и гель,400 мл
8682952797898,Lorenti,Мицеллярная вода и гель,400 мл
8682952798819,Lorenti,Воск для волос,30 г
8682952798826,Lorenti,Воск для волос,30 г
8682952798833,Lorenti,Воск для волос,30 г
8683036276124,,Сухой шампунь,150 мл
8683105620124,Sea Color,Краска для волос,
8683105620148,Sea Color,Краска для волос,100 мл
8683105620162,Sea Color,Краска для волос,100 мл
8683105620315,Lilafix,Краска для волос,60 мл
8683105620322,Lilafix,Краска для волос,60 мл
8683105620339,Lilafix,Краска для волос,60 мл
8683105620346,Lilafix,Краска для волос,60 мл
8683105620353,Lilafix,Краска для волос,60 мл
8683105620360,Lilafix,Краска для волос,60 мл
8683105620377,Lilafix,Краска для волос,60 мл
8683105620384,Lilafix,Краска для волос,60 мл
8683105620391,Lilafix,Краска для волос,60 мл
8683105620407,Lilafix,Краска для волос,60 мл
8683105620421,Lilafix,Краска для волос,60 мл
8683105620896,Lilafix,Краска для волос,60 мл
8683105620902,Lilafix,Краска для волос,60 мл
8683105620919,Lilafix,Краска для волос,60 мл
8683105620926,Lilafix,Краска для волос,60 мл
8683105620933,Lilafix,Краска для волос,60 мл
8683105620940,Lilafix,Краска для волос,60 мл
8683105620957,Lilafix,Краска для волос,60 мл
8683105620964,Lilafix,Краска для волос,60 мл
8683105620971,Lilafix,Краска для волос,60 мл
8683105621268,Sea Color,Краска для волос,100 мл
8683105621831,Maxx Deluxe,Краска для волос,
8683105621848,Maxx Deluxe,Краска для волос,
8683105621855,Maxx Deluxe,Краска для волос,
8683105621862,Maxx Deluxe,Краска для волос,
8683105621879,Maxx Deluxe,Краска для волос,
8683105621886,Maxx Deluxe,Краска для волос,
8683105621909,Maxx Deluxe,Краска для волос,110 мл
8683105621916,Maxx Deluxe,Краска для волос,
8683105621923,Maxx Deluxe,Краска для волос,
8683105621930,Maxx Deluxe,Краска для волос,
8683105621947,Maxx Deluxe,Краска для волос,
8683105621954,Maxx Deluxe,Краска для волос,110 мл
8683105621961,Maxx Deluxe,Краска для волос,
8683105621978,Maxx Deluxe,Краска для волос,
8683105622005,Maxx Deluxe,Краска для волос,257 мл
8683105622043,Maxx Deluxe,Краска для волос,110 мл
8683105622050,Maxx Deluxe,Краска для волос,
8683105622067,Maxx Deluxe,Краска для волос,110 мл
8683105622081,Maxx Deluxe,Краска для волос,
8683105622098,Maxx Deluxe,Краска для волос,110 мл
8683105622104,Maxx Deluxe,Краска для волос,
8683105622128,Maxx Deluxe,Краска для волос,110 мл
8683105622135,Maxx Deluxe,Краска для волос,257 мл
8683105622333,Sea Color,Краска для волос,185 мл
8683105622449,Sea Color,Краска для волос,185 мл
8683130075104,Clear,Шампунь,180 мл
8683130075111,Clear,Шампунь,180 мл
8683130075333,Clear,Шампунь,
8683175733007,Luvit,Сыворотки и эликсиры,30 мл
8683175733021,Luvit,Крем для лица,50 мл
8683175733038,Luvit,Сыворотки и эликсиры,30 мл
8683175733045,Luvit,"Тоник, лосьон для лица",200 мл
8683175733069,Luvit,Сыворотки и эликсиры,30 мл
8683175733076,Luvit,"Тоник, лосьон для лица",200 мл
8683175733106,Luvit,Солнцезащитные средства,50 мл
8683175733113,Luvit,Гель для умывания,200 мл
8683175733120,Luvit,Гель для умывания,200 мл
8683175733137,Luvit,Гель для умывания,200 мл
8683175733311,Luvit,Сыворотки и эликсиры,30 мл
8683175733328,Luvit,Сыворотки и эликсиры,30 мл
8683175733335,Luvit,"Тоник, лосьон для лица",200 мл
8683175733373,Luvit,Крем для кожи вокруг глаз,15 мл
8683175733380,Luvit,Крем для кожи вокруг глаз,15 мл
8683255220410,Pierra,Маска для волос,500 мл
8683348001070,AGIVA,Шампунь,150 мл
8683348003852,AGIVA,"Лосьон, спрей, сыворотка для волос",400 мл
8683348003869,AGIVA,Маска для волос,400 мл
8683348003890,Agiva,"Лосьон, спрей, сыворотка для волос",400 мл
8683348003920,AGIVA,Масло и крем для волос,100 мл
8683348003975,AGIVA,Маска для волос,300 мл
8683489700054,Miss2m,Компактная пудра,
8683489700061,Miss2m,Компактная пудра,
8683489700078,Miss2m,Компактная пудра,
8683489700085,Miss2m,Компактная пудра,
8683489700146,Miss2m,Тушь для ресниц,
8683489700399,Miss2m,"Подводка, лайнер для глаз",
8683489700559,Miss2m,Лак для ногтей,
8683489700566,Miss2m,Лак для ногтей,
8683489700573,Miss2m,Лак для ногтей,
8683489700580,Miss2m,Лак для ногтей,
8683489700597,Miss2m,Лак для ногтей,
8683489700627,Miss2m,Лак для ногтей,
8683489700634,Miss2m,Лак для ногтей,
8683489700689,Miss2m,Лак для ногтей,
8683489700702,Miss2m,Лак для ногтей,
8683489700719,Miss2m,Лак для ногтей,
8683489700733,Miss2m,Лак для ногтей,
8683489700740,Miss2m,Лак для ногтей,
8683489700917,Miss2m,Лак для ногтей,
8683489700931,Miss2m,Лак для ногтей,
8683489700948,Miss2m,Лак для ногтей,
8683489700962,Miss2m,Лак для ногтей,
8683489700993,Miss2m,Лак для ногтей,
8683489701129,Miss2m,Карандаш для губ,
8683489701136,Miss2m,Карандаш для губ,
8683489701143,Miss2m,Карандаш для губ,
8683489701150,Miss2m,Карандаш для губ,
8683489701167,Miss2m,Карандаш для губ,
8683489701174,Miss2m,Карандаш для губ,
8683489701181,Miss2m,Карандаш для губ,
8683489701211,Miss2m,Карандаш для губ,
8683489701228,Miss2m,Карандаш для губ,
8683489701235,Miss2m,Карандаши для бровей,
8683489701242,Miss2m,Карандаши для бровей,
8683489701259,Miss2m,Карандаши для бровей,
8683489701976,Miss2m,Жидкая помада,
8683489701983,Miss2m,Жидкая помада,
8683489702089,Miss2m,Тушь для ресниц,
8683489702096,Miss2m,Тушь для ресниц,
8683489702201,Miss2m,База под макияж,30 мл
8683489702256,Miss2m,Рассыпчатая пудра,15 г
8683489702300,Miss2m,Тональная основа,30 мл
8683489702317,Miss2m,Тональная основа,30 мл
8683489702324,Miss2m,Тональная основа,30 мл
8683489702331,Miss2m,Тональная основа,30 мл
8683489702492,Miss2m,Румяна,
8683489702515,Miss2m,Румяна,
8683489702539,Miss2m,Румяна,
8683489702614,Miss2m,Румяна,
8683489702690,Miss2m,Румяна,
8683489702713,Miss2m,Румяна,
8683489702720,Miss2m,Румяна,
8683489702768,Miss2m,Жидкая помада,
8683489702805,Miss2m,Жидкая помада,
8683489702973,Miss2m,Тональная основа,30 мл
8683489702997,Miss2m,Жидкая помада,
8683489703062,Miss2m,Жидкая помада,6 мл
8683489704106,Miss2m,Тональная основа,
8683489704281,Miss2m,"Хайлайтер, скульптор",
8683489704298,Miss2m,"Хайлайтер, скульптор",
8683489704588,Miss2m,Тональная основа,
8683489704595,Miss2m,Тональная основа,
8683489704601,Miss2m,Тональная основа,
8683489704779,Miss2m,Блеск для губ,
8683489704786,Miss2m,Блеск для губ,
8683489704793,Miss2m,Блеск для губ,
8683489704809,Miss2m,Блеск для губ,
8683860161009,S'glam,BB и CC крем,
8683860161054,No Brand,Жидкая помада,
8683860161061,No Brand,Жидкая помада,
8683860161696,No Brand,Тональная основа,
8683860161702,1,Тональная основа,
8683962200033,Neverti,"Крем-пудра, кушон",
8683962200095,Neverti,"Крем-пудра, кушон",9 г
8683962200101,Neverti,"Крем-пудра, кушон",
8683962200125,Neverti,"Крем-пудра, кушон",
8683962200132,Neverti,"Крем-пудра, кушон",
8683962200149,Neverti,"Крем-пудра, кушон",
8683962200156,Neverti,"Крем-пудра, кушон",
8683962200163,Neverti,Румяна,
8683962200170,Neverti,Румяна,
8683962200187,Neverti,Румяна,
8683962200194,Neverti,Румяна,
8683962200200,Neverti,Румяна,
8683962200217,Neverti,Румяна,
8683962200224,Neverti,"Хайлайтер, скульптор",
8683962200231,Neverti,"Хайлайтер, скульптор",
8683962200262,Neverti,База под макияж,32 мл
8683962200279,Neverti,Тональная основа,
8683962200286,Neverti,Тональная основа,32 мл
8683962200293,Neverti,Тональная основа,
8683962200309,Neverti,Тональная основа,32 мл
8683962200316,Neverti,Тональная основа,
8683962200323,Neverti,Тональная основа,
8683962200330,Neverti,Тональная основа,32 мл
8683962200347,Neverti,Тональная основа,32 мл
8683962200354,Neverti,Тональная основа,
8683962200361,Neverti,Тональная основа,
8683962200378,Neverti,Тональная основа,
8683962200385,Neverti,Тональная основа,
8683962200415,Neverti,"Корректор, консилер для лица",10 мл
8683962200422,Neverti,"Корректор, консилер для лица",
8683962200439,Neverti,Тональная основа,30 мл
8683962200446,Neverti,"Корректор, консилер для лица",
8683962200705,Neverti,Помада,
8683962200880,Neverti,Блеск для губ,
8683962200897,Neverti,Блеск для губ,
8683962200903,Neverti,Блеск для губ,
8683962200910,Neverti,Блеск для губ,4 мл
8683962200927,Neverti,Блеск для губ,
8683962200934,Neverti,Блеск для губ,4 мл
8683962200941,Neverti,Блеск для губ,
8683962200958,Neverti,Блеск для губ,4 мл
8683962200965,Neverti,Жидкая помада,
8683962200972,Neverti,Жидкая помада,4.5 мл
8683962200996,Neverti,Жидкая помада,
8683962201009,Neverti,Жидкая помада,4.5 мл
8683962201016,Neverti,Жидкая помада,4.5 г
8683962201023,Neverti,Жидкая помада,
8683962201030,Neverti,Жидкая помада,
8683962201047,Neverti,Жидкая помада,
8683962201054,Neverti,Жидкая помада,
8683962201061,Neverti,Жидкая помада,
8683962201078,Neverti,Жидкая помада,
8683962202174,Neverti,Карандаш для глаз,
8683962202181,Neverti,Карандаш для глаз,
8683962202198,Neverti,"Подводка, лайнер для глаз",
8683962202204,Neverti,Окрашивание бровей и ресниц,
8683962202211,Neverti,Карандаши для бровей,
8683962202228,NEVERTI,Карандаш для губ,
8683962202235,NEVERTI,Карандаш для губ,
8683962202242,NEVERTI,Карандаш для губ,
8683962202259,NEVERTI,Карандаш для губ,
8683962202266,NEVERTI,Карандаш для губ,
8683962202280,NEVERTI,Карандаш для губ,
8683962202297,NEVERTI,Карандаш для губ,
8683962202310,NEVERTI,Карандаш для губ,
8683962202358,Neverti,"Подводка, лайнер для глаз",4.5 мл
8683962202365,Neverti,"Подводка, лайнер для глаз",
8683962202587,Neverti,"Хайлайтер, скульптор",
8683962202594,Neverti,"Хайлайтер, скульптор",
8683962202600,Neverti,"Хайлайтер, скульптор",
8683962202648,Neverti,Тушь для ресниц,
8683962202655,Neverti,Тушь для ресниц,
8683962202815,Neverti,Кисти для макияжа,
8683962202822,Neverti,Кисти для макияжа,
8683962202839,Neverti,Кисти для макияжа,
8683962202846,Neverti,Кисти для макияжа,
8683962202884,Neverti,Кисти для макияжа,
8683962202891,Neverti,Кисти для макияжа,
8683962202907,Neverti,Кисти для макияжа,
8683962202914,Neverti,Кисти для макияжа,
8683962202921,Neverti,Кисти для макияжа,
8683962202938,Neverti,Кисти для макияжа,
8683962202945,Neverti,Кисти для макияжа,
8683962202952,Neverti,Кисти для макияжа,
8683962202976,Neverti,"Крем-пудра, кушон",
8683962202983,Neverti,"Крем-пудра, кушон",9 г
8683962202990,Neverti,"Крем-пудра, кушон",
8683962203003,Neverti,"Крем-пудра, кушон",
8683962203010,Neverti,Румяна,
8683962203034,Neverti,"Хайлайтер, скульптор",
8683962203041,Neverti,"Хайлайтер, скульптор",
8683962203294,Neverti,Тональная основа,
8683962203300,Neverti,Тональная основа,
8683962203317,Neverti,Тональная основа,
8683962203324,Neverti,Тональная основа,
8683962203379,Neverti,Тональная основа,
8683962203386,Neverti,"Корректор, консилер для лица",
8683962203416,Neverti,Тональная основа,
8683962203423,Neverti,Тональная основа,
8683962203430,Neverti,Тональная основа,
8683962203447,Neverti,Тональная основа,
8683962203614,Neverti,Рассыпчатая пудра,13 г
8683962203621,Neverti,Рассыпчатая пудра,
8683962203690,Neverti,"Хайлайтер, скульптор",
8683962203713,Neverti,"Хайлайтер, скульптор",
8683962203850,Neverti,"Хайлайтер, скульптор",
8683962203867,Neverti,"Хайлайтер, скульптор",
8683962203898,Neverti,Гель для бровей,
8683962203904,Neverti,Гель для бровей,
8683962203911,Neverti,Гель для бровей,
8683962203928,Neverti,Гель для бровей,
8683962203966,Neverti,Тональная основа,
8683962203973,Neverti,Тональная основа,
8683962203980,Neverti,Тональная основа,30 мл
8683962203997,Neverti,Тональная основа,30 мл
8683962204000,Neverti,Тональная основа,
8683962204017,Neverti,Тональная основа,
8683962204161,Neverti,Румяна,
8683962204178,Neverti,Румяна,
8683962204185,Neverti,Румяна,
8683962204192,Neverti,Румяна,
8683962204208,Neverti,Румяна,
8683962204215,Neverti,Румяна,
8683962204796,Neverti,База под макияж,32 мл
8684083320631,The Purest Solutions,Сыворотки и эликсиры,30 мл
8684083320808,The Purest Solutions,Тонер для лица,200 мл
8684149498007,Known,Сыворотки и эликсиры,30 мл
8684149498014,Known,Сыворотки и эликсиры,30 мл
8684149498021,Known,Сыворотки и эликсиры,30 мл
8684149498038,Known,Сыворотки и эликсиры,30 мл
8684149498045,Known,"Тоник, лосьон для лица",200 мл
8684149498052,Known,"Тоник, лосьон для лица",200 мл
8684149498069,Known,"Тоник, лосьон для лица",200 мл
8684149498076,Known,"Тоник, лосьон для лица",200 мл
8684149498083,Known,Гель для умывания,250 мл
8684149498090,Known,Гель для умывания,250 мл
8684149498113,Known,Гель для умывания,250 мл
8684149498151,Known,Крем для лица,50 мл
8684149498168,Known,Сыворотки и эликсиры,30 мл
8684149498175,Known,Солнцезащитные средства,50 мл
8684149498199,Known,"Лосьон, спрей, сыворотка для волос",100 мл
8684149498205,Known,Бальзам для губ,15 г
8684149498212,Known,Солнцезащитные средства,50 мл
8684149498229,Known,Солнцезащитные средства,50 мл
8684149498236,Known,Косметические масла,100 мл
8684149498243,Known,"Скраб, пилинг для тела",250 мл
8684149498267,Known,Солнцезащитные средства,18 г
8684149498274,Known,Тканевые маски,21 мл
8684149498281,Known,Тканевые маски,21 мл
8684149498298,Known,Тканевые маски,21 мл
8684149498311,Known,Крем для лица,50 мл
8684149498359,Known,"Тоник, лосьон для лица",200 мл
8684149498373,Known,Шампунь,400 мл
8684149498380,Known,Шампунь,400 мл
8684149498397,Known,Маски-пленки,50 мл
8684149498403,Radella’S Hidden,"Крем, молочко и лосьон для тела",250 мл
8684149498410,Radella’S Hidden,"Крем, молочко и лосьон для тела",250 мл
8684149498427,Radella’S Hidden,"Крем, молочко и лосьон для тела",250 мл
8684149498434,Radella’S Hidden,"Крем, молочко и лосьон для тела",250 мл
8684149498441,Radella’S Hidden,"Крем, молочко и лосьон для тела",250 мл
8684149498458,Radella’S Hidden,Спрей для тела,250 мл
8684149498465,Radella’S Hidden,Спрей для тела,250 мл
8684149498472,Radella’S Hidden,Спрей для тела,250 мл
8684149498489,Radella’S Hidden,Спрей для тела,250 мл
8684149498502,Known,"Лосьон, спрей, сыворотка для волос",150 мл
8684190750314,Panorama Professional,"Бальзам, кондиционер, ополаскиватель",400 мл
8684190750321,Panorama Professional,Масло и крем для волос,100 мл
8684190750338,Panorama Professional,"Лосьон, спрей, сыворотка для волос",400 мл
8684190750345,Panorama Professional,Масло и крем для волос,100 мл
8684190750376,Panorama Professional,Шампунь,400 мл
8684190750383,Panorama Professional,Масло и крем для волос,400 мл
8684190750390,Panorama Professional,Шампунь,400 мл
8684190750413,Panorama Professional,Масло и крем для волос,400 мл
8684190750420,Panorama Professional,Мусс и пена для волос,200 мл
8684190750437,Panorama Professional,Мусс и пена для волос,200 мл
8684190750444,Panorama Professional,Мусс и пена для волос,200 мл
8684190750543,Panorama Professional,Шампунь,400 мл
8684190750550,Panorama Professional,Масло и крем для волос,400 мл
8684190750567,Panorama Professional,"Лосьон, спрей, сыворотка для волос",200 мл
8684190751632,Panorama Professional,Сухой шампунь,200 мл
8684190751649,Panorama Professional,Сухой шампунь,200 мл
8684190751656,Panorama Professional,Сухой шампунь,200 мл
8684190752677,Panorama Professional,"Лосьон, спрей, сыворотка для волос",100 мл
8684190752684,Panorama Professional,"Лосьон, спрей, сыворотка для волос",100 мл
8684190752691,Panorama Professional,"Лосьон, спрей, сыворотка для волос",100 мл
8684225234079,Ashley Joy,Маска для волос,200 мл
8684225891999,Beany,Уход за кожей рук,75 мл
8684225892248,Beany,"Скраб, пилинг для тела",200 мл
8684225892255,Beany,Гель для душа,400 мл
8684225892262,Beany,Жидкое мыло,400 мл
8684225892286,Beany,Туалетное мыло,120 г
8684225892323,Beany,"Скраб, пилинг для тела",200 мл
8684225892330,Beany,Гель для душа,
8684225892347,Beany,Жидкое мыло,400 мл
8684225892385,Beany,Уход за кожей рук,75 мл
8684225892408,Beany,"Скраб, пилинг для тела",200 мл
8684225892415,Beany,Гель для душа,400 мл
8684225892422,Beany,Жидкое мыло,400 мл
8684225892446,Beany,Туалетное мыло,120 г
8684225892460,Beany,Уход за кожей рук,75 мл
8684225892484,Beany,"Скраб, пилинг для тела",200 мл
8684225892507,Beany,Жидкое мыло,400 мл
8684225892545,Beany,Уход за кожей рук,75 мл
8684225892798,Beany,"Крем, молочко и лосьон для тела",250 мл
8684225892804,Beany,"Крем, молочко и лосьон для тела",250 мл
8684225892811,Beany,"Крем, молочко и лосьон для тела",250 мл
8684225892828,Beany,"Крем, молочко и лосьон для тела",250 мл
8684254000379,Hunca,"Парфюмерия, парфюмерные наборы",50 мл
8684254000423,Hunca,"Парфюмерия, парфюмерные наборы",50 мл
8684266577012,Tereson,"Дезодорант, антиперспирант",50 мл
8690057008276,Keyra Cosmetics,Краска для волос,
8690057008283,Keyra Cosmetics,Краска для волос,
8690506090029,Arko,Косметика для бритья,200 мл
8690506090043,Arko,Косметика для бритья,200 мл
8690506094126,Arko,Косметика после бритья,65 мл
8690506094515,Arko,Косметика для бритья,65 мл
8690506418182,Arko,Косметика после бритья,50 мл
8690506439286,Arko,Косметика для бритья,
8690506473648,Emotion,"Дезодорант, антиперспирант",150 мл
8690506477257,Arko,Косметика для бритья,200 мл
8690506487980,Arko,"Крем, молочко и лосьон для тела",60 мл
8690506487997,Arko,"Крем, молочко и лосьон для тела",250 мл
8690506492069,Arko,"Крем, молочко и лосьон для тела",250 мл
8690506492083,Arko,"Крем, молочко и лосьон для тела",250 мл
8690506494131,Emotion,"Дезодорант, антиперспирант",150 мл
8690506506933,Arko,"Крем, молочко и лосьон для тела",250 мл
8690506507398,Arko,"Крем, молочко и лосьон для тела",60 мл
8690506511739,Emotion,"Дезодорант, антиперспирант",100 мл
8690506512033,Arko,Косметика для бритья,200 мл
8690506520045,Arko,"Крем, молочко и лосьон для тела",250 мл
8690506520083,Arko,"Крем, молочко и лосьон для тела",60 мл
8690506520090,Arko,"Крем, молочко и лосьон для тела",250 мл
8690506525927,Arko,Косметика для бритья,200 мл
8690506541170,Blade,"Дезодорант, антиперспирант",50 мл
8690506541187,Blade,"Дезодорант, антиперспирант",50 мл
8690506541194,Blade,"Дезодорант, антиперспирант",50 мл
8690506541200,Blade,"Дезодорант, антиперспирант",50 мл
8690506541217,Blade,"Дезодорант, антиперспирант",50 мл
8690506556433,Blade,"Дезодорант, антиперспирант",150 мл
8690586016995,Emotion,"Дезодорант, антиперспирант",150 мл
8690586018333,Emotion,"Дезодорант, антиперспирант",50 мл
8690586018340,Emotion,"Дезодорант, антиперспирант",50 мл
8690586018364,Emotion,"Дезодорант, антиперспирант",50 мл
8690586018593,Emotion,"Дезодорант, антиперспирант",150 мл
8690586018685,Blade,"Дезодорант, антиперспирант",150 мл
8690586018692,Blade,"Дезодорант, антиперспирант",150 мл
8690586018708,Blade,"Дезодорант, антиперспирант",150 мл
8690586018715,Blade,"Дезодорант, антиперспирант",150 мл
8690586018722,Blade,"Дезодорант, антиперспирант",150 мл
8690586018739,Blade,"Дезодорант, антиперспирант",150 мл
8690586018814,Emotion,"Дезодорант, антиперспирант",150 мл
8690586020664,Blade,"Дезодорант, антиперспирант",150 мл
8690586257602,Emotion,"Дезодорант, антиперспирант",150 мл
8690586301671,Emotion,"Дезодорант, антиперспирант",150 мл
8690604044894,Flormar,"Корректор, консилер для лица",
8690604044955,Flormar,"Корректор, консилер для лица",
8690604054664,Flormar,Помада,
8690604096992,Flormar,Карандаш для глаз,1.14 г
8690604109012,Flormar,Карандаш для глаз,1.14 г
8690604109029,Flormar,Карандаш для глаз,
8690604109036,Flormar,Карандаш для глаз,1.14 г
8690604109050,Flormar,Карандаш для глаз,
8690604109067,Flormar,Карандаш для глаз,
8690604109135,Flormar,Карандаш для глаз,1.14 г
8690604109418,Flormar,Карандаши для бровей,
8690604109425,Flormar,Карандаши для бровей,
8690604109432,Flormar,Карандаши для бровей,
8690604109449,Flormar,Карандаши для бровей,
8690604109609,Flormar,"Подводка, лайнер для глаз",
8690604111015,Flormar,Карандаш для губ,1.14 г
8690604111022,Flormar,Карандаш для губ,1.14 г
8690604111039,Flormar,Карандаш для губ,1.14 г
8690604111053,Flormar,Карандаш для губ,1.14 г
8690604111114,Flormar,Карандаш для губ,1.14 г
8690604111176,Flormar,Карандаш для губ,1.14 г
8690604111190,Flormar,Карандаш для губ,1.14 г
8690604111299,Flormar,Карандаш для губ,1.14 г
8690604111312,Flormar,Карандаш для губ,1.14 г
8690604127658,Flormar,Карандаш для губ,1.14 г
8690604138128,Flormar,Карандаш для глаз,1.14 г
8690604190485,Flormar,Карандаш для глаз,5.74 г
8690604190522,Flormar,Карандаш для глаз,5.74 г
8690604190546,Flormar,Карандаш для глаз,5.74 г
8690604190553,Flormar,Карандаш для глаз,5.74 г
8690604254514,Flormar,Карандаш для глаз,
8690604254538,Flormar,Карандаш для глаз,1.14 г
8690604254545,Flormar,Карандаш для глаз,
8690604275588,Flormar,Тушь для ресниц,8 мл
8690604278701,Flormar,Карандаши для бровей,
8690604330003,Flormar,"Подводка, лайнер для глаз",
8690604392094,Flormar,Карандаш для губ,
8690604397341,Flormar,Жидкая помада,4.5 мл
8690604397358,Flormar,Жидкая помада,4.5 мл
8690604478507,Flormar,"Подводка, лайнер для глаз",1 мл
8690604497089,Flormar,Карандаш для губ,0.35 г
8690604518579,Flormar,Помада,4 г
8690604518586,Flormar,Помада,4 г
8690604518609,Flormar,Помада,4 г
8690604518708,Flormar,Помада,4 г
8690604525850,Flormar,Тени для бровей,4 г
8690604532292,Flormar,"Подводка, лайнер для глаз",
8690604535385,Flormar,BB и CC крем,35 мл
8690604535392,Flormar,BB и CC крем,35 мл
8690604535408,Flormar,BB и CC крем,35 мл
8690604535422,Flormar,BB и CC крем,35 мл
8690604536481,Flormar,"Подводка, лайнер для глаз",
8690604536498,Flormar,"Подводка, лайнер для глаз",2.5 мл
8690604547210,Flormar,Карандаш для глаз,5.74 г
8690604547227,Flormar,Карандаш для глаз,
8690604547234,Flormar,Карандаш для глаз,
8690604547241,Flormar,Карандаш для глаз,
8690604554867,Flormar,"Корректор, консилер для лица",10 г
8690604554874,Flormar,"Корректор, консилер для лица",10 г
8690604554935,Flormar,"Хайлайтер, скульптор",10 г
8690604554942,Flormar,"Хайлайтер, скульптор",10 г
8690604555369,Flormar,Бальзам для губ,3 г
8690604555376,Flormar,Бальзам для губ,3 г
8690604555383,Flormar,Бальзам для губ,3 г
8690604555390,Flormar,Бальзам для губ,3 г
8690604555406,Flormar,Бальзам для губ,3 г
8690604558056,Flormar,"Корректор, консилер для лица",
8690604558063,Flormar,"Корректор, консилер для лица",
8690604558070,Flormar,"Корректор, консилер для лица",
8690604567478,Flormar,Карандаш для губ,
8690604567485,Flormar,Карандаш для губ,
8690604567492,Flormar,Карандаш для губ,
8690604567508,Flormar,Карандаш для губ,1.14 г
8690604567515,Flormar,Карандаш для губ,1.14 г
8690604567522,Flormar,Карандаш для губ,
8690604567546,Flormar,Карандаш для губ,1.14 г
8690604567553,Flormar,Карандаш для губ,
8690604567577,Flormar,Карандаш для губ,
8690604567584,Flormar,Карандаш для губ,
8690604567591,Flormar,Карандаш для губ,
8690604567607,Flormar,Карандаш для губ,
8690604572106,Flormar,Карандаши для бровей,
8690604589951,Flormar,Карандаш для губ,1.14 г
8690604620401,Flormar,Карандаши для бровей,
8690604620425,Flormar,Карандаши для бровей,
8690604648719,Flormar,Помада,4 г
8690604658930,Flormar,Карандаш для губ,0.35 г
8690605031404,Dalin,Детское мыло,
8690605062613,Dalin,Детский шампунь и кондиционер,500 мл
8690605062767,Dalin,Детское мыло,100 г
8690605065492,Dalin,Детское мыло,200 мл
8690605065522,Dalin,Детское мыло,200 мл
8690605066215,Dalin,"Детский крем, молочко, масло",300 мл
8690605066987,Dalin,Детский шампунь и кондиционер,200 мл
8690644001048,Pastel,Лак для ногтей,13 мл
8690644001123,Pastel,Лак для ногтей,13 мл
8690644001277,Pastel,Лак для ногтей,13 мл
8690644001284,Pastel,Лак для ногтей,
8690644001390,Pastel,Лак для ногтей,13 мл
8690644001420,Pastel,Лак для ногтей,13 мл
8690644001475,Pastel,Лак для ногтей,13 мл
8690644001499,Pastel,Лак для ногтей,13 мл
8690644001994,,Лак для ногтей,
8690644003202,Pastel,"Хайлайтер, скульптор",8 г
8690644003219,Pastel,"Хайлайтер, скульптор",8 г
8690644003226,Pastel,"Хайлайтер, скульптор",8 г
8690644007217,Pastel,Компактная пудра,11 г
8690644007248,Pastel,Компактная пудра,11 г
8690644007262,Pastel,Компактная пудра,11 г
8690644007279,Pastel,Компактная пудра,11 г
8690644009013,Show by Pastel,Карандаш для глаз,
8690644009266,Pastel,Карандаш для глаз,
8690644009518,Pastel,Карандаш для губ,1.14 г
8690644009525,Show by Pastel,Карандаш для губ,
8690644009532,Show by Pastel,Карандаш для губ,1.14 г
8690644009556,Show by Pastel,Карандаш для губ,1.14 г
8690644009563,Show by Pastel,Карандаш для губ,1.14 г
8690644009570,Show by Pastel,Карандаш для губ,1.14 г
8690644009594,Show by Pastel,Карандаш для губ,
8690644009600,Show by Pastel,Карандаш для губ,1.14 г
8690644009617,Pastel,Карандаш для губ,
8690644009648,Show by Pastel,Карандаш для губ,
8690644009655,Show by Pastel,Карандаш для губ,
8690644010224,Pastel,Тушь для бровей,
8690644010231,Pastel,Тушь для бровей,
8690644010248,Pastel,Тушь для бровей,
8690644010408,Pastel,Тени для бровей,4 г
8690644010415,Pastel,Тени для бровей,4 г
8690644010422,Pastel,Тени для бровей,4 г
8690644010538,Pastel,"Подводка, лайнер для глаз",
8690644010651,Pastel,"Хайлайтер, скульптор",15 мл
8690644010668,Pastel,"Хайлайтер, скульптор",
8690644011030,Pastel,Лак для ногтей,
8690644011108,Pastel,Лак для ногтей,13 мл
8690644011153,Pastel,Лак для ногтей,13 мл
8690644011191,Pastel,Лак для ногтей,13 мл
8690644011306,Pastel,Лак для ногтей,13 мл
8690644011375,Pastel,Лак для ногтей,13 мл
8690644011382,Pastel,Лак для ногтей,13 мл
8690644011399,No Brand,Лак для ногтей,
8690644011436,Pastel,Лак для ногтей,
8690644011443,Pastel,Лак для ногтей,13 мл
8690644011757,Pastel,Лак для ногтей,13 мл
8690644011801,Pastel,Лак для ногтей,13 мл
8690644011887,Pastel,Лак для ногтей,13 мл
8690644017759,Pastel,Тени для век,
8690644017780,Pastel,Тени для век,3 г
8690644017797,Pastel,Тени для век,3 г
8690644017810,Pastel,Тени для век,
8690644017827,Pastel,Тени для век,3 г
8690644017834,Pastel,Тени для век,3 г
8690644017858,Pastel,Тени для век,3 г
8690644017872,Pastel,Тени для век,3 г
8690644017896,Pastel,Тени для век,3 г
8690644017902,Pastel,Тени для век,3 г
8690644019135,Pastel,База под макияж,20 мл
8690644019180,Pastel,Тушь для ресниц,10 мл
8690644019395,Pastel,Тушь для ресниц,12 мл
8690644019418,Pastel,Тушь для ресниц,12 мл
8690644020018,Pastel,"Подводка, лайнер для глаз",4.62 г
8690644023651,Pastel,Карандаши для бровей,0.35 г
8690644025112,Pastel,"Корректор, консилер для лица",7 мл
8690644025129,Pastel,"Корректор, консилер для лица",7 мл
8690644025136,Pastel,"Корректор, консилер для лица",7 мл
8690644025143,Pastel,"Корректор, консилер для лица",7 мл
8690644030710,Pastel,Компактная пудра,11 г
8690644032516,Pastel,Бронзер,6.5 г
8690644032523,Pastel,Бронзер,6.5 г
8690644033209,Pastel,Карандаш для глаз,1.2 г
8690644033308,Pastel,Карандаш для глаз,
8690644033322,Pastel,Карандаш для глаз,
8690644033346,Pastel,Карандаш для глаз,1.2 г
8690644033360,Pastel,Карандаш для глаз,
8690644033391,Pastel,Карандаш для глаз,
8690644077517,Pastel,Лак для ногтей,13 мл
8690644077524,Pastel,Лак для ногтей,13 мл
8690644077555,Pastel,Лак для ногтей,13 мл
8690644077562,Pastel,Лак для ногтей,13 мл
8690644077579,Pastel,Лак для ногтей,13 мл
8690644077593,Pastel,Лак для ногтей,
8690644077609,Pastel,Лак для ногтей,13 мл
8690644077616,Pastel,Лак для ногтей,
8690644077623,Pastel,Лак для ногтей,13 мл
8690644077692,Pastel,Лак для ногтей,13 мл
8690644077708,Pastel,Лак для ногтей,13 мл
8690644077715,Pastel,Лак для ногтей,13 мл
8690644101014,Pastel,Компактная пудра,9.3 г
8690644101021,Show by Pastel,Компактная пудра,9.3 г
8690644101038,Show by Pastel,Компактная пудра,9.3 г
8690644101045,Show by Pastel,Компактная пудра,9.3 г
8690644102011,Pastel,Румяна,
8690644102028,Show by Pastel,Румяна,
8690644102035,Show by Pastel,Румяна,
8690644102042,Show by Pastel,Румяна,
8690644102059,Show by Pastel,Румяна,
8690644102066,Pastel,Румяна,
8690644102073,Show by Pastel,Румяна,
8690644102080,Show by Pastel,Румяна,
8690644104411,Pastel,Румяна,
8690644104428,Show by Pastel,Румяна,
8690644104619,Show by Pastel,Тени для век,
8690644104626,Show by Pastel,Тени для век,
8690644104640,Show by Pastel,Тени для век,17 г
8690644104657,Pastel,Тени для век,17 г
8690644141027,Pastel,Тинт для губ,9.6 мл
8690644143090,Pastel,Жидкая помада,7 мл
8690644143151,Pastel,Жидкая помада,
8690644143205,Pastel,Жидкая помада,7 мл
8690644143274,Pastel,Помада,7 мл
8690644143298,Pastel,Жидкая помада,
8690644143304,Pastel,Жидкая помада,7 мл
8690644143311,Pastel,Жидкая помада,7 мл
8690644143366,Pastel,Жидкая помада,7 мл
8690644143373,Pastel,Жидкая помада,7 мл
8690644143380,Pastel,Жидкая помада,7 мл
8690644143397,Pastel,Жидкая помада,7 мл
8690644143403,Pastel,Жидкая помада,7 мл
8690644143427,Pastel,Жидкая помада,
8690644143434,Pastel,Жидкая помада,7 мл
8690644143441,Pastel,Жидкая помада,7 мл
8690644143458,Pastel,Жидкая помада,7 мл
8690644143465,Pastel,Жидкая помада,7 мл
8690644143472,Pastel,Жидкая помада,7 мл
8690644143489,Pastel,Жидкая помада,7 мл
8690644143496,Pastel,Жидкая помада,7 мл
8690644143502,Pastel,Жидкая помада,7 мл
8690644143519,Pastel,Жидкая помада,7 мл
8690644147210,Pastel,Блеск для губ,5.3 мл
8690644147234,Pastel,Блеск для губ,5.3 мл
8690644147241,Pastel,Блеск для губ,
8690644194009,Pastel,Тушь для ресниц,13.5 мл
8690644233104,Pastel,Карандаш для глаз,
8690644242267,,Лак для ногтей,
8690644242281,Pastel,Лак для ногтей,13 мл
8690644242298,Pastel,Лак для ногтей,13 мл
8690644242304,Pastel,Лак для ногтей,13 мл
8690644242335,Pastel,Лак для ногтей,13 мл
8690644242373,Pastel,Лак для ногтей,13 мл
8690644242427,Pastel,Лак для ногтей,13 мл
8690644242434,Pastel,Лак для ногтей,13 мл
8690644242465,Pastel,Лак для ногтей,13 мл
8690644242472,Pastel,Лак для ногтей,13 мл
8690644242519,Pastel,Лак для ногтей,13 мл
8690644242533,Pastel,Лак для ногтей,13 мл
8690644242571,Pastel,Лак для ногтей,13 мл
8690644242618,Pastel,Лак для ногтей,
8690644242649,Pastel,Лак для ногтей,13 мл
8690644242663,Pastel,Лак для ногтей,13 мл
8690644242694,Pastel,Лак для ногтей,13 мл
8690644242779,Pastel,Лак для ногтей,13 мл
8690644242892,Pastel,Лак для ногтей,13 мл
8690644242922,Pastel,Лак для ногтей,13 мл
8690644242991,Pastel,Лак для ногтей,13 мл
8690644243103,Pastel,Лак для ногтей,13 мл
8690644243110,Pastel,Лак для ногтей,13 мл
8690644243127,Pastel,Лак для ногтей,13 мл
8690644243158,Pastel,Лак для ногтей,13 мл
8690644243165,Pastel,Лак для ногтей,13 мл
8690644243363,Pastel,Лак для ногтей,13 мл
8690644243394,Pastel,Лак для ногтей,13 мл
8690644243400,Pastel,Лак для ногтей,13 мл
8690644243424,Pastel,Лак для ногтей,
8690644243585,Pastel,Лак для ногтей,13 мл
8690644243608,Pastel,Лак для ногтей,13 мл
8690644243622,Pastel,Лак для ногтей,
8690644243660,Pastel,Лак для ногтей,13 мл
8690644243707,Pastel,Лак для ногтей,13 мл
8690644243714,Pastel,Лак для ногтей,13 мл
8690644243721,Pastel,Лак для ногтей,13 мл
8690644243745,Pastel,Лак для ногтей,13 мл
8690644243776,Pastel,Лак для ногтей,13 мл
8690644243820,Pastel,Лак для ногтей,13 мл
8690644246029,Pastel,Лак для ногтей,13 мл
8690644246067,Pastel,Лак для ногтей,
8690644246074,Pastel,Лак для ногтей,13 мл
8690644246098,Pastel,Лак для ногтей,
8690644246104,Pastel,Лак для ногтей,13 мл
8690644246111,Pastel,Лак для ногтей,
8690644246128,Pastel,Лак для ногтей,13 мл
8690644246159,Pastel,Лак для ногтей,13 мл
8690644246180,Pastel,Лак для ногтей,13 мл
8690644246203,Pastel,Лак для ногтей,13 мл
8690644246210,Pastel,Лак для ногтей,13 мл
8690644246234,Pastel,Лак для ногтей,13 мл
8690644246241,Pastel,Лак для ногтей,
8690644286018,Pastel,Тени для век,
8690644286025,Pastel,Тени для век,
8690644286032,Pastel,Тени для век,
8690644286049,Pastel,Тени для век,
8690644286056,Pastel,Тени для век,
8690644286063,Pastel,Тени для век,
8690644301018,Pastel,Румяна,8 г
8690644301025,Pastel,Румяна,
8690644301032,Pastel,Румяна,8 г
8690644301049,Pastel,Румяна,
8690644301056,Pastel,Румяна,
8690644301063,Pastel,Румяна,8 г
8690644301070,Pastel,Румяна,
8690644301094,Pastel,Румяна,8 г
8690644303418,Pastel,Румяна,
8690644303425,Pastel,Румяна,
8690644303432,Pastel,Румяна,5 г
8690644303449,Pastel,Румяна,
8690644303456,Pastel,Румяна,
8690644305108,Pastel,Румяна,
8690644305207,Pastel,Румяна,
8690644309106,Pastel,Рассыпчатая пудра,
8690644309113,Pastel,Рассыпчатая пудра,
8690644324017,Pastel,Палетки для макияжа,
8690644324024,Pastel,"Хайлайтер, скульптор",
8690644350016,Pastel,"Корректор, консилер для лица",4.5 г
8690644350030,Pastel,"Корректор, консилер для лица",4.5 г
8690644350047,Pastel,"Корректор, консилер для лица",4.5 г
8690644377518,Show by Pastel,Румяна,4 г
8690644377525,Show by Pastel,Румяна,4 г
8690644377532,Show by Pastel,Румяна,4 мл
8690644377549,Show by Pastel,Румяна,4 г
8690644377556,Show by Pastel,Румяна,4 г
8690644377563,Show by Pastel,Румяна,4 г
8690644377570,Show by Pastel,Румяна,4 г
8690644378300,Show by Pastel,Блеск для губ,3 мл
8690644378317,Show by Pastel,Блеск для губ,3 мл
8690644378324,Show by Pastel,Блеск для губ,3 мл
8690644378331,Show by Pastel,Блеск для губ,3 мл
8690644378348,Show by Pastel,Блеск для губ,3 мл
8690644378355,Show by Pastel,Блеск для губ,3 мл
8690644378362,Show by Pastel,Блеск для губ,3 мл
8690644378379,Show by Pastel,Блеск для губ,3 мл
8690644378386,Show by Pastel,Блеск для губ,3 мл
8690644378393,Show by Pastel,Блеск для губ,3 мл
8690644381010,Pastel,Блеск для губ,
8690644387005,Show by Pastel,Тушь для бровей,
8690644800023,Pastel,"Спонжи, губки, бьюти-блендеры",
8690644901737,Pastel,"Подводка, лайнер для глаз",5 мл
8690644903410,Pastel,Лак для ногтей,13 мл
8690644909818,Pastel,Кисти для макияжа,
8690644909825,Pastel,Кисти для макияжа,
8690644909832,Pastel,Кисти для макияжа,
8690644909849,Pastel,Кисти для макияжа,
8690644909856,Pastel,Кисти для макияжа,
8690644909863,Pastel,Кисти для макияжа,
8690644909870,Pastel,Кисти для макияжа,
8690644909887,Pastel,Кисти для макияжа,
8690973040756,Hunca,"Парфюмерия, парфюмерные наборы",50 мл
8690973050229,Hunca,"Дезодорант, антиперспирант",150 мл
8690973378835,Ashley Joy,Шампунь,400 мл
8691091035785,Lapitak,Уход за кожей ног,125 мл
8691091035853,Lapitak,Уход за кожей ног,60 мл
8691190068523,Golden Rose,"Подводка, лайнер для глаз",9 мл
8691190068653,Golden Rose,Тушь для ресниц,9.3 мл
8691190068660,Golden Rose,Тушь для ресниц,9 мл
8691190068677,Golden Rose,Тушь для ресниц,9 мл
8691190069216,Golden Rose,Тушь для ресниц,12 мл
8691190069261,Golden Rose,Тушь для ресниц,11 мл
8691190069827,No Brand,База и закрепитель для лака,11.5 мл
8691190069995,Golden Rose,Бальзам для губ,6 г
8691190070045,Golden Rose,Бальзам для губ,6 г
8691190070052,Golden Rose,Бальзам для губ,4.6 г
8691190070069,Golden Rose,Бальзам для губ,4.6 г
8691190070076,Golden Rose,Бальзам для губ,
8691190070595,Golden Rose,Тушь для ресниц,9 мл
8691190070601,Golden Rose,Тушь для ресниц,
8691190070618,Golden Rose,Тушь для ресниц,
8691190070625,Golden Rose,Тушь для ресниц,8.5 мл
8691190070687,Golden Rose,Тушь для ресниц,8 мл
8691190114213,Golden Rose,Тональная основа,
8691190114220,Golden Rose,Тональная основа,
8691190114237,Golden Rose,Тональная основа,
8691190114244,Golden Rose,Тональная основа,
8691190114275,Golden Rose,Тональная основа,
8691190114282,Golden Rose,Тональная основа,
8691190114299,Golden Rose,Тональная основа,34 г
8691190115012,Golden Rose,Компактная пудра,12 г
8691190115029,Golden Rose,Компактная пудра,12 г
8691190115036,Golden Rose,Компактная пудра,12 г
8691190115043,Golden Rose,Компактная пудра,10 г
8691190115050,Golden Rose,Компактная пудра,12 г
8691190115067,Golden Rose,Компактная пудра,12 г
8691190115074,Golden Rose,Компактная пудра,12 г
8691190115081,Golden Rose,Компактная пудра,12 г
8691190120917,Golden Rose,Лак для ногтей,6 мл
8691190121648,Golden Rose,Рассыпчатая пудра,11 г
8691190122409,Golden Rose,Тушь для ресниц,9 мл
8691190130008,Golden Rose,Блеск для губ,
8691190130039,Golden Rose,Блеск для губ,3.4 мл
8691190130046,Golden Rose,Блеск для губ,
8691190142018,Golden Rose,Карандаш для глаз,1.4 г
8691190142056,Golden Rose,Карандаш для глаз,1.4 г
8691190142261,Golden Rose,Карандаш для глаз,1.4 г
8691190198831,Golden Rose,"Подводка, лайнер для глаз",5 мл
8691190201906,Golden Rose,Точилки для карандашей,
8691190300029,Golden Rose,Бронзер,
8691190300036,Golden Rose,Бронзер,
8691190334123,Golden Rose,Тени для век,
8691190334147,Golden Rose,Тени для век,2.3 г
8691190334178,Golden Rose,Тени для век,
8691190334208,Golden Rose,Тени для век,
8691190334277,Golden Rose,Тени для век,
8691190371012,Golden Rose,Карандаши для бровей,
8691190371029,Golden Rose,Карандаши для бровей,
8691190375072,Golden Rose,Компактная пудра,12 г
8691190391010,Golden Rose,Карандаш для губ,
8691190391027,Golden Rose,Карандаш для губ,
8691190391034,Golden Rose,Карандаш для губ,
8691190391041,Golden Rose,Карандаш для губ,
8691190391058,Golden Rose,Карандаш для губ,
8691190391119,Golden Rose,Карандаш для губ,1.14 г
8691190391126,Golden Rose,Карандаш для губ,1.14 г
8691190391188,Golden Rose,Карандаш для губ,
8691190391195,Golden Rose,Карандаш для губ,1.14 г
8691190391317,Golden Rose,Карандаш для губ,1.14 г
8691190391324,Golden Rose,Карандаш для губ,1.14 г
8691190391348,Golden Rose,Карандаш для губ,
8691190440848,Golden Rose,Тушь для бровей,11 мл
8691190445034,Golden Rose,Тени для бровей,
8691190445041,Golden Rose,Тени для бровей,2.5 г
8691190445058,Golden Rose,Тени для бровей,
8691190445065,Golden Rose,Тени для бровей,2.5 г
8691190445072,Golden Rose,Тени для бровей,2.5 г
8691190466015,Golden Rose,Помада,4.2 г
8691190466022,Golden Rose,Помада,4.2 г
8691190466039,Golden Rose,Помада,4.2 г
8691190466053,Golden Rose,Помада,4.2 г
8691190466077,Golden Rose,Помада,4.2 г
8691190466107,Golden Rose,Помада,4.2 г
8691190466121,Golden Rose,Помада,4.2 г
8691190466145,Golden Rose,Помада,4.2 г
8691190466152,Golden Rose,Помада,4.2 г
8691190466183,Golden Rose,Помада,4.2 г
8691190466190,Golden Rose,Помада,4.2 г
8691190466220,Golden Rose,Помада,
8691190466275,Golden Rose,Помада,4.2 г
8691190466329,Golden Rose,Помада,4.2 г
8691190466350,Golden Rose,Помада,4.2 г
8691190466398,Golden Rose,Помада,4.2 г
8691190469252,Golden Rose,Лак для ногтей,10.2 мл
8691190469269,Golden Rose,Лак для ногтей,10.2 мл
8691190469276,Golden Rose,Лак для ногтей,10.2 мл
8691190486754,Golden Rose,Лак для ногтей,10.2 мл
8691190486761,Golden Rose,Лак для ногтей,10.2 мл
8691190486778,Golden Rose,Лак для ногтей,10.2 мл
8691190486815,Golden Rose,Лак для ногтей,10.2 мл
8691190486822,Golden Rose,Лак для ногтей,10.2 мл
8691190486839,Golden Rose,Лак для ногтей,10.2 мл
8691190486877,Golden Rose,Лак для ногтей,10.2 мл
8691190515461,Golden Rose,Бальзам для губ,4 г
8691190516147,Golden Rose,Румяна,6 г
8691190516154,Golden Rose,Румяна,6 г
8691190516161,Golden Rose,Румяна,6 г
8691190516178,Golden Rose,Румяна,6 г
8691190516185,Golden Rose,Румяна,6 г
8691190516239,Golden Rose,Тени для век,
8691190516253,Golden Rose,Тени для век,
8691190537418,Golden Rose,Румяна,6 мл
8691190537449,Golden Rose,Бронзер,
8691190537456,Golden Rose,Бронзер,
8691190537463,Golden Rose,Бронзер,
8691190537470,Golden Rose,Бронзер,
8691190537487,Golden Rose,Бронзер,
8691190537623,Golden Rose,"Хайлайтер, скульптор",6 мл
8691190540524,Golden Rose,Компактная пудра,12 г
8691190540548,Golden Rose,Компактная пудра,12 г
8691190540593,Golden Rose,Компактная пудра,
8691190540609,Golden Rose,Компактная пудра,
8691190540692,Golden Rose,Румяна,4 г
8691190540708,Golden Rose,Румяна,4 г
8691190540715,Golden Rose,Румяна,4 г
8691190540722,Golden Rose,Румяна,4 г
8691190540746,Golden Rose,Румяна,4 г
8691190540753,Golden Rose,Румяна,4 г
8691190540760,Golden Rose,Румяна,4 г
8691190540777,Golden Rose,Румяна,
8691190540784,Golden Rose,Румяна,
8691190540821,Golden Rose,Румяна,
8691190540838,Golden Rose,Румяна,
8691190540845,Golden Rose,"Хайлайтер, скульптор",
8691190569532,GOLDEN ROSE,Помада,
8691190569839,Golden Rose,Карандаш для губ,1.6 г
8691190569846,Golden Rose,Карандаш для губ,1.6 г
8691190569860,Golden Rose,Карандаш для губ,1.6 г
8691190569914,Golden Rose,Карандаш для губ,1.6 г
8691190569921,Golden Rose,Карандаш для губ,1.6 г
8691190570248,Golden Rose,Карандаш для губ,1.6 г
8691190570255,Golden Rose,Карандаш для губ,1.6 г
8691190603014,Golden Rose,Карандаши для бровей,
8691190603021,Golden Rose,Карандаши для бровей,
8691190603038,Golden Rose,Карандаши для бровей,
8691190603045,Golden Rose,Карандаши для бровей,1.4 г
8691190603052,Golden Rose,Карандаши для бровей,1.4 г
8691190603069,Golden Rose,Карандаши для бровей,
8691190603076,Golden Rose,Карандаши для бровей,1.4 г
8691190603083,Golden Rose,Карандаши для бровей,
8691190603090,Golden Rose,Карандаши для бровей,
8691190605070,Golden Rose,Румяна,7 г
8691190605087,Golden Rose,Румяна,7 г
8691190605100,Golden Rose,Румяна,7 г
8691190605131,Golden Rose,Румяна,7 г
8691190605148,Golden Rose,Румяна,7 г
8691190605155,Golden Rose,Румяна,7 г
8691190605162,Golden Rose,Румяна,7 г
8691190605179,Golden Rose,Румяна,7 г
8691190621087,Golden Rose,Румяна,
8691190643041,Golden Rose,Лак для ногтей,6 мл
8691190643058,Golden Rose,Лак для ногтей,6 мл
8691190643065,Golden Rose,Лак для ногтей,6 мл
8691190643072,Golden Rose,Лак для ногтей,6 мл
8691190643126,Golden Rose,Лак для ногтей,6 мл
8691190643188,Golden Rose,Лак для ногтей,6 мл
8691190643201,Golden Rose,Лак для ногтей,6 мл
8691190643218,Golden Rose,Лак для ногтей,6 мл
8691190643270,Golden Rose,Лак для ногтей,6 мл
8691190643287,Golden Rose,Лак для ногтей,6 мл
8691190643294,Golden Rose,Лак для ногтей,6 мл
8691190643317,Golden Rose,Лак для ногтей,6 мл
8691190643324,Golden Rose,Лак для ногтей,6 мл
8691190643348,Golden Rose,Лак для ногтей,6 мл
8691190643355,Golden Rose,Лак для ногтей,6 мл
8691190643379,Golden Rose,Лак для ногтей,6 мл
8691190643430,Golden Rose,Лак для ногтей,6 мл
8691190643454,Golden Rose,Лак для ногтей,6 мл
8691190643478,Golden Rose,Лак для ногтей,6 мл
8691190643485,Golden Rose,Лак для ногтей,6 мл
8691190643492,Golden Rose,Лак для ногтей,6 мл
8691190643508,Golden Rose,Лак для ногтей,6 мл
8691190643515,Golden Rose,Лак для ногтей,6 мл
8691190643522,Golden Rose,Лак для ногтей,6 мл
8691190643539,Golden Rose,Лак для ногтей,6 мл
8691190643546,Golden Rose,Лак для ногтей,6 мл
8691190643560,Golden Rose,Лак для ногтей,6 мл
8691190643577,Golden Rose,Лак для ногтей,6 мл
8691190643607,Golden Rose,Лак для ногтей,6 мл
8691190643614,Golden Rose,Лак для ногтей,6 мл
8691190643621,Golden Rose,Лак для ногтей,6 мл
8691190643638,Golden Rose,Лак для ногтей,6 мл
8691190643652,Golden Rose,Лак для ногтей,6 мл
8691190643669,Golden Rose,Лак для ногтей,6 мл
8691190643676,Golden Rose,Лак для ногтей,6 мл
8691190643683,Golden Rose,Лак для ногтей,6 мл
8691190643836,Golden Rose,Лак для ногтей,6 мл
8691190643843,Golden Rose,Лак для ногтей,6 мл
8691190643850,Golden Rose,Лак для ногтей,6 мл
8691190644024,Golden Rose,Лак для ногтей,6 мл
8691190644031,Golden Rose,Лак для ногтей,6 мл
8691190644048,Golden Rose,Лак для ногтей,6 мл
8691190644055,Golden Rose,Лак для ногтей,6 мл
8691190644147,Golden Rose,Лак для ногтей,6 мл
8691190644178,Golden Rose,Лак для ногтей,6 мл
8691190644222,Golden Rose,Лак для ногтей,6 мл
8691190644239,Golden Rose,Лак для ногтей,6 мл
8691190646448,Golden Rose,Лак для ногтей,6 мл
8691190646455,Golden Rose,Лак для ногтей,6 мл
8691190646479,Golden Rose,Лак для ногтей,6 мл
8691190703004,Golden Rose,Лак для ногтей,10.2 мл
8691190703042,Golden Rose,Лак для ногтей,10.2 мл
8691190703066,Golden Rose,Лак для ногтей,10.2 мл
8691190703073,Golden Rose,Лак для ногтей,10.2 мл
8691190703097,Golden Rose,Лак для ногтей,10.2 мл
8691190703110,Golden Rose,Лак для ногтей,10.2 мл
8691190703134,Golden Rose,Лак для ногтей,10.2 мл
8691190703226,Golden Rose,Лак для ногтей,
8691190703257,Golden Rose,Лак для ногтей,10.2 мл
8691190703264,Golden Rose,Лак для ногтей,10.2 мл
8691190703356,Golden Rose,Лак для ногтей,10.2 мл
8691190703424,Golden Rose,Лак для ногтей,10.2 мл
8691190703431,Golden Rose,Лак для ногтей,10.2 мл
8691190703448,Golden Rose,Лак для ногтей,10.2 мл
8691190703561,Golden Rose,Лак для ногтей,10.2 мл
8691190703585,Golden Rose,Лак для ногтей,10.2 мл
8691190703608,Golden Rose,Лак для ногтей,10.2 мл
8691190703646,Golden Rose,Лак для ногтей,10.2 мл
8691190703660,Golden Rose,Лак для ногтей,10.2 мл
8691190703677,Golden Rose,Лак для ногтей,10.2 мл
8691190703684,Golden Rose,Лак для ногтей,10.2 мл
8691190703691,Golden Rose,Лак для ногтей,10.2 мл
8691190703721,Golden Rose,Лак для ногтей,10.2 мл
8691190703752,Golden Rose,Лак для ногтей,10.2 мл
8691190703776,Golden Rose,Лак для ногтей,10.2 мл
8691190703790,Golden Rose,Лак для ногтей,10.2 мл
8691190703806,Golden Rose,Лак для ногтей,10.2 мл
8691190703950,Golden Rose,Лак для ногтей,10.2 мл
8691190703981,Golden Rose,Лак для ногтей,10.2 мл
8691190703998,Golden Rose,Лак для ногтей,10.2 мл
8691190763015,Golden Rose,Жидкая помада,5 мл
8691190763022,Golden Rose,Жидкая помада,5 мл
8691190763053,Golden Rose,Жидкая помада,5 мл
8691190763077,Golden Rose,Жидкая помада,5 мл
8691190763145,Golden Rose,Жидкая помада,5 мл
8691190763183,Golden Rose,Жидкая помада,5 мл
8691190837020,Golden Rose,Лак для ногтей,10.2 мл
8691190837068,Golden Rose,Лак для ногтей,10.2 мл
8691190837075,Golden Rose,Лак для ногтей,10.2 мл
8691190837136,Golden Rose,Лак для ногтей,10.2 мл
8691190837143,Golden Rose,Лак для ногтей,10.2 мл
8691190837150,Golden Rose,Лак для ногтей,10.2 мл
8691190837198,Golden Rose,Лак для ногтей,10.2 мл
8691190837334,Golden Rose,Лак для ногтей,10.2 мл
8691190837365,Golden Rose,Лак для ногтей,10.2 мл
8691190837372,Golden Rose,Лак для ногтей,10.2 мл
8691190837464,Golden Rose,Лак для ногтей,10.2 мл
8691190856014,Golden Rose,Жидкая помада,5.5 мл
8691190856038,Golden Rose,Жидкая помада,5.5 мл
8691190856113,Golden Rose,Жидкая помада,5.5 мл
8691190856168,Golden Rose,Жидкая помада,5.5 мл
8691190856175,Golden Rose,Жидкая помада,5.5 мл
8691190856182,Golden Rose,Жидкая помада,5.5 мл
8691190856205,Golden Rose,Жидкая помада,5.5 мл
8691190856212,Golden Rose,Жидкая помада,5.5 мл
8691190856236,Golden Rose,Жидкая помада,5.5 мл
8691190856335,Golden Rose,Жидкая помада,5.5 мл
8691190856342,Golden Rose,Жидкая помада,5.5 мл
8691190856366,Golden Rose,Жидкая помада,5.5 мл
8691190856373,Golden Rose,Жидкая помада,5.5 мл
8691228180487,Imaj,Воск для волос,20 г
8691228300762,Imaj,Воск для волос,
8692229003874,Elegante,"Парфюмерия, парфюмерные наборы",50 мл
8692229004000,Elegante,"Парфюмерия, парфюмерные наборы",50 мл
8692229021953,Elegante,"Парфюмерия, парфюмерные наборы",50 мл
8692229021960,Elegante,"Парфюмерия, парфюмерные наборы",50 мл
8692229021977,Elegante,"Парфюмерия, парфюмерные наборы",50 мл
8692229021984,Elegante,"Парфюмерия, парфюмерные наборы",50 мл
8692229022004,Elegante,"Парфюмерия, парфюмерные наборы",50 мл
8692229022042,Elegante,"Парфюмерия, парфюмерные наборы",50 мл
8692229022226,by MG,"Парфюмерия, парфюмерные наборы",50 мл
8695422654577,Solex,Шампунь,1000 мл
8697405607716,Golf,Ароматические диффузоры и палочки,110 мл
8697405607730,Golf,Ароматические диффузоры и палочки,110 мл
8697405607808,Golf,Ароматические диффузоры и палочки,110 мл
8697405607815,Golf,Ароматические диффузоры и палочки,110 мл
8697405607822,Golf,Ароматические диффузоры и палочки,110 мл
8697405607839,Golf,Ароматические диффузоры и палочки,110 мл
8697405607891,Golf,Ароматические диффузоры и палочки,110 мл
8697420535438,Ultra Compact,Гель для душа,500 мл
8697420535445,Ultra Compact,Гель для душа,500 мл
8697420535452,Ultra Compact,Гель для душа,500 мл
8697432096491,Restorex,Шампунь,500 мл
8697459310013,the hoppa,Сыворотки и эликсиры,
8697459310037,the hoppa,Сыворотки и эликсиры,30 мл
8697459310044,the hoppa,Сыворотки и эликсиры,30 мл
8697459310051,the hoppa,Сыворотки и эликсиры,30 мл
8697459310068,the hoppa,Сыворотки и эликсиры,30 мл
8697459310075,the hoppa,Сыворотки и эликсиры,
8697459310211,the hoppa,Крем для лица,50 мл
8697459310228,the hoppa,Крем для лица,50 мл
8697459310235,the hoppa,Средства против прыщей и акне,50 мл
8697459310419,the hoppa,Гель для умывания,100 мл
8697459310716,the hoppa,"Тоник, лосьон для лица",250 мл
8697459310723,the hoppa,"Тоник, лосьон для лица",250 мл
8697459310914,the hoppa,"Скраб, маска для губ",15 мл
8697459310921,the hoppa,Бальзам для губ,10 мл
8697459310945,the hoppa,Тинт для губ,10 мл
8697459310952,the hoppa,Тинт для губ,10 мл
8697459311010,the hoppa,Бальзам для губ,9 мл
8697623902051,Tresan,Шампунь,300 мл
8697623902280,Tresan,Шампунь,300 мл
8697623902341,Tresan,Средства от выпадения волос,125 мл
8697659238483,Ashley Joy,Сухой шампунь,200 мл
8697659238490,Ashley Joy,Сухой шампунь,200 мл
8697711600029,Bio Balance,Крем для лица,50 мл
8697711600050,Bio Balance,Сыворотки и эликсиры,30 мл
8697711600067,Bio Balance,Сыворотки и эликсиры,30 мл
8697711600517,Biobalance,Солнцезащитные средства,40 мл
8697711600555,Biobalance,Солнцезащитные средства,40 мл
8697711600746,Bio Balance,Сыворотки и эликсиры,30 мл
8697711600760,Bio Balance,Сыворотки и эликсиры,30 мл
8697711600777,Bio Balance,Сыворотки и эликсиры,30 мл
8697711600784,Bio Balance,Сыворотки и эликсиры,30 мл
8697711600807,Bio Balance,Сыворотки и эликсиры,30 мл
8697711600814,Bio Balance,Сыворотки и эликсиры,30 мл
8697711600838,Bio Balance,Сыворотки и эликсиры,30 мл
8697711600845,Bio Balance,Сыворотки и эликсиры,30 мл
8697711600852,Bio Balance,Сыворотки и эликсиры,30 мл
8697711600869,Bio Balance,Сыворотки и эликсиры,30 мл
8697711600876,Bio Balance,Сыворотки и эликсиры,30 мл
8697711600890,Bio Balance,Сыворотка для кожи вокруг глаз,30 мл
8697711601118,Bio Balance,База под макияж,30 мл
8697711601514,Bio Balance,Гель для умывания,100 мл
8697711601521,Bio Balance,Гель для умывания,100 мл
8697711601538,Bio Balance,Гель для умывания,100 мл
8697711601545,Bio Balance,Гель для умывания,100 мл
8697711602016,Bio Balance,Средства против прыщей и акне,50 мл
8697711602023,Bio Balance,Увлажняющий гель для лица,50 мл
8697711602030,Bio Balance,Крем для лица,50 мл
8697711602047,Bio Balance,Крем для лица,50 мл
8697711602054,Bio Balance,Крем для лица,50 мл
8697711602061,Bio Balance,Крем для кожи вокруг глаз,20 мл
8697711602115,Bio Balance,Сыворотки и эликсиры,30 мл
8697711602122,Bio Balance,Средства против прыщей и акне,30 мл
8697711602313,Bio Balance,Тонер для лица,250 мл
8697711602320,Bio Balance,Тонер для лица,250 мл
8697711602337,Bio Balance,Тонер для лица,250 мл
8697711602344,Bio Balance,Тонер для лица,250 мл
8697711603013,Bio Balance,Гель для умывания,250 мл
8697711603020,Bio Balance,Гель для умывания,250 мл
8697711603037,Bio Balance,Гель для умывания,250 мл
8697711610011,Bio Balance,Крем для лица,50 мл
8697711610035,Bio Balance,Крем для кожи вокруг глаз,15 мл
8697711610042,Bio Balance,Уход за шеей и зоной декольте,50 мл
8697711621017,Biobalance,Солнцезащитные средства,
8697711621543,Bio Balance,Сыворотки и эликсиры,
8697711621710,Biobalance,"Крем, молочко и лосьон для тела",150 мл
8697711621819,Bio Balance,Мицеллярная вода и гель,500 мл
8697711621826,Bio Balance,Мицеллярная вода и гель,500 мл
8697711621833,Bio Balance,Мицеллярная вода и гель,500 мл
8697711621918,Biobalance,Бальзам для губ,10 мл
8697711621925,Bio Balance,Бальзам для губ,10 мл
8697711621932,Biobalance,Бальзам для губ,10 мл
8697711621949,Bio Balance,Бальзам для губ,10 мл
8697711621956,Bio Balance,Бальзам для губ,10 мл
8697711621963,Bio Balance,Бальзам для губ,10 мл
8697711622410,Biobalance,"Дезодорант, антиперспирант",50 мл
8697711622427,Biobalance,"Дезодорант, антиперспирант",50 мл
8697711622434,Biobalance,"Дезодорант, антиперспирант",50 мл
8697711700019,Biobalance,Уход за кожей рук,60 мл
8697711700026,Biobalance,Уход за кожей ног,60 мл
8697711700033,Biobalance,Уход за кожей ног,60 мл
8697711700040,Biobalance,"Крем, молочко и лосьон для тела",60 мл
8697711700057,Bio Balance,Крем для лица,55 мл
8697711700064,Bio Balance,Крем для кожи вокруг глаз,15 мл
8697711700095,Bio Balance,Крем для лица,55 мл
8697711700156,Bio Balance,Шампунь,330 мл
8697711700163,Bio Balance,Шампунь,330 мл
8697711700170,Bio Balance,Шампунь,330 мл
8697711700224,Bio Balance,"Бальзам, кондиционер, ополаскиватель",330 мл
8697711700231,Biobalance,Средства от растяжек,60 мл
8697711700705,Biobalance,Солнцезащитные средства,75 мл
8697711700729,Biobalance,Солнцезащитные средства,150 мл
8697711700743,Biobalance,Детская солнцезащитная косметика,150 мл
8697711701009,Bio Balance,Гель для умывания,250 мл
8697711701016,Bio Balance,Гель для умывания,250 мл
8697711701023,Bio Balance,Гель для умывания,250 мл
8697711701054,Bio Balance,Крем для лица,55 мл
8697711701061,Bio Balance,Крем для лица,55 мл
8697711701078,Bio Balance,Крем для лица,55 мл
8697711721014,AcneVit,Средства против прыщей и акне,30 мл
8697711721021,AcneVit,Средства против прыщей и акне,200 мл
8697842617309,Seleccion Plus,Лак для волос,400 мл
8697842620873,Seleccion Plus,Масло и крем для волос,300 мл
8697842620897,Seleccion Plus,Масло и крем для волос,300 мл
8697842622655,Biogeniq,Маски от черных точек,
8697842622686,Biogeniq,Маски от черных точек,
8697842622693,Bote,Гель для бровей,50 мл
8697842625939,Bote,Детская косметика,5 г
8697926007262,RedOne,Гель для волос,
8697926016103,RedOne,Спрей для тела,400 мл
8697926016110,RedOne,Спрей для тела,400 мл
8697926016127,RedOne,Спрей для тела,400 мл
8697926016141,RedOne,Гель для волос,
8697926023286,RedOne,Гель для волос,
8697926023781,No Brand,Воск для волос,100 мл
8697926024191,RedOne,Гель для волос,
8697926025679,RedOne,Спрей для тела,400 мл
8697975142204,Clea,Ватные диски и палочки,
8697975142211,Clea,Ватные диски и палочки,
8697975142228,Clea,Ватные диски и палочки,
8697975142235,Clea,Ватные диски и палочки,
8697975143607,My Comfort,Ватные диски и палочки,
8697975143614,My Comfort,Ватные диски и палочки,
8697975143638,My Comfort,Ватные диски и палочки,
8697975143645,Comfort,Ватные диски и палочки,
8697975147001,Aquella,Ватные диски и палочки,
8697975147025,Aquella,Ватные диски и палочки,
8697975147032,Aquella,Ватные диски и палочки,
8697975147377,Aquella,Ватные диски и палочки,
8698703025035,AGIVA,Крем-маски,150 мл
8698703025363,AGIVA,Крем-маски,150 мл
8698703025875,Agiva,Воск для волос,20 г
8698703028531,AGIVA,Лак для волос,400 мл
8698703028548,AGIVA,Лак для волос,400 мл
8698703029880,AGIVA,Лак для волос,400 мл
8698753380061,Lilafix,Краска для волос,60 мл
8698753380184,Lilafix,Краска для волос,60 мл
8698753380191,Lilafix,Краска для волос,60 мл
8698753380207,Lilafix,Краска для волос,60 мл
8698753380214,Lilafix,Краска для волос,60 мл
8698753380252,Lilafix,Краска для волос,60 мл
8698753380269,Lilafix,Краска для волос,60 мл
8698753380283,Lilafix,Краска для волос,60 мл
8698753380290,Lilafix,Краска для волос,60 мл
8698753380306,Lilafix,Краска для волос,60 мл
8698753380313,Lilafix,Краска для волос,60 мл
8698753380320,Lilafix,Краска для волос,60 мл
8698753380337,Lilafix,Краска для волос,60 мл
8698753380375,Lilafix,Краска для волос,60 мл
8698753380658,Lilafix,Краска для волос,60 мл
8698753380672,Lilafix,Краска для волос,60 мл
8698753380696,Lilafix,Краска для волос,60 мл
8698753380702,Lilafix,Краска для волос,60 мл
8698753380788,Lilafix,Краска для волос,60 мл
8698753380801,Lilafix,Краска для волос,60 мл
8698753380818,Lilafix,Краска для волос,60 мл
8698753380887,Lilafix,Краска для волос,100 мл
8698753380894,Lilafix,Краска для волос,100 мл
8698753380900,Lilafix,Краска для волос,100 мл
8698753380917,Lilafix,Краска для волос,100 мл
8698753380931,Lilafix,Краска для волос,100 мл
8698753380955,Lilafix,Краска для волос,100 мл
8698753380962,Lilafix,Краска для волос,100 мл
8698753380979,Lilafix,Краска для волос,100 мл
8698753380986,Lilafix,Краска для волос,100 мл
8698753380993,Lilafix,Краска для волос,100 мл
8698753381006,Lilafix,Краска для волос,100 мл
8698753381013,Lilafix,Краска для волос,100 мл
8698753381020,Lilafix,Краска для волос,100 мл
8698753381037,Lilafix,Краска для волос,100 мл
8698753381075,Lilafix,Краска для волос,100 мл
8698753381082,Lilafix,Краска для волос,100 мл
8698753381099,Lilafix,Краска для волос,100 мл
8698753381174,Lilafix,Краска для волос,100 мл
8698753381181,Lilafix,Краска для волос,100 мл
8698753381204,Lilafix,Краска для волос,100 мл
8698753381228,Lilafix,Краска для волос,100 мл
8698753381341,Lilafix,Краска для волос,100 мл
8698753381365,Lilafix,Краска для волос,100 мл
8698753381693,Lilafix,Краска для волос,60 мл
8698753381716,Lilafix,Краска для волос,60 мл
8698753381822,Sea Color,Краска для волос,100 мл
8698753381846,Sea Color,Краска для волос,100 мл
8698753381860,Sea Color,Краска для волос,100 мл
8698753381877,Sea Color,Краска для волос,100 мл
8698753381914,Sea Color,Краска для волос,100 мл
8698753382027,Sea Color,Краска для волос,100 мл
8698753382034,Sea Color,Краска для волос,100 мл
8698753382041,Sea Color,Краска для волос,100 мл
8698753382058,Sea Color,Краска для волос,100 мл
8698753382706,Sea Color,Краска для волос,100 мл
8698753383123,Lilafix,Краска для волос,60 мл
8698753383765,Lilafix,Краска для волос,60 мл
8698753383772,Lilafix,Краска для волос,60 мл
8698753383789,Lilafix,Краска для волос,60 мл
8698753383802,Lilafix,Краска для волос,60 мл
8698753383819,Lilafix,Краска для волос,60 мл
8698753383826,Lilafix,Краска для волос,60 мл
8698753383833,Lilafix,Краска для волос,60 мл
8698753383840,Lilafix,Краска для волос,60 мл
8698753383888,Lilafix,Краска для волос,60 мл
8698753383895,Lilafix,Краска для волос,60 мл
8698753383901,Lilafix,Краска для волос,60 мл
8698753383918,Lilafix,Краска для волос,60 мл
8698753383925,Lilafix,Краска для волос,60 мл
8698753383932,Lilafix,Краска для волос,60 мл
8698753383949,Lilafix,Краска для волос,60 мл
8698753383956,Lilafix,Краска для волос,60 мл
8698753383970,Lilafix,Краска для волос,60 мл
8698753383987,Lilafix,Краска для волос,60 мл
8698753383994,Lilafix,Краска для волос,60 мл
8698753385585,Lilafix,Краска для волос,100 мл
8698753385622,Lilafix,Краска для волос,100 мл
8698753385646,Lilafix,Краска для волос,100 мл
8698753385677,Lilafix,Краска для волос,100 мл
8698753385691,Lilafix,Краска для волос,100 мл
8698753385707,Lilafix,Краска для волос,100 мл
8698753385721,Lilafix,Краска для волос,100 мл
8698753387008,Sea Color,Краска для волос,100 мл
8698753387039,Sea Color,Краска для волос,100 мл
8698753387138,Lilafix,Краска для волос,100 мл
8698753387985,Lilafix,Краска для волос,60 мл
8698753387992,Lilafix,Краска для волос,60 мл
8698753388128,Maxx Deluxe,Краска для волос,100 мл
8698753388135,Maxx Deluxe,Краска для волос,60 мл
8698753388142,Maxx Deluxe,Краска для волос,60 мл
8698753388159,Maxx Deluxe,Краска для волос,60 мл
8698753388166,Maxx Deluxe,Краска для волос,60 мл
8698753388173,Maxx Deluxe,Краска для волос,100 мл
8698753388203,Maxx Deluxe,Краска для волос,60 мл
8698753388227,Maxx Deluxe,Краска для волос,60 мл
8698753388234,Maxx Deluxe,Краска для волос,100 мл
8698753388241,Maxx Deluxe,Краска для волос,100 мл
8698753388258,Maxx Deluxe,Краска для волос,60 мл
8698753388265,Maxx Deluxe,Краска для волос,100 мл
8698753388272,Maxx Deluxe,Краска для волос,100 мл
8698753388289,Maxx Deluxe,Краска для волос,60 мл
8698753388296,Maxx Deluxe,Краска для волос,100 мл
8698753388302,Maxx Deluxe,Краска для волос,100 мл
8698753388319,Maxx Deluxe,Краска для волос,100 мл
8698753388326,Maxx Deluxe,Краска для волос,60 мл
8698753388333,Maxx Deluxe,Краска для волос,100 мл
8698753388340,Maxx Deluxe,Краска для волос,100 мл
8698753388357,Maxx Deluxe,Краска для волос,100 мл
8698753388364,Maxx Deluxe,Краска для волос,60 мл
8698753388371,Maxx Deluxe,Краска для волос,60 мл
8698753388388,Maxx Deluxe,Краска для волос,60 мл
8698753388401,Maxx Deluxe,Краска для волос,60 мл
8698753388418,Maxx Deluxe,Краска для волос,100 мл
8698753388425,Maxx Deluxe,Краска для волос,100 мл
8698753388456,Maxx Deluxe,Краска для волос,60 мл
8698753388470,Maxx Deluxe,Краска для волос,100 мл
8698753388487,Maxx Deluxe,Краска для волос,100 мл
8698753388494,Maxx Deluxe,Краска для волос,100 мл
8698753388500,Maxx Deluxe,Краска для волос,100 мл
8698753388517,Maxx Deluxe,Краска для волос,60 мл
8698753388531,Maxx Deluxe,Краска для волос,60 мл
8698753388548,Maxx Deluxe,Краска для волос,60 мл
8698753388579,Maxx Deluxe,Краска для волос,60 мл
8698753388593,Maxx Deluxe,Краска для волос,60 мл
8698753388609,Maxx Deluxe,Краска для волос,100 мл
8698753388616,Maxx Deluxe,Краска для волос,60 мл
8698753388623,Maxx Deluxe,Краска для волос,100 мл
8698753388630,Maxx Deluxe,Краска для волос,100 мл
8698753388647,Maxx Deluxe,Краска для волос,100 мл
8698753388654,Maxx Deluxe,Краска для волос,100 мл
8698753388661,Maxx Deluxe,Краска для волос,60 мл
8698753388678,Maxx Deluxe,Краска для волос,100 мл
8698753388685,Maxx Deluxe,Краска для волос,100 мл
8698753388692,Maxx Deluxe,Краска для волос,60 мл
8698753388715,Maxx Deluxe,Краска для волос,60 мл
8698753388722,Maxx Deluxe,Краска для волос,60 мл
8698753388739,Maxx Deluxe,Краска для волос,60 мл
8698863440303,Deep Fresh,Ватные диски и палочки,
8698863440310,Deep Fresh,Ватные диски и палочки,
8698863440327,Deep Fresh,Ватные диски и палочки,
8698863440358,Deep Fresh,Ватные диски и палочки,
8698863440549,Deep Fresh,Ватные диски и палочки,
8698863445223,Elegante,Ватные диски и палочки,
8699009467673,No Brand,Спрей для тела,250 мл
8699009467680,No Brand,Спрей для тела,250 мл
8699009467697,No Brand,Спрей для тела,250 мл
8699009467703,No Brand,Спрей для тела,250 мл
8699009467710,No Brand,Спрей для тела,250 мл
8699009467727,No Brand,Спрей для тела,250 мл
8699009467734,No Brand,Спрей для тела,250 мл
8699009467741,No Brand,Спрей для тела,250 мл
8699009467758,No Brand,Спрей для тела,250 мл
8699009467765,No Brand,Спрей для тела,250 мл
8699009467772,No Brand,Спрей для тела,250 мл
8699009467789,No Brand,Спрей для тела,250 мл
8699009471199,Sherla Beauty,"Лосьон, спрей, сыворотка для волос",50 мл
8699009471205,No Brand,"Лосьон, спрей, сыворотка для волос",50 мл
8699009471212,No Brand,"Лосьон, спрей, сыворотка для волос",50 мл
8699009471229,No Brand,"Лосьон, спрей, сыворотка для волос",50 мл
8699009471236,Sherla Beauty,"Лосьон, спрей, сыворотка для волос",50 мл
8699067172236,Glide'n Style,Щетки и брашинги для волос,
8699067172403,Glide'n Style,Щетки и брашинги для волос,
8699067172427,Glide'n Style,Щетки и брашинги для волос,
8699067173417,Glide'n Style,Щетки и брашинги для волос,
8699067174056,Promani,"Пилочки, бафы для ногтей",
8699067179501,Promani,Кисти и инструменты для дизайна ногтей,
8699546385492,Bayer,Средства против прыщей и акне,40 г
8699649008014,No Brand,Сыворотки и эликсиры,20 мл
8699649122925,Dermoten,Крем для кожи вокруг глаз,15 мл
8699649123458,Dermoten,Крем для лица,50 мл
8700216547444,Pantene,Масло и крем для волос,100 мл
8700216547635,Pantene,Масло и крем для волос,100 мл
8700216605861,Old Spice,"Дезодорант, антиперспирант",150 мл
8710447211250,Rexona,"Дезодорант, антиперспирант",200 мл
8710447492222,Rexona,"Дезодорант, антиперспирант",200 мл
8710908657122,No Brand,Детский шампунь и кондиционер,200 мл
8710908657900,Dove,Детский шампунь и кондиционер,200 мл
8710908658075,No Brand,"Детский крем, молочко, масло",200 мл
8712561609647,Dove,Гель для душа,500 мл
8712561611145,Dove,Гель для душа,500 мл
8714100019733,Rexona,"Дезодорант, антиперспирант",200 мл
8714100019788,Rexona,"Дезодорант, антиперспирант",200 мл
8714100794159,Rexona,"Дезодорант, антиперспирант",150 мл
8714100794227,Rexona,"Дезодорант, антиперспирант",150 мл
8714100866597,Clear,Шампунь,365 мл
8714100909508,Clear,Шампунь,365 мл
8714100910375,Clear,Шампунь,365 мл
8717163340561,Rexona,"Дезодорант, антиперспирант",150 мл
8717185380880,Keune,Краска для волос,60 мл
8717185380927,Keune,Краска для волос,60 мл
8717644144466,Clear,Шампунь,400 мл
8717644144626,Clear,Шампунь,400 мл
8717644144671,Clear,Шампунь,400 мл
8717644165768,Clear,Шампунь,400 мл
8717644165829,Clear,Шампунь,400 мл
8717644165867,Clear,Шампунь,400 мл
8718375524893,Keune,Краска для волос,60 мл
8718375524916,Keune,Краска для волос,60 мл
8718375524923,Keune,Краска для волос,60 мл
8718375524985,Keune,Краска для волос,60 мл
8718375525265,Keune,Краска для волос,60 мл
8718375525340,Keune,Краска для волос,60 мл
8718375525425,Keune,Краска для волос,60 мл
8718375525487,Keune,Краска для волос,60 мл
8718375525548,Keune,Краска для волос,60 мл
8718734851721,Keune,Краска для волос,60 мл
8718734853220,Keune,Краска для волос,60 мл
8718734855521,Keune,Краска для волос,60 мл
8718734855545,Keune,Краска для волос,60 мл
8720633005174,Clear,Шампунь,380 мл
8800248332626,,Уход за кожей рук,50 мл
8800248332633,,Уход за кожей рук,50 мл
8800248332640,,Уход за кожей рук,50 мл
8800248332657,,Уход за кожей рук,50 мл
8800248332664,,Уход за кожей рук,50 мл
8800261260173,Ekel,Пенка и мусс для умывания,180 мл
8800261260180,Ekel,Пенка и мусс для умывания,180 мл
8800261260197,Ekel,Пенка и мусс для умывания,180 мл
8800261260685,Ekel,"Скраб, пилинг и эксфолиант",180 мл
8800261260883,Ekel,Уход за кожей ног,100 г
8800261260937,Ekel,Крем для лица,70 мл
8800261260982,Ekel,Уход за кожей рук,100 мл
8800261261019,Ekel,Уход за кожей рук,100 мл
8800261261026,Ekel,Уход за кожей рук,100 мл
8800261261033,Ekel,Уход за кожей рук,100 мл
8800261261040,Ekel,Уход за кожей рук,100 мл
8800307370743,Anua,Тонер для лица,250 мл
8800315471418,Ekel,Маски-пленки,180 мл
8800315471456,Ekel,Маски-пленки,180 мл
8803348036760,Pretty Skin,Средства против прыщей и акне,15 мл
8803348037842,Pretty Skin,"Скраб, пилинг и эксфолиант",150 мл
8803348038207,,"Скраб, пилинг и эксфолиант",150 мл
8806035110200,Elizavecca,Средства против прыщей и акне,
8806135207053,Manyo,Пенка и мусс для умывания,150 мл
8806135248964,Manyo,Крем для лица,50 мл
8806150614485,Missha,BB и CC крем,50 мл
8806185793117,Missha,BB и CC крем,50 мл
8806185793124,Missha,BB и CC крем,50 мл
8806194005157,Tony Moly,Пенка и мусс для умывания,180 мл
8806334368531,Holika Holika,Пенка и мусс для умывания,150 мл
8806358531218,Tony Moly,Пенка и мусс для умывания,180 мл
8806358531270,Tony Moly,Пенка и мусс для умывания,180 мл
8806358531485,Tony Moly,Пенка и мусс для умывания,180 мл
8809051282074,Manyo,Шампунь,510 мл
8809071369274,Elizavecca,Крем для лица,100 мл
8809082391608,Manyo,Гидрофильное масло,200 мл
8809082392292,Manyo,Гидрофильное масло,200 мл
8809082396825,Manyo,Солнцезащитные средства,50 мл
8809210034087,Jigott,Крем для лица,70 мл
8809210034094,Jigott,Крем для лица,70 мл
8809210034100,Jigott,Крем для лица,70 мл
8809210034131,Jigott,Крем для лица,70 мл
8809210036500,Jigott,Крем для лица,100 мл
8809210036517,Jigott,Крем для лица,100 мл
8809210036524,Jigott,Крем для лица,100 мл
8809280061464,Enough,Крем для кожи вокруг глаз,30 мл
8809280062379,Enough,Тональная основа,100 мл
8809307771253,Ekel,Крем для лица,100 г
8809326333661,Some By Mi,Тонер для лица,150 мл
8809326339755,Some By Mi,"Скраб, пилинг и эксфолиант",100 мл
8809338560055,FarmStay,Уход за кожей рук,100 мл
8809339907910,Elizavecca,Тонер для лица,200 мл
8809389032310,Pretty Skin,Тканевые маски,25 мл
8809389032327,Pretty Skin,Тканевые маски,25 мл
8809389033911,Pretty Skin,Патчи под глаза,
8809389033928,Pretty Skin,Патчи под глаза,
8809409340319,Medi-Peel,Крем для кожи вокруг глаз,20 мл
8809409340944,Medi-Peel,Пенка и мусс для умывания,300 мл
8809409341347,Medi-Peel,Сыворотки и эликсиры,50 мл
8809409341392,Medi-Peel,Пенка и мусс для умывания,150 мл
8809409341705,Medi-Peel,Сыворотки и эликсиры,30 мл
8809409342382,Medi-Peel,Крем для лица,70 мл
8809409342504,Medi-Peel,Маски-пленки,70 мл
8809409342887,Medi-Peel,Гель для умывания,150 мл
8809409343082,Medi-Peel,Сыворотки и эликсиры,100 мл
8809409343327,Medi-Peel,Крем для кожи вокруг глаз,40 мл
8809409343631,Medi-Peel,Патчи под глаза,
8809409343655,Medi-Peel,Патчи под глаза,
8809409343662,Medi-Peel,Патчи под глаза,
8809409344676,Medi-Peel,Тонер для лица,250 мл
8809409345024,Medi-Peel,Сыворотки и эликсиры,100 мл
8809409345550,Medi-Peel,Крем для лица,100 мл
8809409345758,Medi-Peel,Крем для лица,50 мл
8809409345895,Medi-Peel,Крем для лица,50 мл
8809409345963,Medi-Peel,Гель для умывания,200 мл
8809409346236,Medi-Peel,Сыворотки и эликсиры,100 мл
8809409346458,Medi-Peel,Сыворотки и эликсиры,50 мл
8809409346489,Medi-Peel,Крем-маски,150 мл
8809409346656,Medi-Peel,Крем для лица,50 мл
8809409346793,Medi-Peel,Тонер для лица,250 мл
8809409347004,Medi-Peel,Крем для лица,50 г
8809409347264,Medi-Peel,Наборы косметики по уходу,
8809409347455,Medi-Peel,Крем для лица,50 мл
8809409347462,Medi-Peel,Крем для лица,50 мл
8809409348193,Medipeel,Крем-маска для лица,70 мл
8809409348308,Medi-Peel,"Тоник, лосьон для лица",180 мл
8809409348575,Medi-Peel,Сыворотки и эликсиры,30 мл
8809409348872,Medi-Peel,Крем для лица,120 мл
8809409349176,Medi-Peel,Сыворотки и эликсиры,30 мл
8809409349183,Medipeel,Сыворотки и эликсиры,100 мл
8809409349268,Medi-Peel,Средства против прыщей и акне,150 мл
8809409349824,Medi-Peel,Сыворотки и эликсиры,30 мл
8809409349855,Medi-Peel,Средства против прыщей и акне,
8809416470047,COSRX,Сыворотки и эликсиры,100 мл
8809416470085,COSRX,Тонер для лица,150 мл
8809416470184,COSRX,Сыворотки и эликсиры,100 мл
8809416470191,COSRX,Солнцезащитные средства,50 мл
8809416471310,COSRX,Сыворотки и эликсиры,100 мл
8809418751724,Elizavecca,Сыворотки и эликсиры,50 мл
8809446658262,Claire Cosmetics,Тканевые маски,27 мл
8809447251363,Dr.Althea,Крем для лица,50 мл
8809450010551,Esthetic House,Маска для волос,25 мл
8809450013019,Esthetic House,"Бальзам, кондиционер, ополаскиватель",500 мл
8809450013026,Esthetic House,Шампунь,500 мл
8809456988021,Ekel,Тканевые маски,
8809456988038,Ekel,Тканевые маски,
8809469770002,FarmStay,Сыворотки и эликсиры,250 мл
8809474497079,Enough,Тональная основа,100 мл
8809480652097,Enough,Компактная пудра,
8809480652165,Enough,Крем для лица,50 мл
8809481760548,Heimish,Пенка и мусс для умывания,150 мл
8809481760678,Heimish,Средство для снятия макияжа c лица,120 мл
8809481760890,Heimish,Крем для лица,55 мл
8809481760906,Heimish,Крем-маски,110 мл
8809481761217,Heimish,Крем для кожи вокруг глаз,30 мл
8809481761231,Heimish,Гель для умывания,50 мл
8809481761248,Heimish,Крем для лица,60 мл
8809481761767,Heimish,Солнцезащитные средства,30 мл
8809481761804,Heimish,Тонер для лица,150 мл
8809481761811,Heimish,Средства против прыщей и акне,150 мл
8809481761828,Heimish,Патчи под глаза,
8809481761859,Heimish,Крем для лица,50 мл
8809481761996,Heimish,Гель для умывания,120 мл
8809481762283,Heimish,Увлажняющий гель для лица,120 мл
8809481762290,Heimish,Крем для лица,50 мл
8809481762313,Heimish,Гель для умывания,130 мл
8809481762443,Heimish,Сыворотки и эликсиры,50 мл
8809481762535,Heimish,Крем для лица,50 мл
8809481762580,Heimish,Крем для лица,50 мл
8809481762597,Heimish,Крем для лица,50 мл
8809481762627,Heimish,Сыворотки и эликсиры,35 мл
8809481762634,Heimish,Сыворотки и эликсиры,35 мл
8809481762658,Heimish,Сыворотки и эликсиры,35 мл
8809505541924,JMsolution,Солнцезащитные средства,180 мл
8809525242764,Some By Mi,Сыворотки и эликсиры,50 мл
8809532441273,Too Cool For School,Пенка и мусс для умывания,150 мл
8809535805218,Dr.Jart+,Мицеллярная вода и гель,150 мл
8809541280061,Jigott,"Скраб, пилинг и эксфолиант",180 мл
8809541280139,Jigott,Тканевые маски,27 мл
8809541280153,Jigott,Тканевые маски,27 мл
8809541280160,Jigott,Тканевые маски,27 мл
8809541280177,Jigott,Тканевые маски,27 мл
8809541280191,Jigott,Тканевые маски,27 мл
8809541280238,Jigott,Тканевые маски,27 мл
8809541280245,Jigott,Тканевые маски,27 мл
8809541280269,Jigott,Тканевые маски,27 мл
8809541280672,Jigott,Крем для лица,100 мл
8809541280689,Jigott,Крем для лица,100 мл
8809541280696,Jigott,Крем для лица,100 мл
8809541280719,Jigott,Крем для лица,100 мл
8809541280979,Jigott,Солнцезащитные средства,70 мл
8809541281549,Jigott,Пенка и мусс для умывания,180 мл
8809541281600,Jigott,Крем для лица,100 мл
8809541281617,Jigott,Крем для лица,100 мл
8809541281624,Jigott,Крем для лица,100 мл
8809541281631,Jigott,Крем для лица,100 мл
8809541281860,Jigott,Пенка и мусс для умывания,180 мл
8809541281877,Jigott,Пенка и мусс для умывания,180 мл
8809541281884,Jigott,Пенка и мусс для умывания,180 мл
8809541281891,Jigott,Пенка и мусс для умывания,180 мл
8809541281907,Jigott,Пенка и мусс для умывания,180 мл
8809541281914,Jigott,"Скраб, пилинг и эксфолиант",180 мл
8809541281921,Jigott,"Скраб, пилинг и эксфолиант",180 мл
8809541282102,Jigott,"Крем, молочко и лосьон для тела",500 мл
8809541282119,Jigott,"Крем, молочко и лосьон для тела",500 мл
8809541282232,Jigott,Крем для лица,50 мл
8809541282256,Jigott,Крем для лица,50 мл
8809541282287,Jigott,Крем для кожи вокруг глаз,50 мл
8809541282416,Jigott,Сыворотки и эликсиры,50 мл
8809541282461,Jigott,Тонер для лица,300 мл
8809541282485,Jigott,Тонер для лица,300 мл
8809541282591,Jigott,Уход за кожей ног,15 мл
8809541282621,Jigott,Крем для лица,150 мл
8809541282638,Jigott,Крем для лица,150 мл
8809541282768,Jigott,"Лосьон, спрей, сыворотка для волос",13 мл
8809541282782,Jigott,Масло и крем для волос,13 мл
8809541282850,Jigott,Крем для лица,150 мл
8809541282867,Jigott,Крем для лица,150 мл
8809541282966,Jigott,Пенка и мусс для умывания,180 мл
8809541282973,Jigott,Тонер для лица,250 мл
8809541282980,Jigott,Сыворотки и эликсиры,40 мл
8809541282997,Jigott,Крем для лица,50 мл
8809541283031,Jigott,Крем для лица,70 мл
8809541283048,Jigott,BB и CC крем,50 мл
8809541283055,Jigott,BB и CC крем,50 мл
8809567929722,Manyo,Гель для умывания,400 мл
8809576260441,Skin1004,Крем для лица,75 мл
8809576260663,Skin1004,Сыворотки и эликсиры,100 мл
8809576260700,Skin1004,Тонер для лица,210 мл
8809576261110,Skin1004,Гидрофильное масло,200 мл
8809576261127,Skin1004,Пенка и мусс для умывания,125 мл
8809576261141,Skin1004,Тонер для лица,210 мл
8809576261158,Skin1004,Тонер для лица,400 мл
8809576261165,Skin1004,Тонер для лица,210 мл
8809576261189,Skin1004,Гель для умывания,125 мл
8809576261455,Skin1004,Тонер для лица,210 мл
8809576261462,Skin1004,Сыворотки и эликсиры,100 мл
8809576261486,Skin1004,Сыворотки и эликсиры,100 мл
8809576261493,Skin1004,Крем для лица,75 мл
8809576261608,Skin1004,Крем для лица,50 мл
8809576261615,Skin1004,Крем для лица,75 мл
8809576261646,Skin1004,Крем для лица,75 мл
8809576261653,Skin1004,Пенка и мусс для умывания,125 мл
8809576261660,Skin1004,Средства против прыщей и акне,210 мл
8809576261677,Skin1004,Средства против прыщей и акне,100 мл
8809576261738,Skin1004,Тонер для лица,210 мл
8809581449268,Missha,"Крем-пудра, кушон",15 г
8809581449275,Missha,"Крем-пудра, кушон",15 г
8809581449299,Missha,"Крем-пудра, кушон",15 г
8809581450615,A'pieu,Солнцезащитные средства,50 мл
8809581452329,Missha,Солнцезащитные средства,70 мл
8809581452343,Missha,Солнцезащитные средства,40 мл
8809581452367,Missha,Солнцезащитные средства,70 мл
8809581452558,Missha,"Крем-пудра, кушон",15 г
8809581452565,Missha,"Крем-пудра, кушон",15 г
8809595053659,FarmStay,Шампунь,530 мл
8809595056384,FarmStay,Шампунь,530 мл
8809598451070,COSRX,Крем для кожи вокруг глаз,25 мл
8809598451902,COSRX,Тонер для лица,150 мл
8809598453869,COSRX,Сыворотки и эликсиры,30 мл
8809598453876,COSRX,Крем для лица,50 мл
8809598454668,COSRX,Сыворотки и эликсиры,20 мл
8809598455238,COSRX,Сыворотки и эликсиры,20 мл
8809605870979,Enough,Тональная основа,100 мл
8809605871952,Enough,Тональная основа,100 мл
8809623296447,Ekel,Крем для кожи вокруг глаз,40 мл
8809623296454,Ekel,Крем для кожи вокруг глаз,40 мл
8809623296461,Ekel,Крем для кожи вокруг глаз,40 мл
8809623296478,Ekel,Крем для кожи вокруг глаз,40 мл
8809624501380,Elizavecca,Сыворотки и эликсиры,50 мл
8809634610034,AXIS-Y,Сыворотки и эликсиры,50 мл
8809639172810,Manyo,Сыворотки и эликсиры,35 мл
8809640730283,Anua,Сыворотки и эликсиры,30 мл
8809640730696,Anua,Крем-маска для лица,50 мл
8809640731433,Anua,Тонер для лица,250 мл
8809640732324,Anua,Крем для лица,50 мл
8809640732829,Anua,Гидрофильное масло,200 мл
8809640733185,Anua,Солнцезащитные средства,50 мл
8809640733550,Anua,Средства против прыщей и акне,30 мл
8809640733659,Anua,Пенка и мусс для умывания,150 мл
8809640734359,Anua,Тонер для лица,250 мл
8809640734373,Anua,Крем для лица,50 мл
8809640734427,Anua,Пенка и мусс для умывания,150 мл
8809640734526,Anua,Сыворотки и эликсиры,30 мл
8809640735028,Anua,Гидрофильное масло,200 мл
8809640736667,Anua,Сыворотки и эликсиры,
8809640737190,Anua,Сыворотки и эликсиры,30 мл
8809640738128,Anua,Тонер для лица,
8809640738227,Anua,Тонер для лица,
8809640738241,Anua,Тонер для лица,
8809642712102,Dr.Jart+,Тонер для лица,150 мл
8809643530521,A'pieu,Солнцезащитные средства,50 мл
8809643530552,A'pieu,Солнцезащитные средства,50 мл
8809643532327,Missha,Гель для душа,500 мл
8809643532433,Missha,Пенка и мусс для умывания,120 мл
8809643546737,Missha,Гидрофильное масло,305 мл
8809643546744,Missha,Гидрофильное масло,305 мл
8809647390015,Some By Mi,Средства против прыщей и акне,
8809647390091,Some By Mi,Пенка и мусс для умывания,100 мл
8809647390725,Some By Mi,Гель для душа,400 мл
8809647391876,Some By Mi,Крем-маски,100 мл
8809647392750,Some By Mi,Тонер для лица,150 мл
8809656960537,Manyo,Средства против прыщей и акне,50 мл
8809656960711,Manyo,Термальная вода и спреи,120 мл
8809656960728,Manyo,Термальная вода и спреи,150 мл
8809657114137,Manyo,"Тоник, лосьон для лица",400 мл
8809657114700,Manyo,Сыворотки и эликсиры,50 мл
8809657114731,Round Lab,Тонер для лица,200 мл
8809657118203,Manyo,Тонер для лица,210 мл
8809663751692,Mizon,Пенка и мусс для умывания,60 мл
8809668028089,Etude House,Пенка и мусс для умывания,160 мл
8809674691659,FarmStay,Крем для лица,80 мл
8809679095575,Wati for Skin,Сыворотки и эликсиры,30 мл
8809679095629,Wati for Skin,Сыворотки и эликсиры,30 мл
8809679095636,Wati for Skin,Сыворотки и эликсиры,30 мл
8809679095667,Wati for Skin,Крем для лица,50 мл
8809679095674,Wati for Skin,Крем для лица,50 мл
8809679095698,Wati for Skin,Крем для лица,50 мл
8809679095704,Wati for Skin,Крем для лица,50 мл
8809679095711,Wati for Skin,Крем для лица,50 мл
8809679095728,Wati for Skin,Крем для лица,50 мл
8809679095742,Wati for Skin,Крем для лица,50 мл
8809679095759,Wati for Skin,Крем для лица,50 мл
8809679095766,Wati for Skin,Крем для лица,50 мл
8809679095773,Wati for Skin,Крем для лица,50 мл
8809679095780,Wati for Skin,Крем для кожи вокруг глаз,30 мл
8809679095803,Wati for Skin,Крем для кожи вокруг глаз,30 мл
8809679095827,Wati for Skin,Крем для кожи вокруг глаз,30 мл
8809679095834,Wati for Skin,Крем для кожи вокруг глаз,30 мл
8809679095841,Wati for Skin,Крем для кожи вокруг глаз,30 мл
8809679095858,Wati for Skin,Крем для кожи вокруг глаз,30 мл
8809679095889,Wati for Skin,Крем для кожи вокруг глаз,30 мл
8809679097180,Wati for Skin,Уход за шеей и зоной декольте,20 мл
8809679097227,Wati for Skin,Крем для лица,20 мл
8809679097241,Wati for Skin,Крем для лица,20 мл
8809679097258,Wati for Skin,Крем для кожи вокруг глаз,20 мл
8809679097715,Wati for Skin,Бальзам для губ,20 мл
8809679097722,Wati for Skin,Бальзам для губ,20 мл
8809679097739,Wati for Skin,Бальзам для губ,20 мл
8809679097746,Wati for Skin,Бальзам для губ,20 мл
8809679097760,Wati for Skin,Бальзам для губ,20 мл
8809679097913,Wati for Skin,Сыворотки и эликсиры,20 мл
8809679097920,Wati for Skin,Сыворотки и эликсиры,20 мл
8809679098132,Wati for Skin,Крем для лица,20 мл
8809679098149,Wati for Skin,Крем для лица,20 мл
8809679098231,Wati for Skin,"Скраб, пилинг и эксфолиант",
8809679098248,Wati for Skin,"Скраб, пилинг и эксфолиант",
8809679098262,Wati for Skin,Крем-маска для лица,100 мл
8809686384228,IsNtree,Солнцезащитные средства,22 г
8809689374929,Ekel,Тканевые маски,
8809689374998,Ekel,Тканевые маски,
8809689378422,Ekel,"Скраб, пилинг и эксфолиант",180 мл
8809730950034,Manyo,Крем для кожи вокруг глаз,30 мл
8809730950560,Manyo,Крем для лица,80 мл
8809730951123,Manyo,"Тоник, лосьон для лица",100 мл
8809730951406,Manyo,Масло для лица,20 мл
8809730951475,Manyo,Тонер для лица,
8809730951499,Manyo,"Скраб, пилинг и эксфолиант",75 мл
8809730952007,Manyo,Сыворотки и эликсиры,50 мл
8809730952014,Manyo,Сыворотки и эликсиры,50 мл
8809730952236,Manyo,"Крем, молочко и лосьон для тела",300 мл
8809730952489,Manyo,Тонер для лица,210 мл
8809730952724,Manyo,Пенка и мусс для умывания,200 мл
8809730952908,Manyo,Крем для лица,30 мл
8809730953998,Manyo,Крем-маска для лица,100 мл
8809730954711,Manyo,Сыворотки и эликсиры,50 мл
8809730954742,Manyo,Крем для лица,50 мл
8809730955114,Manyo,Крем для лица,80 мл
8809730955121,Manyo,Крем для лица,80 мл
8809730955619,Manyo,Солнцезащитные средства,
8809730955893,Manyo,Гель для умывания,132 мл
8809733210241,Pretty Skin,Тканевые маски,23 г
8809733210296,Pretty Skin,Тканевые маски,23 г
8809733210340,Pretty Skin,Тканевые маски,23 г
8809733210357,,Тканевые маски,23 г
8809733210364,Pretty Skin,Тканевые маски,23 г
8809733210388,Pretty Skin,Тканевые маски,23 г
8809733210418,Pretty Skin,Тканевые маски,23 г
8809733210425,Pretty Skin,Пенка и мусс для умывания,150 мл
8809733210432,Pretty Skin,Пенка и мусс для умывания,150 мл
8809733210470,,Уход за кожей рук,30 мл
8809733210524,Pretty Skin,Уход за кожей рук,30 мл
8809733211958,Pretty Skin,"Скраб, пилинг и эксфолиант",150 мл
8809733212412,Pretty Skin,"Скраб, пилинг и эксфолиант",150 мл
8809733212870,Pretty Skin,Тканевые маски,23 г
8809733212924,McNally,Солнцезащитные средства,50 мл
8809733212955,Pretty Skin,Уход за кожей рук,100 мл
8809733212962,Pretty Skin,Уход за кожей рук,100 мл
8809733213242,Pretty Skin,Пенка и мусс для умывания,150 мл
8809733213259,Pretty Skin,"Скраб, пилинг и эксфолиант",150 мл
8809733213471,Pretty Skin,Солнцезащитные средства,50 мл
8809733213495,Pretty Skin,Крем для лица,100 мл
8809733213518,Pretty Skin,Крем для лица,100 мл
8809733213525,Pretty Skin,Крем для лица,100 мл
8809733214355,Pretty Skin,Тканевые маски,23 г
8809733214362,Pretty Skin,Тканевые маски,23 г
8809733215369,Pretty Skin,Тканевые маски,25 мл
8809733215383,Pretty Skin,Тканевые маски,25 мл
8809733215444,McNally,Крем для лица,50 мл
8809733215451,McNally,Крем для лица,50 мл
8809733215468,McNally,Крем для лица,50 мл
8809733215512,Pretty Skin,Крем для лица,50 мл
8809733215529,Pretty Skin,Крем для лица,50 мл
8809733215543,Pretty Skin,Крем для лица,50 мл
8809733215550,Pretty Skin,Крем для лица,50 мл
8809733216076,Pretty Skin,Крем для кожи вокруг глаз,30 мл
8809733216083,Pretty Skin,Крем для кожи вокруг глаз,30 мл
8809733216335,McNally,Крем для лица,50 мл
8809733216458,Pretty Skin,Тканевые маски,25 г
8809733216465,McNally,Крем для лица,50 мл
8809733217400,McNally,Пенка и мусс для умывания,150 мл
8809733218520,,Уход за кожей рук,50 мл
8809733218568,Pretty Skin,Уход за кожей ног,100 г
8809733218766,Pretty Skin,Солнцезащитные средства,
8809733218773,Pretty Skin,Солнцезащитные средства,50 мл
8809733218834,Pretty Skin,Солнцезащитные средства,50 мл
8809733218841,Pretty Skin,Крем для лица,
8809733218926,McNally,Крем для лица,80 мл
8809733218995,Pretty Skin,Пенка и мусс для умывания,200 мл
8809733219008,Pretty Skin,"Скраб, пилинг и эксфолиант",150 мл
8809733219206,Pretty Skin,Солнцезащитные средства,
8809738310960,Beauty of Joseon,Тонер для лица,150 мл
8809738316412,Beauty of Joseon,Сыворотки и эликсиры,30 мл
8809744060026,Masil,Шампунь,300 мл
8809744060033,Masil,"Бальзам, кондиционер, ополаскиватель",180 мл
8809744060361,Masil,Шампунь,300 мл
8809744060392,Masil,Шампунь,300 мл
8809744060408,Masil,Шампунь,300 мл
8809744060415,Masil,Шампунь,300 мл
8809744060422,Masil,"Лосьон, спрей, сыворотка для волос",150 мл
8809744060439,Masil,Шампунь,300 мл
8809744061146,Masil,Шампунь,500 мл
8809744061153,Masil,Шампунь,500 мл
8809744061160,Masil,Шампунь,500 мл
8809744061177,Masil,Шампунь,500 мл
8809744061184,Masil,Шампунь,500 мл
8809744061191,Masil,Шампунь,500 мл
8809744061306,Masil,Гель для душа,500 мл
8809744063102,Masil,"Бальзам, кондиционер, ополаскиватель",180 мл
8809744063119,Masil,"Бальзам, кондиционер, ополаскиватель",180 мл
8809747960903,Missha,"Крем-пудра, кушон",15 г
8809747960910,Missha,"Крем-пудра, кушон",15 г
8809755462581,Enough,Тканевые маски,25 г
8809755462604,Enough,Тканевые маски,25 г
8809755462611,Enough,Тканевые маски,25 г
8809755463335,Enough,Крем для лица,50 мл
8809755463694,Ekel,Крем для лица,100 г
8809755464356,Ekel,Крем для лица,70 мл
8809755466213,Enough,Тканевые маски,25 г
8809755466237,Enough,Тканевые маски,25 г
8809772620292,3W Clinic,Пенка и мусс для умывания,100 мл
8809772620346,3W Clinic,Пенка и мусс для умывания,100 мл
8809772620728,3W Clinic,Пенка и мусс для умывания,100 мл
8809772620742,3W Clinic,Пенка и мусс для умывания,100 мл
8809782555911,Round Lab,Бальзам для лица,100 мл
8809789632554,La'dor,"Лосьон, спрей, сыворотка для волос",13 мл
8809789633261,La'dor,Масло и крем для волос,80 мл
8809800940743,IsNtree,Солнцезащитные средства,50 мл
8809809800024,FarmStay,Тканевые маски,23 мл
8809809800031,FarmStay,Тканевые маски,23 мл
8809809800055,FarmStay,Тканевые маски,23 мл
8809809800079,FarmStay,"Крем, молочко и лосьон для тела",100 г
8809809800338,FarmStay,Тканевые маски,
8809809800550,FarmStay,Тканевые маски,23 мл
8809809800567,FarmStay,Тканевые маски,23 мл
8809809800857,FarmStay,Тканевые маски,23 мл
8809809802660,FarmStay,Тканевые маски,23 мл
8809809803834,FarmStay,Тканевые маски,23 мл
8809809804091,FarmStay,Тканевые маски,23 мл
8809815640713,Too Cool For School,Шампунь,200 г
8809820684696,Etude House,Тинт для губ,4 г
8809864766884,Beauty of Joseon,Солнцезащитные средства,18 г
8809884511235,FarmStay,Уход за кожей рук,100 мл
8809913830146,Skin1004,Сыворотки и эликсиры,95 мл
8809913830177,Skin1004,Крем для кожи вокруг глаз,20 мл
8809913830214,Skin1004,Солнцезащитные средства,20 г
8809941820317,Medi-Peel,Тонер для лица,250 мл
8809941820331,Medi-Peel,Крем для лица,50 мл
8809941820386,Medi-Peel,Сыворотки и эликсиры,100 мл
8809941820416,Medipeel,Сыворотки и эликсиры,100 мл
8809941820430,Medi-Peel,Крем для лица,50 мл
8809941820447,Medi-Peel,Крем для лица,50 мл
8809941820621,Medi-Peel,Сыворотки и эликсиры,100 мл
8809941820645,Medi-Peel,Крем для лица,50 мл
8809941820676,Medi-Peel,Гель для умывания,150 мл
8809941820690,Medi-Peel,Пенка и мусс для умывания,300 мл
8809941820997,Medi-Peel,Гель для умывания,150 мл
8809941821048,Medi-Peel,Гидрофильное масло,200 мл
8809941821055,Medipeel,Маски-пленки,70 мл
8809941821512,Medi-Peel,Сыворотки и эликсиры,30 мл
8809941821673,Medi-Peel,Патчи под глаза,
8809941821734,Medi-Peel,Гидрофильное масло,200 мл
8809941821833,Medi-Peel,"Скраб, пилинг и эксфолиант",95 мл
8809941822175,Medi-Peel,Крем для лица,50 г
8809941822236,Medi-Peel,Крем для лица,50 г
8809941822243,Medi-Peel,Сыворотки и эликсиры,30 мл
8809941822250,Medipeel,Солнцезащитные средства,23 г
8809941822335,Medipeel,Сыворотки и эликсиры,50 мл
8809941822342,Medipeel,Крем для лица,80 мл
8809941822359,Medipeel,Сыворотки и эликсиры,50 мл
8809941822373,Medipeel,Маски-пленки,70 мл
8809941824186,Medi-Peel,Бальзам для лица,50 мл
8809941824230,Medipeel,Крем для лица,80 мл
8809941824285,Medipeel,Маски-пленки,70 мл
8809941824674,Medipeel,Сыворотка для кожи вокруг глаз,50 мл
8809941824698,Medipeel,Крем для лица,50 г
8809941824704,Medipeel,Крем для кожи вокруг глаз,40 мл
8809941825060,Medi-Peel,Тканевые маски,
8809941825152,Medi-Peel,Сыворотки и эликсиры,50 мл
8809968130123,Beauty of Joseon,Тонер для лица,150 мл
8809968130130,Beauty of Joseon,Гидрофильное масло,210 мл
8880000362931,Meiustar,Аксессуары и массажеры для лица,
8904023005276,Trichup,Шампунь,700 мл
8904023007546,Trichup,Масло и крем для волос,200 мл
8904023007577,Trichup,Масло и крем для волос,200 мл
8904023007911,Trichup,Масло и крем для волос,100 мл
8904023008000,Trichup,Масло и крем для волос,200 мл
8904023008536,Trichup,Шампунь,200 мл
8904023008673,Trichup,Шампунь,200 мл
8904023008963,Trichup,Шампунь,400 мл
8904023009519,Trichup,Шампунь,200 мл
8904023009571,Trichup,Шампунь,400 мл
8904023009632,Trichup,Шампунь,400 мл
8904023009700,Trichup,Шампунь,700 мл
8904023009717,Trichup,Шампунь,700 мл
8904023009731,Vasu,Шампунь,200 мл
8904023009984,Trichup,Маска для волос,500 мл
8904023010003,Trichup,Маска для волос,500 мл
8904023010171,Trichup,Шампунь,200 мл
8904023010331,Trichup,Шампунь,200 мл
8904023010379,Vasu,Шампунь,400 мл
8904023010430,Trichup,Шампунь,200 мл
8904023010843,Trichup,Шампунь,200 мл
8904023013851,Trichup,Масло и крем для волос,150 мл
8904023013868,Trichup,Масло и крем для волос,200 мл
8904023013882,Trichup,"Бальзам, кондиционер, ополаскиватель",200 мл
8904023014384,Trichup,Шампунь,200 мл
8904023014391,Trichup,Шампунь,400 мл
8904023014414,Trichup,Шампунь,200 мл
8904023014421,Trichup,Шампунь,400 мл
8904023014445,Trichup,Шампунь,200 мл
8904023014513,Trichup,Шампунь,400 мл
8908001053044,No Brand,Краска для волос,60 г
8908001053051,No Brand,Краска для волос,60 г
8999999580742,Rexona,"Дезодорант, антиперспирант",45 мл
8999999594268,Rexona,"Дезодорант, антиперспирант",45 мл
9008990052215,Mozart House,Кусачки и книпсеры,
9008990052413,Mozart House,Кусачки и книпсеры,
